anomaly_id,node_id,schema_version,rule,window_start,window_end,decision,reason_code,candidate_change_ids,candidate_categories,top_score,second_score,lineage_path,breakpoints,triage_note,evidence
ANOM000001,N002,SCHEMA_V1,MISSING_RATE_SHIFT,2025-03-03T08:00:00Z,2025-03-27T16:00:00Z,TRIAGE,,C0005,EXTRACTION_FAILURE,16.2667,,N006|N001|N002,,TRIAGE recommends human review of the listed candidate changes and categories. It does not assert that the change caused the anomaly.,"{""runner_up"":null,""selected"":{""affected_nodes"":[""N002""],""category"":""EXTRACTION_FAILURE"",""change_id"":""C0005"",""path"":[""N006"",""N001"",""N002""],""score"":16.2667,""terms"":{""affected_span_bonus"":1.0,""counter_example_penalty"":-0.0,""days_before_window_start"":-16.67,""lineage_path_association"":2.0,""matched_symptom"":true,""missing_pattern_alignment"":1.0,""node_distance_penalty"":-0.4,""normal_change_control"":false,""refs"":{""change_id"":""C0005"",""counter_examples"":[],""effective_at"":""2025-03-20T00:00:00Z"",""path"":[""N006"",""N001"",""N002""]},""symptom_type_match"":9.0,""symptom_weight_raw"":3.0,""time_proximity"":1.6667,""time_validity"":2.0,""total"":16.2667}},""supporting_source_indices"":{""change_ids"":[""C0005""],""lineage_edges"":[{""confirmed_by"":""SYSTEMS_ARCHITECT_02"",""from_node"":""N001"",""rule_version"":""r1"",""source_file"":""registry/field_lineage_vr1.md"",""to_node"":""N002"",""transform_id"":""T_PARSE_RESULT"",""valid_from"":""2025-01-10T00:00:00Z"",""valid_to"":""2025-06-01T05:00:00Z""},{""confirmed_by"":""INTERFACE_OWNER_01"",""from_node"":""N006"",""rule_version"":""r1"",""source_file"":""registry/field_lineage_vr1.md"",""to_node"":""N001"",""transform_id"":""T_RAW_UNIT_CTX"",""valid_from"":""2025-01-10T00:00:00Z"",""valid_to"":""""}],""raw_observation_indices"":[8,9,10,11,12,13,14,15]}}"
ANOM000002,N002,SCHEMA_V1,MISSING_RATE_SHIFT,2025-03-17T08:00:00Z,2025-04-10T16:00:00Z,TRIAGE,,C0005,EXTRACTION_FAILURE,15.7067,,N006|N001|N002,,TRIAGE recommends human review of the listed candidate changes and categories. It does not assert that the change caused the anomaly.,"{""runner_up"":null,""selected"":{""affected_nodes"":[""N002""],""category"":""EXTRACTION_FAILURE"",""change_id"":""C0005"",""path"":[""N006"",""N001"",""N002""],""score"":15.7067,""terms"":{""affected_span_bonus"":1.0,""counter_example_penalty"":-0.0,""days_before_window_start"":-2.67,""lineage_path_association"":2.0,""matched_symptom"":true,""missing_pattern_alignment"":1.0,""node_distance_penalty"":-0.4,""normal_change_control"":false,""refs"":{""change_id"":""C0005"",""counter_examples"":[],""effective_at"":""2025-03-20T00:00:00Z"",""path"":[""N006"",""N001"",""N002""]},""symptom_type_match"":9.0,""symptom_weight_raw"":3.0,""time_proximity"":1.1067,""time_validity"":2.0,""total"":15.7067}},""supporting_source_indices"":{""change_ids"":[""C0005""],""lineage_edges"":[{""confirmed_by"":""SYSTEMS_ARCHITECT_02"",""from_node"":""N001"",""rule_version"":""r1"",""source_file"":""registry/field_lineage_vr1.md"",""to_node"":""N002"",""transform_id"":""T_PARSE_RESULT"",""valid_from"":""2025-01-10T00:00:00Z"",""valid_to"":""2025-06-01T05:00:00Z""},{""confirmed_by"":""INTERFACE_OWNER_01"",""from_node"":""N006"",""rule_version"":""r1"",""source_file"":""registry/field_lineage_vr1.md"",""to_node"":""N001"",""transform_id"":""T_RAW_UNIT_CTX"",""valid_from"":""2025-01-10T00:00:00Z"",""valid_to"":""""}],""raw_observation_indices"":[12,13,14,15,16,17,18,19]}}"
ANOM000003,N002,SCHEMA_V1,MISSING_RATE_SHIFT,2025-03-31T08:00:00Z,2025-04-24T16:00:00Z,TRIAGE,,C0005,EXTRACTION_FAILURE,15.1467,,N006|N001|N002,,TRIAGE recommends human review of the listed candidate changes and categories. It does not assert that the change caused the anomaly.,"{""runner_up"":null,""selected"":{""affected_nodes"":[""N002""],""category"":""EXTRACTION_FAILURE"",""change_id"":""C0005"",""path"":[""N006"",""N001"",""N002""],""score"":15.1467,""terms"":{""affected_span_bonus"":1.0,""counter_example_penalty"":-0.0,""days_before_window_start"":11.33,""lineage_path_association"":2.0,""matched_symptom"":true,""missing_pattern_alignment"":1.0,""node_distance_penalty"":-0.4,""normal_change_control"":false,""refs"":{""change_id"":""C0005"",""counter_examples"":[],""effective_at"":""2025-03-20T00:00:00Z"",""path"":[""N006"",""N001"",""N002""]},""symptom_type_match"":9.0,""symptom_weight_raw"":3.0,""time_proximity"":0.5467,""time_validity"":2.0,""total"":15.1467}},""supporting_source_indices"":{""change_ids"":[""C0005""],""lineage_edges"":[{""confirmed_by"":""SYSTEMS_ARCHITECT_02"",""from_node"":""N001"",""rule_version"":""r1"",""source_file"":""registry/field_lineage_vr1.md"",""to_node"":""N002"",""transform_id"":""T_PARSE_RESULT"",""valid_from"":""2025-01-10T00:00:00Z"",""valid_to"":""2025-06-01T05:00:00Z""},{""confirmed_by"":""INTERFACE_OWNER_01"",""from_node"":""N006"",""rule_version"":""r1"",""source_file"":""registry/field_lineage_vr1.md"",""to_node"":""N001"",""transform_id"":""T_RAW_UNIT_CTX"",""valid_from"":""2025-01-10T00:00:00Z"",""valid_to"":""""}],""raw_observation_indices"":[16,17,18,19,20,21,22,23]}}"
ANOM000004,N005,SCHEMA_V1,FORMAT_VIOLATION,2025-02-01T16:00:00Z,2025-02-27T16:00:00Z,TRIAGE,,C0002,INTERFACE_MAPPING_ERROR,10.8533,,N006|N001|N002|N003|N004|N005,,TRIAGE recommends human review of the listed candidate changes and categories. It does not assert that the change caused the anomaly.,"{""runner_up"":null,""selected"":{""affected_nodes"":[""N004""],""category"":""INTERFACE_MAPPING_ERROR"",""change_id"":""C0002"",""path"":[""N006"",""N001"",""N002"",""N003"",""N004"",""N005""],""score"":10.8533,""terms"":{""affected_span_bonus"":0.0,""counter_example_penalty"":-0.0,""days_before_window_start"":-16.33,""lineage_path_association"":2.0,""matched_symptom"":true,""missing_pattern_alignment"":0.0,""node_distance_penalty"":-0.8,""normal_change_control"":false,""refs"":{""change_id"":""C0002"",""counter_examples"":[],""effective_at"":""2025-02-18T00:00:00Z"",""path"":[""N006"",""N001"",""N002"",""N003"",""N004"",""N005""]},""symptom_type_match"":6.0,""symptom_weight_raw"":2.0,""time_proximity"":1.6533,""time_validity"":2.0,""total"":10.8533}},""supporting_source_indices"":{""change_ids"":[""C0002""],""lineage_edges"":[{""confirmed_by"":""SYSTEMS_ARCHITECT_01"",""from_node"":""N004"",""rule_version"":""r1"",""source_file"":""registry/field_lineage_vr1.md"",""to_node"":""N005"",""transform_id"":""T_RENDER_RESULT"",""valid_from"":""2025-01-10T00:00:00Z"",""valid_to"":""2025-06-01T05:00:00Z""},{""confirmed_by"":""ETL_OWNER_01"",""from_node"":""N003"",""rule_version"":""r1"",""source_file"":""registry/field_lineage_vr1.md"",""to_node"":""N004"",""transform_id"":""T_IFACE_RESULT"",""valid_from"":""2025-01-10T00:00:00Z"",""valid_to"":""2025-06-01T05:00:00Z""},{""confirmed_by"":""INTERFACE_OWNER_01"",""from_node"":""N002"",""rule_version"":""r1"",""source_file"":""registry/field_lineage_vr1.md"",""to_node"":""N003"",""transform_id"":""T_STORE_RESULT"",""valid_from"":""2025-01-10T00:00:00Z"",""valid_to"":""2025-06-01T05:00:00Z""},{""confirmed_by"":""SYSTEMS_ARCHITECT_02"",""from_node"":""N001"",""rule_version"":""r1"",""source_file"":""registry/field_lineage_vr1.md"",""to_node"":""N002"",""transform_id"":""T_PARSE_RESULT"",""valid_from"":""2025-01-10T00:00:00Z"",""valid_to"":""2025-06-01T05:00:00Z""},{""confirmed_by"":""INTERFACE_OWNER_01"",""from_node"":""N006"",""rule_version"":""r1"",""source_file"":""registry/field_lineage_vr1.md"",""to_node"":""N001"",""transform_id"":""T_RAW_UNIT_CTX"",""valid_from"":""2025-01-10T00:00:00Z"",""valid_to"":""""}],""raw_observation_indices"":[40,41]}}"
ANOM000005,N005,SCHEMA_V1,FORMAT_VIOLATION,2025-02-17T08:00:00Z,2025-03-13T16:00:00Z,TRIAGE,,C0002,INTERFACE_MAPPING_ERROR,10.2267,,N006|N001|N002|N003|N004|N005,,TRIAGE recommends human review of the listed candidate changes and categories. It does not assert that the change caused the anomaly.,"{""runner_up"":null,""selected"":{""affected_nodes"":[""N004""],""category"":""INTERFACE_MAPPING_ERROR"",""change_id"":""C0002"",""path"":[""N006"",""N001"",""N002"",""N003"",""N004"",""N005""],""score"":10.2267,""terms"":{""affected_span_bonus"":0.0,""counter_example_penalty"":-0.0,""days_before_window_start"":-0.67,""lineage_path_association"":2.0,""matched_symptom"":true,""missing_pattern_alignment"":0.0,""node_distance_penalty"":-0.8,""normal_change_control"":false,""refs"":{""change_id"":""C0002"",""counter_examples"":[],""effective_at"":""2025-02-18T00:00:00Z"",""path"":[""N006"",""N001"",""N002"",""N003"",""N004"",""N005""]},""symptom_type_match"":6.0,""symptom_weight_raw"":2.0,""time_proximity"":1.0267,""time_validity"":2.0,""total"":10.2267}},""supporting_source_indices"":{""change_ids"":[""C0002""],""lineage_edges"":[{""confirmed_by"":""SYSTEMS_ARCHITECT_01"",""from_node"":""N004"",""rule_version"":""r1"",""source_file"":""registry/field_lineage_vr1.md"",""to_node"":""N005"",""transform_id"":""T_RENDER_RESULT"",""valid_from"":""2025-01-10T00:00:00Z"",""valid_to"":""2025-06-01T05:00:00Z""},{""confirmed_by"":""ETL_OWNER_01"",""from_node"":""N003"",""rule_version"":""r1"",""source_file"":""registry/field_lineage_vr1.md"",""to_node"":""N004"",""transform_id"":""T_IFACE_RESULT"",""valid_from"":""2025-01-10T00:00:00Z"",""valid_to"":""2025-06-01T05:00:00Z""},{""confirmed_by"":""INTERFACE_OWNER_01"",""from_node"":""N002"",""rule_version"":""r1"",""source_file"":""registry/field_lineage_vr1.md"",""to_node"":""N003"",""transform_id"":""T_STORE_RESULT"",""valid_from"":""2025-01-10T00:00:00Z"",""valid_to"":""2025-06-01T05:00:00Z""},{""confirmed_by"":""SYSTEMS_ARCHITECT_02"",""from_node"":""N001"",""rule_version"":""r1"",""source_file"":""registry/field_lineage_vr1.md"",""to_node"":""N002"",""transform_id"":""T_PARSE_RESULT"",""valid_from"":""2025-01-10T00:00:00Z"",""valid_to"":""2025-06-01T05:00:00Z""},{""confirmed_by"":""INTERFACE_OWNER_01"",""from_node"":""N006"",""rule_version"":""r1"",""source_file"":""registry/field_lineage_vr1.md"",""to_node"":""N001"",""transform_id"":""T_RAW_UNIT_CTX"",""valid_from"":""2025-01-10T00:00:00Z"",""valid_to"":""""}],""raw_observation_indices"":[40,41]}}"
ANOM000006,N005,SCHEMA_V1,RANGE_VIOLATION,2025-02-17T08:00:00Z,2025-03-13T16:00:00Z,TRIAGE,,C0002,INTERFACE_MAPPING_ERROR,10.2267,,N006|N001|N002|N003|N004|N005,,TRIAGE recommends human review of the listed candidate changes and categories. It does not assert that the change caused the anomaly.,"{""runner_up"":null,""selected"":{""affected_nodes"":[""N004""],""category"":""INTERFACE_MAPPING_ERROR"",""change_id"":""C0002"",""path"":[""N006"",""N001"",""N002"",""N003"",""N004"",""N005""],""score"":10.2267,""terms"":{""affected_span_bonus"":0.0,""counter_example_penalty"":-0.0,""days_before_window_start"":-0.67,""lineage_path_association"":2.0,""matched_symptom"":true,""missing_pattern_alignment"":0.0,""node_distance_penalty"":-0.8,""normal_change_control"":false,""refs"":{""change_id"":""C0002"",""counter_examples"":[],""effective_at"":""2025-02-18T00:00:00Z"",""path"":[""N006"",""N001"",""N002"",""N003"",""N004"",""N005""]},""symptom_type_match"":6.0,""symptom_weight_raw"":2.0,""time_proximity"":1.0267,""time_validity"":2.0,""total"":10.2267}},""supporting_source_indices"":{""change_ids"":[""C0002""],""lineage_edges"":[{""confirmed_by"":""SYSTEMS_ARCHITECT_01"",""from_node"":""N004"",""rule_version"":""r1"",""source_file"":""registry/field_lineage_vr1.md"",""to_node"":""N005"",""transform_id"":""T_RENDER_RESULT"",""valid_from"":""2025-01-10T00:00:00Z"",""valid_to"":""2025-06-01T05:00:00Z""},{""confirmed_by"":""ETL_OWNER_01"",""from_node"":""N003"",""rule_version"":""r1"",""source_file"":""registry/field_lineage_vr1.md"",""to_node"":""N004"",""transform_id"":""T_IFACE_RESULT"",""valid_from"":""2025-01-10T00:00:00Z"",""valid_to"":""2025-06-01T05:00:00Z""},{""confirmed_by"":""INTERFACE_OWNER_01"",""from_node"":""N002"",""rule_version"":""r1"",""source_file"":""registry/field_lineage_vr1.md"",""to_node"":""N003"",""transform_id"":""T_STORE_RESULT"",""valid_from"":""2025-01-10T00:00:00Z"",""valid_to"":""2025-06-01T05:00:00Z""},{""confirmed_by"":""SYSTEMS_ARCHITECT_02"",""from_node"":""N001"",""rule_version"":""r1"",""source_file"":""registry/field_lineage_vr1.md"",""to_node"":""N002"",""transform_id"":""T_PARSE_RESULT"",""valid_from"":""2025-01-10T00:00:00Z"",""valid_to"":""2025-06-01T05:00:00Z""},{""confirmed_by"":""INTERFACE_OWNER_01"",""from_node"":""N006"",""rule_version"":""r1"",""source_file"":""registry/field_lineage_vr1.md"",""to_node"":""N001"",""transform_id"":""T_RAW_UNIT_CTX"",""valid_from"":""2025-01-10T00:00:00Z"",""valid_to"":""""}],""raw_observation_indices"":[42]}}"
ANOM000007,N005,SCHEMA_V1,CHANGE_POINT,2025-02-17T08:00:00Z,2025-03-13T16:00:00Z,TRIAGE,,C0002,INTERFACE_MAPPING_ERROR,7.2267,,N006|N001|N002|N003|N004|N005,,TRIAGE recommends human review of the listed candidate changes and categories. It does not assert that the change caused the anomaly.,"{""runner_up"":null,""selected"":{""affected_nodes"":[""N004""],""category"":""INTERFACE_MAPPING_ERROR"",""change_id"":""C0002"",""path"":[""N006"",""N001"",""N002"",""N003"",""N004"",""N005""],""score"":7.2267,""terms"":{""affected_span_bonus"":0.0,""counter_example_penalty"":-0.0,""days_before_window_start"":-0.67,""lineage_path_association"":2.0,""matched_symptom"":true,""missing_pattern_alignment"":0.0,""node_distance_penalty"":-0.8,""normal_change_control"":false,""refs"":{""change_id"":""C0002"",""counter_examples"":[],""effective_at"":""2025-02-18T00:00:00Z"",""path"":[""N006"",""N001"",""N002"",""N003"",""N004"",""N005""]},""symptom_type_match"":3.0,""symptom_weight_raw"":1.0,""time_proximity"":1.0267,""time_validity"":2.0,""total"":7.2267}},""supporting_source_indices"":{""change_ids"":[""C0002""],""lineage_edges"":[{""confirmed_by"":""SYSTEMS_ARCHITECT_01"",""from_node"":""N004"",""rule_version"":""r1"",""source_file"":""registry/field_lineage_vr1.md"",""to_node"":""N005"",""transform_id"":""T_RENDER_RESULT"",""valid_from"":""2025-01-10T00:00:00Z"",""valid_to"":""2025-06-01T05:00:00Z""},{""confirmed_by"":""ETL_OWNER_01"",""from_node"":""N003"",""rule_version"":""r1"",""source_file"":""registry/field_lineage_vr1.md"",""to_node"":""N004"",""transform_id"":""T_IFACE_RESULT"",""valid_from"":""2025-01-10T00:00:00Z"",""valid_to"":""2025-06-01T05:00:00Z""},{""confirmed_by"":""INTERFACE_OWNER_01"",""from_node"":""N002"",""rule_version"":""r1"",""source_file"":""registry/field_lineage_vr1.md"",""to_node"":""N003"",""transform_id"":""T_STORE_RESULT"",""valid_from"":""2025-01-10T00:00:00Z"",""valid_to"":""2025-06-01T05:00:00Z""},{""confirmed_by"":""SYSTEMS_ARCHITECT_02"",""from_node"":""N001"",""rule_version"":""r1"",""source_file"":""registry/field_lineage_vr1.md"",""to_node"":""N002"",""transform_id"":""T_PARSE_RESULT"",""valid_from"":""2025-01-10T00:00:00Z"",""valid_to"":""2025-06-01T05:00:00Z""},{""confirmed_by"":""INTERFACE_OWNER_01"",""from_node"":""N006"",""rule_version"":""r1"",""source_file"":""registry/field_lineage_vr1.md"",""to_node"":""N001"",""transform_id"":""T_RAW_UNIT_CTX"",""valid_from"":""2025-01-10T00:00:00Z"",""valid_to"":""""}],""raw_observation_indices"":[38,39,40,41,42,43,44,45]}}"
ANOM000008,N005,SCHEMA_V1,FORMAT_VIOLATION,2025-03-03T08:00:00Z,2025-03-27T16:00:00Z,TRIAGE,,C0003,INTERFACE_MAPPING_ERROR,10.6267,9.6667,N006|N001|N002|N003|N004|N005,,TRIAGE recommends human review of the listed candidate changes and categories. It does not assert that the change caused the anomaly.,"{""runner_up"":{""category"":""INTERFACE_MAPPING_ERROR"",""change_id"":""C0002"",""score"":9.6667},""selected"":{""affected_nodes"":[""N004""],""category"":""INTERFACE_MAPPING_ERROR"",""change_id"":""C0003"",""path"":[""N006"",""N001"",""N002"",""N003"",""N004"",""N005""],""score"":10.6267,""terms"":{""affected_span_bonus"":0.0,""counter_example_penalty"":-0.0,""days_before_window_start"":-10.67,""lineage_path_association"":2.0,""matched_symptom"":true,""missing_pattern_alignment"":0.0,""node_distance_penalty"":-0.8,""normal_change_control"":false,""refs"":{""change_id"":""C0003"",""counter_examples"":[],""effective_at"":""2025-03-14T00:00:00Z"",""path"":[""N006"",""N001"",""N002"",""N003"",""N004"",""N005""]},""symptom_type_match"":6.0,""symptom_weight_raw"":2.0,""time_proximity"":1.4267,""time_validity"":2.0,""total"":10.6267}},""supporting_source_indices"":{""change_ids"":[""C0003""],""lineage_edges"":[{""confirmed_by"":""SYSTEMS_ARCHITECT_01"",""from_node"":""N004"",""rule_version"":""r1"",""source_file"":""registry/field_lineage_vr1.md"",""to_node"":""N005"",""transform_id"":""T_RENDER_RESULT"",""valid_from"":""2025-01-10T00:00:00Z"",""valid_to"":""2025-06-01T05:00:00Z""},{""confirmed_by"":""ETL_OWNER_01"",""from_node"":""N003"",""rule_version"":""r1"",""source_file"":""registry/field_lineage_vr1.md"",""to_node"":""N004"",""transform_id"":""T_IFACE_RESULT"",""valid_from"":""2025-01-10T00:00:00Z"",""valid_to"":""2025-06-01T05:00:00Z""},{""confirmed_by"":""INTERFACE_OWNER_01"",""from_node"":""N002"",""rule_version"":""r1"",""source_file"":""registry/field_lineage_vr1.md"",""to_node"":""N003"",""transform_id"":""T_STORE_RESULT"",""valid_from"":""2025-01-10T00:00:00Z"",""valid_to"":""2025-06-01T05:00:00Z""},{""confirmed_by"":""SYSTEMS_ARCHITECT_02"",""from_node"":""N001"",""rule_version"":""r1"",""source_file"":""registry/field_lineage_vr1.md"",""to_node"":""N002"",""transform_id"":""T_PARSE_RESULT"",""valid_from"":""2025-01-10T00:00:00Z"",""valid_to"":""2025-06-01T05:00:00Z""},{""confirmed_by"":""INTERFACE_OWNER_01"",""from_node"":""N006"",""rule_version"":""r1"",""source_file"":""registry/field_lineage_vr1.md"",""to_node"":""N001"",""transform_id"":""T_RAW_UNIT_CTX"",""valid_from"":""2025-01-10T00:00:00Z"",""valid_to"":""""}],""raw_observation_indices"":[47,48]}}"
ANOM000009,N005,SCHEMA_V1,RANGE_VIOLATION,2025-03-03T08:00:00Z,2025-03-27T16:00:00Z,TRIAGE,,C0003,INTERFACE_MAPPING_ERROR,10.6267,9.6667,N006|N001|N002|N003|N004|N005,,TRIAGE recommends human review of the listed candidate changes and categories. It does not assert that the change caused the anomaly.,"{""runner_up"":{""category"":""INTERFACE_MAPPING_ERROR"",""change_id"":""C0002"",""score"":9.6667},""selected"":{""affected_nodes"":[""N004""],""category"":""INTERFACE_MAPPING_ERROR"",""change_id"":""C0003"",""path"":[""N006"",""N001"",""N002"",""N003"",""N004"",""N005""],""score"":10.6267,""terms"":{""affected_span_bonus"":0.0,""counter_example_penalty"":-0.0,""days_before_window_start"":-10.67,""lineage_path_association"":2.0,""matched_symptom"":true,""missing_pattern_alignment"":0.0,""node_distance_penalty"":-0.8,""normal_change_control"":false,""refs"":{""change_id"":""C0003"",""counter_examples"":[],""effective_at"":""2025-03-14T00:00:00Z"",""path"":[""N006"",""N001"",""N002"",""N003"",""N004"",""N005""]},""symptom_type_match"":6.0,""symptom_weight_raw"":2.0,""time_proximity"":1.4267,""time_validity"":2.0,""total"":10.6267}},""supporting_source_indices"":{""change_ids"":[""C0003""],""lineage_edges"":[{""confirmed_by"":""SYSTEMS_ARCHITECT_01"",""from_node"":""N004"",""rule_version"":""r1"",""source_file"":""registry/field_lineage_vr1.md"",""to_node"":""N005"",""transform_id"":""T_RENDER_RESULT"",""valid_from"":""2025-01-10T00:00:00Z"",""valid_to"":""2025-06-01T05:00:00Z""},{""confirmed_by"":""ETL_OWNER_01"",""from_node"":""N003"",""rule_version"":""r1"",""source_file"":""registry/field_lineage_vr1.md"",""to_node"":""N004"",""transform_id"":""T_IFACE_RESULT"",""valid_from"":""2025-01-10T00:00:00Z"",""valid_to"":""2025-06-01T05:00:00Z""},{""confirmed_by"":""INTERFACE_OWNER_01"",""from_node"":""N002"",""rule_version"":""r1"",""source_file"":""registry/field_lineage_vr1.md"",""to_node"":""N003"",""transform_id"":""T_STORE_RESULT"",""valid_from"":""2025-01-10T00:00:00Z"",""valid_to"":""2025-06-01T05:00:00Z""},{""confirmed_by"":""SYSTEMS_ARCHITECT_02"",""from_node"":""N001"",""rule_version"":""r1"",""source_file"":""registry/field_lineage_vr1.md"",""to_node"":""N002"",""transform_id"":""T_PARSE_RESULT"",""valid_from"":""2025-01-10T00:00:00Z"",""valid_to"":""2025-06-01T05:00:00Z""},{""confirmed_by"":""INTERFACE_OWNER_01"",""from_node"":""N006"",""rule_version"":""r1"",""source_file"":""registry/field_lineage_vr1.md"",""to_node"":""N001"",""transform_id"":""T_RAW_UNIT_CTX"",""valid_from"":""2025-01-10T00:00:00Z"",""valid_to"":""""}],""raw_observation_indices"":[42,49]}}"
ANOM000010,N005,SCHEMA_V1,FORMAT_VIOLATION,2025-03-17T08:00:00Z,2025-04-10T16:00:00Z,TRIAGE,,C0004,INTERFACE_MAPPING_ERROR,11.0267,10.0667,N006|N001|N002|N003|N004|N005,,TRIAGE recommends human review of the listed candidate changes and categories. It does not assert that the change caused the anomaly.,"{""runner_up"":{""category"":""INTERFACE_MAPPING_ERROR"",""change_id"":""C0003"",""score"":10.0667},""selected"":{""affected_nodes"":[""N004""],""category"":""INTERFACE_MAPPING_ERROR"",""change_id"":""C0004"",""path"":[""N006"",""N001"",""N002"",""N003"",""N004"",""N005""],""score"":11.0267,""terms"":{""affected_span_bonus"":0.0,""counter_example_penalty"":-0.0,""days_before_window_start"":-20.67,""lineage_path_association"":2.0,""matched_symptom"":true,""missing_pattern_alignment"":0.0,""node_distance_penalty"":-0.8,""normal_change_control"":false,""refs"":{""change_id"":""C0004"",""counter_examples"":[],""effective_at"":""2025-04-07T00:00:00Z"",""path"":[""N006"",""N001"",""N002"",""N003"",""N004"",""N005""]},""symptom_type_match"":6.0,""symptom_weight_raw"":2.0,""time_proximity"":1.8267,""time_validity"":2.0,""total"":11.0267}},""supporting_source_indices"":{""change_ids"":[""C0004""],""lineage_edges"":[{""confirmed_by"":""SYSTEMS_ARCHITECT_01"",""from_node"":""N004"",""rule_version"":""r1"",""source_file"":""registry/field_lineage_vr1.md"",""to_node"":""N005"",""transform_id"":""T_RENDER_RESULT"",""valid_from"":""2025-01-10T00:00:00Z"",""valid_to"":""2025-06-01T05:00:00Z""},{""confirmed_by"":""ETL_OWNER_01"",""from_node"":""N003"",""rule_version"":""r1"",""source_file"":""registry/field_lineage_vr1.md"",""to_node"":""N004"",""transform_id"":""T_IFACE_RESULT"",""valid_from"":""2025-01-10T00:00:00Z"",""valid_to"":""2025-06-01T05:00:00Z""},{""confirmed_by"":""INTERFACE_OWNER_01"",""from_node"":""N002"",""rule_version"":""r1"",""source_file"":""registry/field_lineage_vr1.md"",""to_node"":""N003"",""transform_id"":""T_STORE_RESULT"",""valid_from"":""2025-01-10T00:00:00Z"",""valid_to"":""2025-06-01T05:00:00Z""},{""confirmed_by"":""SYSTEMS_ARCHITECT_02"",""from_node"":""N001"",""rule_version"":""r1"",""source_file"":""registry/field_lineage_vr1.md"",""to_node"":""N002"",""transform_id"":""T_PARSE_RESULT"",""valid_from"":""2025-01-10T00:00:00Z"",""valid_to"":""2025-06-01T05:00:00Z""},{""confirmed_by"":""INTERFACE_OWNER_01"",""from_node"":""N006"",""rule_version"":""r1"",""source_file"":""registry/field_lineage_vr1.md"",""to_node"":""N001"",""transform_id"":""T_RAW_UNIT_CTX"",""valid_from"":""2025-01-10T00:00:00Z"",""valid_to"":""""}],""raw_observation_indices"":[47,48]}}"
ANOM000011,N005,SCHEMA_V1,RANGE_VIOLATION,2025-03-17T08:00:00Z,2025-04-10T16:00:00Z,TRIAGE,,C0004,INTERFACE_MAPPING_ERROR,11.0267,10.0667,N006|N001|N002|N003|N004|N005,,TRIAGE recommends human review of the listed candidate changes and categories. It does not assert that the change caused the anomaly.,"{""runner_up"":{""category"":""INTERFACE_MAPPING_ERROR"",""change_id"":""C0003"",""score"":10.0667},""selected"":{""affected_nodes"":[""N004""],""category"":""INTERFACE_MAPPING_ERROR"",""change_id"":""C0004"",""path"":[""N006"",""N001"",""N002"",""N003"",""N004"",""N005""],""score"":11.0267,""terms"":{""affected_span_bonus"":0.0,""counter_example_penalty"":-0.0,""days_before_window_start"":-20.67,""lineage_path_association"":2.0,""matched_symptom"":true,""missing_pattern_alignment"":0.0,""node_distance_penalty"":-0.8,""normal_change_control"":false,""refs"":{""change_id"":""C0004"",""counter_examples"":[],""effective_at"":""2025-04-07T00:00:00Z"",""path"":[""N006"",""N001"",""N002"",""N003"",""N004"",""N005""]},""symptom_type_match"":6.0,""symptom_weight_raw"":2.0,""time_proximity"":1.8267,""time_validity"":2.0,""total"":11.0267}},""supporting_source_indices"":{""change_ids"":[""C0004""],""lineage_edges"":[{""confirmed_by"":""SYSTEMS_ARCHITECT_01"",""from_node"":""N004"",""rule_version"":""r1"",""source_file"":""registry/field_lineage_vr1.md"",""to_node"":""N005"",""transform_id"":""T_RENDER_RESULT"",""valid_from"":""2025-01-10T00:00:00Z"",""valid_to"":""2025-06-01T05:00:00Z""},{""confirmed_by"":""ETL_OWNER_01"",""from_node"":""N003"",""rule_version"":""r1"",""source_file"":""registry/field_lineage_vr1.md"",""to_node"":""N004"",""transform_id"":""T_IFACE_RESULT"",""valid_from"":""2025-01-10T00:00:00Z"",""valid_to"":""2025-06-01T05:00:00Z""},{""confirmed_by"":""INTERFACE_OWNER_01"",""from_node"":""N002"",""rule_version"":""r1"",""source_file"":""registry/field_lineage_vr1.md"",""to_node"":""N003"",""transform_id"":""T_STORE_RESULT"",""valid_from"":""2025-01-10T00:00:00Z"",""valid_to"":""2025-06-01T05:00:00Z""},{""confirmed_by"":""SYSTEMS_ARCHITECT_02"",""from_node"":""N001"",""rule_version"":""r1"",""source_file"":""registry/field_lineage_vr1.md"",""to_node"":""N002"",""transform_id"":""T_PARSE_RESULT"",""valid_from"":""2025-01-10T00:00:00Z"",""valid_to"":""2025-06-01T05:00:00Z""},{""confirmed_by"":""INTERFACE_OWNER_01"",""from_node"":""N006"",""rule_version"":""r1"",""source_file"":""registry/field_lineage_vr1.md"",""to_node"":""N001"",""transform_id"":""T_RAW_UNIT_CTX"",""valid_from"":""2025-01-10T00:00:00Z"",""valid_to"":""""}],""raw_observation_indices"":[49]}}"
ANOM000012,N005,SCHEMA_V1,CHANGE_POINT,2025-03-17T08:00:00Z,2025-04-10T16:00:00Z,TRIAGE,,C0004,INTERFACE_MAPPING_ERROR,8.0267,7.0667,N006|N001|N002|N003|N004|N005,,TRIAGE recommends human review of the listed candidate changes and categories. It does not assert that the change caused the anomaly.,"{""runner_up"":{""category"":""INTERFACE_MAPPING_ERROR"",""change_id"":""C0003"",""score"":7.0667},""selected"":{""affected_nodes"":[""N004""],""category"":""INTERFACE_MAPPING_ERROR"",""change_id"":""C0004"",""path"":[""N006"",""N001"",""N002"",""N003"",""N004"",""N005""],""score"":8.0267,""terms"":{""affected_span_bonus"":0.0,""counter_example_penalty"":-0.0,""days_before_window_start"":-20.67,""lineage_path_association"":2.0,""matched_symptom"":true,""missing_pattern_alignment"":0.0,""node_distance_penalty"":-0.8,""normal_change_control"":false,""refs"":{""change_id"":""C0004"",""counter_examples"":[],""effective_at"":""2025-04-07T00:00:00Z"",""path"":[""N006"",""N001"",""N002"",""N003"",""N004"",""N005""]},""symptom_type_match"":3.0,""symptom_weight_raw"":1.0,""time_proximity"":1.8267,""time_validity"":2.0,""total"":8.0267}},""supporting_source_indices"":{""change_ids"":[""C0004""],""lineage_edges"":[{""confirmed_by"":""SYSTEMS_ARCHITECT_01"",""from_node"":""N004"",""rule_version"":""r1"",""source_file"":""registry/field_lineage_vr1.md"",""to_node"":""N005"",""transform_id"":""T_RENDER_RESULT"",""valid_from"":""2025-01-10T00:00:00Z"",""valid_to"":""2025-06-01T05:00:00Z""},{""confirmed_by"":""ETL_OWNER_01"",""from_node"":""N003"",""rule_version"":""r1"",""source_file"":""registry/field_lineage_vr1.md"",""to_node"":""N004"",""transform_id"":""T_IFACE_RESULT"",""valid_from"":""2025-01-10T00:00:00Z"",""valid_to"":""2025-06-01T05:00:00Z""},{""confirmed_by"":""INTERFACE_OWNER_01"",""from_node"":""N002"",""rule_version"":""r1"",""source_file"":""registry/field_lineage_vr1.md"",""to_node"":""N003"",""transform_id"":""T_STORE_RESULT"",""valid_from"":""2025-01-10T00:00:00Z"",""valid_to"":""2025-06-01T05:00:00Z""},{""confirmed_by"":""SYSTEMS_ARCHITECT_02"",""from_node"":""N001"",""rule_version"":""r1"",""source_file"":""registry/field_lineage_vr1.md"",""to_node"":""N002"",""transform_id"":""T_PARSE_RESULT"",""valid_from"":""2025-01-10T00:00:00Z"",""valid_to"":""2025-06-01T05:00:00Z""},{""confirmed_by"":""INTERFACE_OWNER_01"",""from_node"":""N006"",""rule_version"":""r1"",""source_file"":""registry/field_lineage_vr1.md"",""to_node"":""N001"",""transform_id"":""T_RAW_UNIT_CTX"",""valid_from"":""2025-01-10T00:00:00Z"",""valid_to"":""""}],""raw_observation_indices"":[46,47,48,49,50,51,52,53]}}"
ANOM000013,N005,SCHEMA_V1,FORMAT_VIOLATION,2025-03-31T08:00:00Z,2025-04-24T16:00:00Z,TRIAGE,,C0004,INTERFACE_MAPPING_ERROR,10.4667,9.5067,N006|N001|N002|N003|N004|N005,,TRIAGE recommends human review of the listed candidate changes and categories. It does not assert that the change caused the anomaly.,"{""runner_up"":{""category"":""INTERFACE_MAPPING_ERROR"",""change_id"":""C0003"",""score"":9.5067},""selected"":{""affected_nodes"":[""N004""],""category"":""INTERFACE_MAPPING_ERROR"",""change_id"":""C0004"",""path"":[""N006"",""N001"",""N002"",""N003"",""N004"",""N005""],""score"":10.4667,""terms"":{""affected_span_bonus"":0.0,""counter_example_penalty"":-0.0,""days_before_window_start"":-6.67,""lineage_path_association"":2.0,""matched_symptom"":true,""missing_pattern_alignment"":0.0,""node_distance_penalty"":-0.8,""normal_change_control"":false,""refs"":{""change_id"":""C0004"",""counter_examples"":[],""effective_at"":""2025-04-07T00:00:00Z"",""path"":[""N006"",""N001"",""N002"",""N003"",""N004"",""N005""]},""symptom_type_match"":6.0,""symptom_weight_raw"":2.0,""time_proximity"":1.2667,""time_validity"":2.0,""total"":10.4667}},""supporting_source_indices"":{""change_ids"":[""C0004""],""lineage_edges"":[{""confirmed_by"":""SYSTEMS_ARCHITECT_01"",""from_node"":""N004"",""rule_version"":""r1"",""source_file"":""registry/field_lineage_vr1.md"",""to_node"":""N005"",""transform_id"":""T_RENDER_RESULT"",""valid_from"":""2025-01-10T00:00:00Z"",""valid_to"":""2025-06-01T05:00:00Z""},{""confirmed_by"":""ETL_OWNER_01"",""from_node"":""N003"",""rule_version"":""r1"",""source_file"":""registry/field_lineage_vr1.md"",""to_node"":""N004"",""transform_id"":""T_IFACE_RESULT"",""valid_from"":""2025-01-10T00:00:00Z"",""valid_to"":""2025-06-01T05:00:00Z""},{""confirmed_by"":""INTERFACE_OWNER_01"",""from_node"":""N002"",""rule_version"":""r1"",""source_file"":""registry/field_lineage_vr1.md"",""to_node"":""N003"",""transform_id"":""T_STORE_RESULT"",""valid_from"":""2025-01-10T00:00:00Z"",""valid_to"":""2025-06-01T05:00:00Z""},{""confirmed_by"":""SYSTEMS_ARCHITECT_02"",""from_node"":""N001"",""rule_version"":""r1"",""source_file"":""registry/field_lineage_vr1.md"",""to_node"":""N002"",""transform_id"":""T_PARSE_RESULT"",""valid_from"":""2025-01-10T00:00:00Z"",""valid_to"":""2025-06-01T05:00:00Z""},{""confirmed_by"":""INTERFACE_OWNER_01"",""from_node"":""N006"",""rule_version"":""r1"",""source_file"":""registry/field_lineage_vr1.md"",""to_node"":""N001"",""transform_id"":""T_RAW_UNIT_CTX"",""valid_from"":""2025-01-10T00:00:00Z"",""valid_to"":""""}],""raw_observation_indices"":[54]}}"
ANOM000014,N005,SCHEMA_V1,RANGE_VIOLATION,2025-03-31T08:00:00Z,2025-04-24T16:00:00Z,TRIAGE,,C0004,INTERFACE_MAPPING_ERROR,10.4667,9.5067,N006|N001|N002|N003|N004|N005,,TRIAGE recommends human review of the listed candidate changes and categories. It does not assert that the change caused the anomaly.,"{""runner_up"":{""category"":""INTERFACE_MAPPING_ERROR"",""change_id"":""C0003"",""score"":9.5067},""selected"":{""affected_nodes"":[""N004""],""category"":""INTERFACE_MAPPING_ERROR"",""change_id"":""C0004"",""path"":[""N006"",""N001"",""N002"",""N003"",""N004"",""N005""],""score"":10.4667,""terms"":{""affected_span_bonus"":0.0,""counter_example_penalty"":-0.0,""days_before_window_start"":-6.67,""lineage_path_association"":2.0,""matched_symptom"":true,""missing_pattern_alignment"":0.0,""node_distance_penalty"":-0.8,""normal_change_control"":false,""refs"":{""change_id"":""C0004"",""counter_examples"":[],""effective_at"":""2025-04-07T00:00:00Z"",""path"":[""N006"",""N001"",""N002"",""N003"",""N004"",""N005""]},""symptom_type_match"":6.0,""symptom_weight_raw"":2.0,""time_proximity"":1.2667,""time_validity"":2.0,""total"":10.4667}},""supporting_source_indices"":{""change_ids"":[""C0004""],""lineage_edges"":[{""confirmed_by"":""SYSTEMS_ARCHITECT_01"",""from_node"":""N004"",""rule_version"":""r1"",""source_file"":""registry/field_lineage_vr1.md"",""to_node"":""N005"",""transform_id"":""T_RENDER_RESULT"",""valid_from"":""2025-01-10T00:00:00Z"",""valid_to"":""2025-06-01T05:00:00Z""},{""confirmed_by"":""ETL_OWNER_01"",""from_node"":""N003"",""rule_version"":""r1"",""source_file"":""registry/field_lineage_vr1.md"",""to_node"":""N004"",""transform_id"":""T_IFACE_RESULT"",""valid_from"":""2025-01-10T00:00:00Z"",""valid_to"":""2025-06-01T05:00:00Z""},{""confirmed_by"":""INTERFACE_OWNER_01"",""from_node"":""N002"",""rule_version"":""r1"",""source_file"":""registry/field_lineage_vr1.md"",""to_node"":""N003"",""transform_id"":""T_STORE_RESULT"",""valid_from"":""2025-01-10T00:00:00Z"",""valid_to"":""2025-06-01T05:00:00Z""},{""confirmed_by"":""SYSTEMS_ARCHITECT_02"",""from_node"":""N001"",""rule_version"":""r1"",""source_file"":""registry/field_lineage_vr1.md"",""to_node"":""N002"",""transform_id"":""T_PARSE_RESULT"",""valid_from"":""2025-01-10T00:00:00Z"",""valid_to"":""2025-06-01T05:00:00Z""},{""confirmed_by"":""INTERFACE_OWNER_01"",""from_node"":""N006"",""rule_version"":""r1"",""source_file"":""registry/field_lineage_vr1.md"",""to_node"":""N001"",""transform_id"":""T_RAW_UNIT_CTX"",""valid_from"":""2025-01-10T00:00:00Z"",""valid_to"":""""}],""raw_observation_indices"":[55]}}"
ANOM000015,N005,SCHEMA_V1,CHANGE_POINT,2025-03-31T08:00:00Z,2025-04-24T16:00:00Z,TRIAGE,,C0004,INTERFACE_MAPPING_ERROR,7.4667,6.5067,N006|N001|N002|N003|N004|N005,,TRIAGE recommends human review of the listed candidate changes and categories. It does not assert that the change caused the anomaly.,"{""runner_up"":{""category"":""INTERFACE_MAPPING_ERROR"",""change_id"":""C0003"",""score"":6.5067},""selected"":{""affected_nodes"":[""N004""],""category"":""INTERFACE_MAPPING_ERROR"",""change_id"":""C0004"",""path"":[""N006"",""N001"",""N002"",""N003"",""N004"",""N005""],""score"":7.4667,""terms"":{""affected_span_bonus"":0.0,""counter_example_penalty"":-0.0,""days_before_window_start"":-6.67,""lineage_path_association"":2.0,""matched_symptom"":true,""missing_pattern_alignment"":0.0,""node_distance_penalty"":-0.8,""normal_change_control"":false,""refs"":{""change_id"":""C0004"",""counter_examples"":[],""effective_at"":""2025-04-07T00:00:00Z"",""path"":[""N006"",""N001"",""N002"",""N003"",""N004"",""N005""]},""symptom_type_match"":3.0,""symptom_weight_raw"":1.0,""time_proximity"":1.2667,""time_validity"":2.0,""total"":7.4667}},""supporting_source_indices"":{""change_ids"":[""C0004""],""lineage_edges"":[{""confirmed_by"":""SYSTEMS_ARCHITECT_01"",""from_node"":""N004"",""rule_version"":""r1"",""source_file"":""registry/field_lineage_vr1.md"",""to_node"":""N005"",""transform_id"":""T_RENDER_RESULT"",""valid_from"":""2025-01-10T00:00:00Z"",""valid_to"":""2025-06-01T05:00:00Z""},{""confirmed_by"":""ETL_OWNER_01"",""from_node"":""N003"",""rule_version"":""r1"",""source_file"":""registry/field_lineage_vr1.md"",""to_node"":""N004"",""transform_id"":""T_IFACE_RESULT"",""valid_from"":""2025-01-10T00:00:00Z"",""valid_to"":""2025-06-01T05:00:00Z""},{""confirmed_by"":""INTERFACE_OWNER_01"",""from_node"":""N002"",""rule_version"":""r1"",""source_file"":""registry/field_lineage_vr1.md"",""to_node"":""N003"",""transform_id"":""T_STORE_RESULT"",""valid_from"":""2025-01-10T00:00:00Z"",""valid_to"":""2025-06-01T05:00:00Z""},{""confirmed_by"":""SYSTEMS_ARCHITECT_02"",""from_node"":""N001"",""rule_version"":""r1"",""source_file"":""registry/field_lineage_vr1.md"",""to_node"":""N002"",""transform_id"":""T_PARSE_RESULT"",""valid_from"":""2025-01-10T00:00:00Z"",""valid_to"":""2025-06-01T05:00:00Z""},{""confirmed_by"":""INTERFACE_OWNER_01"",""from_node"":""N006"",""rule_version"":""r1"",""source_file"":""registry/field_lineage_vr1.md"",""to_node"":""N001"",""transform_id"":""T_RAW_UNIT_CTX"",""valid_from"":""2025-01-10T00:00:00Z"",""valid_to"":""""}],""raw_observation_indices"":[50,51,52,53,54,55,56,57]}}"
ANOM000016,N005,SCHEMA_V1,FORMAT_VIOLATION,2025-04-14T08:00:00Z,2025-05-08T16:00:00Z,TRIAGE,,C0004,INTERFACE_MAPPING_ERROR,9.9067,,N006|N001|N002|N003|N004|N005,,TRIAGE recommends human review of the listed candidate changes and categories. It does not assert that the change caused the anomaly.,"{""runner_up"":null,""selected"":{""affected_nodes"":[""N004""],""category"":""INTERFACE_MAPPING_ERROR"",""change_id"":""C0004"",""path"":[""N006"",""N001"",""N002"",""N003"",""N004"",""N005""],""score"":9.9067,""terms"":{""affected_span_bonus"":0.0,""counter_example_penalty"":-0.0,""days_before_window_start"":7.33,""lineage_path_association"":2.0,""matched_symptom"":true,""missing_pattern_alignment"":0.0,""node_distance_penalty"":-0.8,""normal_change_control"":false,""refs"":{""change_id"":""C0004"",""counter_examples"":[],""effective_at"":""2025-04-07T00:00:00Z"",""path"":[""N006"",""N001"",""N002"",""N003"",""N004"",""N005""]},""symptom_type_match"":6.0,""symptom_weight_raw"":2.0,""time_proximity"":0.7067,""time_validity"":2.0,""total"":9.9067}},""supporting_source_indices"":{""change_ids"":[""C0004""],""lineage_edges"":[{""confirmed_by"":""SYSTEMS_ARCHITECT_01"",""from_node"":""N004"",""rule_version"":""r1"",""source_file"":""registry/field_lineage_vr1.md"",""to_node"":""N005"",""transform_id"":""T_RENDER_RESULT"",""valid_from"":""2025-01-10T00:00:00Z"",""valid_to"":""2025-06-01T05:00:00Z""},{""confirmed_by"":""ETL_OWNER_01"",""from_node"":""N003"",""rule_version"":""r1"",""source_file"":""registry/field_lineage_vr1.md"",""to_node"":""N004"",""transform_id"":""T_IFACE_RESULT"",""valid_from"":""2025-01-10T00:00:00Z"",""valid_to"":""2025-06-01T05:00:00Z""},{""confirmed_by"":""INTERFACE_OWNER_01"",""from_node"":""N002"",""rule_version"":""r1"",""source_file"":""registry/field_lineage_vr1.md"",""to_node"":""N003"",""transform_id"":""T_STORE_RESULT"",""valid_from"":""2025-01-10T00:00:00Z"",""valid_to"":""2025-06-01T05:00:00Z""},{""confirmed_by"":""SYSTEMS_ARCHITECT_02"",""from_node"":""N001"",""rule_version"":""r1"",""source_file"":""registry/field_lineage_vr1.md"",""to_node"":""N002"",""transform_id"":""T_PARSE_RESULT"",""valid_from"":""2025-01-10T00:00:00Z"",""valid_to"":""2025-06-01T05:00:00Z""},{""confirmed_by"":""INTERFACE_OWNER_01"",""from_node"":""N006"",""rule_version"":""r1"",""source_file"":""registry/field_lineage_vr1.md"",""to_node"":""N001"",""transform_id"":""T_RAW_UNIT_CTX"",""valid_from"":""2025-01-10T00:00:00Z"",""valid_to"":""""}],""raw_observation_indices"":[54]}}"
ANOM000017,N005,SCHEMA_V1,RANGE_VIOLATION,2025-04-14T08:00:00Z,2025-05-08T16:00:00Z,TRIAGE,,C0004,INTERFACE_MAPPING_ERROR,9.9067,,N006|N001|N002|N003|N004|N005,,TRIAGE recommends human review of the listed candidate changes and categories. It does not assert that the change caused the anomaly.,"{""runner_up"":null,""selected"":{""affected_nodes"":[""N004""],""category"":""INTERFACE_MAPPING_ERROR"",""change_id"":""C0004"",""path"":[""N006"",""N001"",""N002"",""N003"",""N004"",""N005""],""score"":9.9067,""terms"":{""affected_span_bonus"":0.0,""counter_example_penalty"":-0.0,""days_before_window_start"":7.33,""lineage_path_association"":2.0,""matched_symptom"":true,""missing_pattern_alignment"":0.0,""node_distance_penalty"":-0.8,""normal_change_control"":false,""refs"":{""change_id"":""C0004"",""counter_examples"":[],""effective_at"":""2025-04-07T00:00:00Z"",""path"":[""N006"",""N001"",""N002"",""N003"",""N004"",""N005""]},""symptom_type_match"":6.0,""symptom_weight_raw"":2.0,""time_proximity"":0.7067,""time_validity"":2.0,""total"":9.9067}},""supporting_source_indices"":{""change_ids"":[""C0004""],""lineage_edges"":[{""confirmed_by"":""SYSTEMS_ARCHITECT_01"",""from_node"":""N004"",""rule_version"":""r1"",""source_file"":""registry/field_lineage_vr1.md"",""to_node"":""N005"",""transform_id"":""T_RENDER_RESULT"",""valid_from"":""2025-01-10T00:00:00Z"",""valid_to"":""2025-06-01T05:00:00Z""},{""confirmed_by"":""ETL_OWNER_01"",""from_node"":""N003"",""rule_version"":""r1"",""source_file"":""registry/field_lineage_vr1.md"",""to_node"":""N004"",""transform_id"":""T_IFACE_RESULT"",""valid_from"":""2025-01-10T00:00:00Z"",""valid_to"":""2025-06-01T05:00:00Z""},{""confirmed_by"":""INTERFACE_OWNER_01"",""from_node"":""N002"",""rule_version"":""r1"",""source_file"":""registry/field_lineage_vr1.md"",""to_node"":""N003"",""transform_id"":""T_STORE_RESULT"",""valid_from"":""2025-01-10T00:00:00Z"",""valid_to"":""2025-06-01T05:00:00Z""},{""confirmed_by"":""SYSTEMS_ARCHITECT_02"",""from_node"":""N001"",""rule_version"":""r1"",""source_file"":""registry/field_lineage_vr1.md"",""to_node"":""N002"",""transform_id"":""T_PARSE_RESULT"",""valid_from"":""2025-01-10T00:00:00Z"",""valid_to"":""2025-06-01T05:00:00Z""},{""confirmed_by"":""INTERFACE_OWNER_01"",""from_node"":""N006"",""rule_version"":""r1"",""source_file"":""registry/field_lineage_vr1.md"",""to_node"":""N001"",""transform_id"":""T_RAW_UNIT_CTX"",""valid_from"":""2025-01-10T00:00:00Z"",""valid_to"":""""}],""raw_observation_indices"":[55]}}"
ANOM000018,N005,SCHEMA_V1,CHANGE_POINT,2025-04-14T08:00:00Z,2025-05-08T16:00:00Z,TRIAGE,,C0004,INTERFACE_MAPPING_ERROR,6.9067,,N006|N001|N002|N003|N004|N005,,TRIAGE recommends human review of the listed candidate changes and categories. It does not assert that the change caused the anomaly.,"{""runner_up"":null,""selected"":{""affected_nodes"":[""N004""],""category"":""INTERFACE_MAPPING_ERROR"",""change_id"":""C0004"",""path"":[""N006"",""N001"",""N002"",""N003"",""N004"",""N005""],""score"":6.9067,""terms"":{""affected_span_bonus"":0.0,""counter_example_penalty"":-0.0,""days_before_window_start"":7.33,""lineage_path_association"":2.0,""matched_symptom"":true,""missing_pattern_alignment"":0.0,""node_distance_penalty"":-0.8,""normal_change_control"":false,""refs"":{""change_id"":""C0004"",""counter_examples"":[],""effective_at"":""2025-04-07T00:00:00Z"",""path"":[""N006"",""N001"",""N002"",""N003"",""N004"",""N005""]},""symptom_type_match"":3.0,""symptom_weight_raw"":1.0,""time_proximity"":0.7067,""time_validity"":2.0,""total"":6.9067}},""supporting_source_indices"":{""change_ids"":[""C0004""],""lineage_edges"":[{""confirmed_by"":""SYSTEMS_ARCHITECT_01"",""from_node"":""N004"",""rule_version"":""r1"",""source_file"":""registry/field_lineage_vr1.md"",""to_node"":""N005"",""transform_id"":""T_RENDER_RESULT"",""valid_from"":""2025-01-10T00:00:00Z"",""valid_to"":""2025-06-01T05:00:00Z""},{""confirmed_by"":""ETL_OWNER_01"",""from_node"":""N003"",""rule_version"":""r1"",""source_file"":""registry/field_lineage_vr1.md"",""to_node"":""N004"",""transform_id"":""T_IFACE_RESULT"",""valid_from"":""2025-01-10T00:00:00Z"",""valid_to"":""2025-06-01T05:00:00Z""},{""confirmed_by"":""INTERFACE_OWNER_01"",""from_node"":""N002"",""rule_version"":""r1"",""source_file"":""registry/field_lineage_vr1.md"",""to_node"":""N003"",""transform_id"":""T_STORE_RESULT"",""valid_from"":""2025-01-10T00:00:00Z"",""valid_to"":""2025-06-01T05:00:00Z""},{""confirmed_by"":""SYSTEMS_ARCHITECT_02"",""from_node"":""N001"",""rule_version"":""r1"",""source_file"":""registry/field_lineage_vr1.md"",""to_node"":""N002"",""transform_id"":""T_PARSE_RESULT"",""valid_from"":""2025-01-10T00:00:00Z"",""valid_to"":""2025-06-01T05:00:00Z""},{""confirmed_by"":""INTERFACE_OWNER_01"",""from_node"":""N006"",""rule_version"":""r1"",""source_file"":""registry/field_lineage_vr1.md"",""to_node"":""N001"",""transform_id"":""T_RAW_UNIT_CTX"",""valid_from"":""2025-01-10T00:00:00Z"",""valid_to"":""""}],""raw_observation_indices"":[54,55,56,57,58,59,60,61]}}"
ANOM000019,N009,SCHEMA_V1,FORMAT_VIOLATION,2025-02-01T16:00:00Z,2025-02-27T16:00:00Z,ABSTAIN,INSUFFICIENT_EVIDENCE,C0001,UNIT_CHANGE,5.0933,,N006|N007|N008|N009,,,"{""candidates_considered"":[{""category"":""UNIT_CHANGE"",""change_id"":""C0001"",""score"":5.0933}]}"
ANOM000020,N009,SCHEMA_V1,UNIT_DEVIATION,2025-02-01T16:00:00Z,2025-02-27T16:00:00Z,TRIAGE,,C0001,UNIT_CHANGE,14.0933,,N006|N007|N008|N009,,TRIAGE recommends human review of the listed candidate changes and categories. It does not assert that the change caused the anomaly.,"{""runner_up"":null,""selected"":{""affected_nodes"":[""N008""],""category"":""UNIT_CHANGE"",""change_id"":""C0001"",""path"":[""N006"",""N007"",""N008"",""N009""],""score"":14.0933,""terms"":{""affected_span_bonus"":0.0,""counter_example_penalty"":-0.0,""days_before_window_start"":-12.33,""lineage_path_association"":2.0,""matched_symptom"":true,""missing_pattern_alignment"":0.0,""node_distance_penalty"":-0.4,""normal_change_control"":false,""refs"":{""change_id"":""C0001"",""counter_examples"":[],""effective_at"":""2025-02-14T00:00:00Z"",""path"":[""N006"",""N007"",""N008"",""N009""]},""symptom_type_match"":9.0,""symptom_weight_raw"":3.0,""time_proximity"":1.4933,""time_validity"":2.0,""total"":14.0933}},""supporting_source_indices"":{""change_ids"":[""C0001""],""lineage_edges"":[{""confirmed_by"":""ETL_OWNER_01"",""from_node"":""N008"",""rule_version"":""r1"",""source_file"":""registry/field_lineage_vr1.md"",""to_node"":""N009"",""transform_id"":""T_RENDER_UNIT"",""valid_from"":""2025-01-10T00:00:00Z"",""valid_to"":""2025-06-01T05:00:00Z""},{""confirmed_by"":""INTERFACE_OWNER_01"",""from_node"":""N007"",""rule_version"":""r1"",""source_file"":""registry/field_lineage_vr1.md"",""to_node"":""N008"",""transform_id"":""T_STORE_UNIT"",""valid_from"":""2025-01-10T00:00:00Z"",""valid_to"":""2025-06-01T05:00:00Z""},{""confirmed_by"":""SYSTEMS_ARCHITECT_01"",""from_node"":""N006"",""rule_version"":""r1"",""source_file"":""registry/field_lineage_vr1.md"",""to_node"":""N007"",""transform_id"":""T_PARSE_UNIT"",""valid_from"":""2025-01-10T00:00:00Z"",""valid_to"":""2025-06-01T05:00:00Z""}],""raw_observation_indices"":[73,74,75]}}"
ANOM000021,N009,SCHEMA_V1,FORMAT_VIOLATION,2025-02-17T08:00:00Z,2025-03-13T16:00:00Z,ABSTAIN,INSUFFICIENT_EVIDENCE,C0001,UNIT_CHANGE,4.4667,,N006|N007|N008|N009,,,"{""candidates_considered"":[{""category"":""UNIT_CHANGE"",""change_id"":""C0001"",""score"":4.4667}]}"
ANOM000022,N009,SCHEMA_V1,UNIT_DEVIATION,2025-02-17T08:00:00Z,2025-03-13T16:00:00Z,TRIAGE,,C0001,UNIT_CHANGE,13.4667,,N006|N007|N008|N009,,TRIAGE recommends human review of the listed candidate changes and categories. It does not assert that the change caused the anomaly.,"{""runner_up"":null,""selected"":{""affected_nodes"":[""N008""],""category"":""UNIT_CHANGE"",""change_id"":""C0001"",""path"":[""N006"",""N007"",""N008"",""N009""],""score"":13.4667,""terms"":{""affected_span_bonus"":0.0,""counter_example_penalty"":-0.0,""days_before_window_start"":3.33,""lineage_path_association"":2.0,""matched_symptom"":true,""missing_pattern_alignment"":0.0,""node_distance_penalty"":-0.4,""normal_change_control"":false,""refs"":{""change_id"":""C0001"",""counter_examples"":[],""effective_at"":""2025-02-14T00:00:00Z"",""path"":[""N006"",""N007"",""N008"",""N009""]},""symptom_type_match"":9.0,""symptom_weight_raw"":3.0,""time_proximity"":0.8667,""time_validity"":2.0,""total"":13.4667}},""supporting_source_indices"":{""change_ids"":[""C0001""],""lineage_edges"":[{""confirmed_by"":""ETL_OWNER_01"",""from_node"":""N008"",""rule_version"":""r1"",""source_file"":""registry/field_lineage_vr1.md"",""to_node"":""N009"",""transform_id"":""T_RENDER_UNIT"",""valid_from"":""2025-01-10T00:00:00Z"",""valid_to"":""2025-06-01T05:00:00Z""},{""confirmed_by"":""INTERFACE_OWNER_01"",""from_node"":""N007"",""rule_version"":""r1"",""source_file"":""registry/field_lineage_vr1.md"",""to_node"":""N008"",""transform_id"":""T_STORE_UNIT"",""valid_from"":""2025-01-10T00:00:00Z"",""valid_to"":""2025-06-01T05:00:00Z""},{""confirmed_by"":""SYSTEMS_ARCHITECT_01"",""from_node"":""N006"",""rule_version"":""r1"",""source_file"":""registry/field_lineage_vr1.md"",""to_node"":""N007"",""transform_id"":""T_PARSE_UNIT"",""valid_from"":""2025-01-10T00:00:00Z"",""valid_to"":""2025-06-01T05:00:00Z""}],""raw_observation_indices"":[73,74,75,76,77,78,79]}}"
ANOM000023,N009,SCHEMA_V1,FORMAT_VIOLATION,2025-03-03T08:00:00Z,2025-03-27T16:00:00Z,ABSTAIN,INSUFFICIENT_EVIDENCE,C0001,UNIT_CHANGE,3.9067,,N006|N007|N008|N009,,,"{""candidates_considered"":[{""category"":""UNIT_CHANGE"",""change_id"":""C0001"",""score"":3.9067}]}"
ANOM000024,N009,SCHEMA_V1,UNIT_DEVIATION,2025-03-03T08:00:00Z,2025-03-27T16:00:00Z,TRIAGE,,C0001,UNIT_CHANGE,12.9067,,N006|N007|N008|N009,,TRIAGE recommends human review of the listed candidate changes and categories. It does not assert that the change caused the anomaly.,"{""runner_up"":null,""selected"":{""affected_nodes"":[""N008""],""category"":""UNIT_CHANGE"",""change_id"":""C0001"",""path"":[""N006"",""N007"",""N008"",""N009""],""score"":12.9067,""terms"":{""affected_span_bonus"":0.0,""counter_example_penalty"":-0.0,""days_before_window_start"":17.33,""lineage_path_association"":2.0,""matched_symptom"":true,""missing_pattern_alignment"":0.0,""node_distance_penalty"":-0.4,""normal_change_control"":false,""refs"":{""change_id"":""C0001"",""counter_examples"":[],""effective_at"":""2025-02-14T00:00:00Z"",""path"":[""N006"",""N007"",""N008"",""N009""]},""symptom_type_match"":9.0,""symptom_weight_raw"":3.0,""time_proximity"":0.3067,""time_validity"":2.0,""total"":12.9067}},""supporting_source_indices"":{""change_ids"":[""C0001""],""lineage_edges"":[{""confirmed_by"":""ETL_OWNER_01"",""from_node"":""N008"",""rule_version"":""r1"",""source_file"":""registry/field_lineage_vr1.md"",""to_node"":""N009"",""transform_id"":""T_RENDER_UNIT"",""valid_from"":""2025-01-10T00:00:00Z"",""valid_to"":""2025-06-01T05:00:00Z""},{""confirmed_by"":""INTERFACE_OWNER_01"",""from_node"":""N007"",""rule_version"":""r1"",""source_file"":""registry/field_lineage_vr1.md"",""to_node"":""N008"",""transform_id"":""T_STORE_UNIT"",""valid_from"":""2025-01-10T00:00:00Z"",""valid_to"":""2025-06-01T05:00:00Z""},{""confirmed_by"":""SYSTEMS_ARCHITECT_01"",""from_node"":""N006"",""rule_version"":""r1"",""source_file"":""registry/field_lineage_vr1.md"",""to_node"":""N007"",""transform_id"":""T_PARSE_UNIT"",""valid_from"":""2025-01-10T00:00:00Z"",""valid_to"":""2025-06-01T05:00:00Z""}],""raw_observation_indices"":[76,77,78,79]}}"
ANOM000025,N009,SCHEMA_V1,FORMAT_VIOLATION,2025-03-17T08:00:00Z,2025-04-10T16:00:00Z,ABSTAIN,INSUFFICIENT_EVIDENCE,,,,,N006|N007|N008|N009,,,"{""candidates_considered"":[]}"
ANOM000026,N009,SCHEMA_V1,FORMAT_VIOLATION,2025-03-31T08:00:00Z,2025-04-24T16:00:00Z,ABSTAIN,INSUFFICIENT_EVIDENCE,,,,,N006|N007|N008|N009,,,"{""candidates_considered"":[]}"
ANOM000027,N009,SCHEMA_V1,FORMAT_VIOLATION,2025-04-14T08:00:00Z,2025-05-08T16:00:00Z,ABSTAIN,INSUFFICIENT_EVIDENCE,,,,,N006|N007|N008|N009,,,"{""candidates_considered"":[]}"
ANOM000028,N009,SCHEMA_V1,FORMAT_VIOLATION,2025-04-28T08:00:00Z,2025-05-22T16:00:00Z,ABSTAIN,INSUFFICIENT_EVIDENCE,C0008,TRUE_BUSINESS_CHANGE,5.9867,,N006|N007|N008|N009,,,"{""candidates_considered"":[{""category"":""TRUE_BUSINESS_CHANGE"",""change_id"":""C0008"",""score"":5.9867}]}"
ANOM000029,N009,SCHEMA_V1,FORMAT_VIOLATION,2025-05-12T08:00:00Z,2025-05-29T16:00:00Z,ABSTAIN,INSUFFICIENT_EVIDENCE,C0008,TRUE_BUSINESS_CHANGE,5.4267,,N006|N007|N008|N009,,,"{""candidates_considered"":[{""category"":""TRUE_BUSINESS_CHANGE"",""change_id"":""C0008"",""score"":5.4267}]}"
ANOM000030,N010,SCHEMA_V1,FORMAT_VIOLATION,2025-06-23T08:00:00Z,2025-07-17T16:00:00Z,ABSTAIN,INSUFFICIENT_EVIDENCE,,,,,N010,,,"{""candidates_considered"":[]}"
ANOM000031,N010,SCHEMA_V1,FORMAT_VIOLATION,2025-07-07T08:00:00Z,2025-07-31T16:00:00Z,ABSTAIN,INSUFFICIENT_EVIDENCE,,,,,N010,,,"{""candidates_considered"":[]}"
ANOM000032,N010,SCHEMA_V1,FORMAT_VIOLATION,2025-09-15T08:00:00Z,2025-10-09T16:00:00Z,ABSTAIN,INSUFFICIENT_EVIDENCE,,,,,N010,,,"{""candidates_considered"":[]}"
ANOM000033,N010,SCHEMA_V1,FORMAT_VIOLATION,2025-09-29T08:00:00Z,2025-10-23T16:00:00Z,ABSTAIN,INSUFFICIENT_EVIDENCE,,,,,N010,,,"{""candidates_considered"":[]}"
ANOM000034,N014,SCHEMA_V1,FORMAT_VIOLATION,2025-09-15T08:00:00Z,2025-10-09T16:00:00Z,ABSTAIN,INSUFFICIENT_EVIDENCE,C0103|C0102,TRUE_BUSINESS_CHANGE|TRUE_BUSINESS_CHANGE,6.3067,,N010|N013|N014,,,"{""candidates_considered"":[{""category"":""TRUE_BUSINESS_CHANGE"",""change_id"":""C0103"",""score"":6.3067},{""category"":""TRUE_BUSINESS_CHANGE"",""change_id"":""C0102"",""score"":5.1867}]}"
ANOM000035,N014,SCHEMA_V1,FORMAT_VIOLATION,2025-09-29T08:00:00Z,2025-10-23T16:00:00Z,ABSTAIN,INSUFFICIENT_EVIDENCE,C0103|C0102,TRUE_BUSINESS_CHANGE|TRUE_BUSINESS_CHANGE,5.7467,,N010|N013|N014,,,"{""candidates_considered"":[{""category"":""TRUE_BUSINESS_CHANGE"",""change_id"":""C0103"",""score"":5.7467},{""category"":""TRUE_BUSINESS_CHANGE"",""change_id"":""C0102"",""score"":4.6267}]}"
ANOM000036,N014,SCHEMA_V1,FORMAT_VIOLATION,2025-10-13T08:00:00Z,2025-11-06T16:00:00Z,ABSTAIN,INSUFFICIENT_EVIDENCE,C0104|C0103,TRUE_BUSINESS_CHANGE|TRUE_BUSINESS_CHANGE,6.3467,,N010|N013|N014,,,"{""candidates_considered"":[{""category"":""TRUE_BUSINESS_CHANGE"",""change_id"":""C0104"",""score"":6.3467},{""category"":""TRUE_BUSINESS_CHANGE"",""change_id"":""C0103"",""score"":5.1867}]}"
ANOM000037,N014,SCHEMA_V1,FORMAT_VIOLATION,2025-11-10T08:00:00Z,2025-12-04T16:00:00Z,ABSTAIN,INSUFFICIENT_EVIDENCE,C0105|C0104,TRUE_BUSINESS_CHANGE|TRUE_BUSINESS_CHANGE,6.3467,,N010|N013|N014,,,"{""candidates_considered"":[{""category"":""TRUE_BUSINESS_CHANGE"",""change_id"":""C0105"",""score"":6.3467},{""category"":""TRUE_BUSINESS_CHANGE"",""change_id"":""C0104"",""score"":5.2267}]}"
ANOM000038,N014,SCHEMA_V1,FORMAT_VIOLATION,2025-11-24T08:00:00Z,2025-12-18T16:00:00Z,ABSTAIN,INSUFFICIENT_EVIDENCE,C0105|C0104,TRUE_BUSINESS_CHANGE|TRUE_BUSINESS_CHANGE,5.7867,,N010|N013|N014,,,"{""candidates_considered"":[{""category"":""TRUE_BUSINESS_CHANGE"",""change_id"":""C0105"",""score"":5.7867},{""category"":""TRUE_BUSINESS_CHANGE"",""change_id"":""C0104"",""score"":4.6667}]}"
ANOM000039,N014,SCHEMA_V1,FORMAT_VIOLATION,2025-12-22T08:00:00Z,2026-01-15T16:00:00Z,ABSTAIN,INSUFFICIENT_EVIDENCE,C0106|C0105,TRUE_BUSINESS_CHANGE|TRUE_BUSINESS_CHANGE,5.8267,,N010|N013|N014,,,"{""candidates_considered"":[{""category"":""TRUE_BUSINESS_CHANGE"",""change_id"":""C0106"",""score"":5.8267},{""category"":""TRUE_BUSINESS_CHANGE"",""change_id"":""C0105"",""score"":4.6667}]}"
ANOM000040,N014,SCHEMA_V1,FORMAT_VIOLATION,2026-01-05T08:00:00Z,2026-01-29T16:00:00Z,ABSTAIN,INSUFFICIENT_EVIDENCE,C0107|C0106,TRUE_BUSINESS_CHANGE|TRUE_BUSINESS_CHANGE,6.3867,,N010|N013|N014,,,"{""candidates_considered"":[{""category"":""TRUE_BUSINESS_CHANGE"",""change_id"":""C0107"",""score"":6.3867},{""category"":""TRUE_BUSINESS_CHANGE"",""change_id"":""C0106"",""score"":5.2667}]}"
ANOM000041,N014,SCHEMA_V1,FORMAT_VIOLATION,2026-01-19T08:00:00Z,2026-02-12T16:00:00Z,ABSTAIN,INSUFFICIENT_EVIDENCE,C0107|C0106,TRUE_BUSINESS_CHANGE|TRUE_BUSINESS_CHANGE,5.8267,,N010|N013|N014,,,"{""candidates_considered"":[{""category"":""TRUE_BUSINESS_CHANGE"",""change_id"":""C0107"",""score"":5.8267},{""category"":""TRUE_BUSINESS_CHANGE"",""change_id"":""C0106"",""score"":4.7067}]}"
ANOM000042,N014,SCHEMA_V1,FORMAT_VIOLATION,2026-05-11T08:00:00Z,2026-06-04T16:00:00Z,ABSTAIN,INSUFFICIENT_EVIDENCE,,,,,N010|N013|N014,,,"{""candidates_considered"":[]}"
ANOM000043,N014,SCHEMA_V1,FORMAT_VIOLATION,2026-05-25T08:00:00Z,2026-06-18T16:00:00Z,ABSTAIN,INSUFFICIENT_EVIDENCE,,,,,N010|N013|N014,,,"{""candidates_considered"":[]}"
ANOM000044,N015,SCHEMA_V1,FORMAT_VIOLATION,2025-10-13T08:00:00Z,2025-11-06T16:00:00Z,ABSTAIN,INSUFFICIENT_EVIDENCE,C0111|C0104|C0103,TRUE_BUSINESS_CHANGE|TRUE_BUSINESS_CHANGE|TRUE_BUSINESS_CHANGE,5.5467,,N010|N013|N014|N015,,,"{""candidates_considered"":[{""category"":""TRUE_BUSINESS_CHANGE"",""change_id"":""C0111"",""score"":5.5467},{""category"":""TRUE_BUSINESS_CHANGE"",""change_id"":""C0104"",""score"":5.3467},{""category"":""TRUE_BUSINESS_CHANGE"",""change_id"":""C0103"",""score"":4.1867}]}"
ANOM000045,N015,SCHEMA_V1,FORMAT_VIOLATION,2025-10-27T08:00:00Z,2025-11-20T16:00:00Z,ABSTAIN,INSUFFICIENT_EVIDENCE,C0111|C0104|C0103,TRUE_BUSINESS_CHANGE|TRUE_BUSINESS_CHANGE|TRUE_BUSINESS_CHANGE,4.9867,,N010|N013|N014|N015,,,"{""candidates_considered"":[{""category"":""TRUE_BUSINESS_CHANGE"",""change_id"":""C0111"",""score"":4.9867},{""category"":""TRUE_BUSINESS_CHANGE"",""change_id"":""C0104"",""score"":4.7867},{""category"":""TRUE_BUSINESS_CHANGE"",""change_id"":""C0103"",""score"":3.6267}]}"
ANOM000046,N015,SCHEMA_V1,FORMAT_VIOLATION,2025-11-24T08:00:00Z,2025-12-18T16:00:00Z,ABSTAIN,INSUFFICIENT_EVIDENCE,C0112|C0105|C0104,TRUE_BUSINESS_CHANGE|TRUE_BUSINESS_CHANGE|TRUE_BUSINESS_CHANGE,5.1867,,N010|N013|N014|N015,,,"{""candidates_considered"":[{""category"":""TRUE_BUSINESS_CHANGE"",""change_id"":""C0112"",""score"":5.1867},{""category"":""TRUE_BUSINESS_CHANGE"",""change_id"":""C0105"",""score"":4.7867},{""category"":""TRUE_BUSINESS_CHANGE"",""change_id"":""C0104"",""score"":3.6667}]}"
ANOM000047,N015,SCHEMA_V1,FORMAT_VIOLATION,2025-12-08T08:00:00Z,2026-01-01T16:00:00Z,ABSTAIN,INSUFFICIENT_EVIDENCE,C0113|C0106|C0112,TRUE_BUSINESS_CHANGE|TRUE_BUSINESS_CHANGE|TRUE_BUSINESS_CHANGE,5.9867,,N010|N013|N014|N015,,,"{""candidates_considered"":[{""category"":""TRUE_BUSINESS_CHANGE"",""change_id"":""C0113"",""score"":5.9867},{""category"":""TRUE_BUSINESS_CHANGE"",""change_id"":""C0106"",""score"":5.3867},{""category"":""TRUE_BUSINESS_CHANGE"",""change_id"":""C0112"",""score"":4.6267},{""category"":""TRUE_BUSINESS_CHANGE"",""change_id"":""C0105"",""score"":4.2267}]}"
ANOM000048,N015,SCHEMA_V1,FORMAT_VIOLATION,2025-12-22T08:00:00Z,2026-01-15T16:00:00Z,ABSTAIN,INSUFFICIENT_EVIDENCE,C0113|C0106|C0105,TRUE_BUSINESS_CHANGE|TRUE_BUSINESS_CHANGE|TRUE_BUSINESS_CHANGE,5.4267,,N010|N013|N014|N015,,,"{""candidates_considered"":[{""category"":""TRUE_BUSINESS_CHANGE"",""change_id"":""C0113"",""score"":5.4267},{""category"":""TRUE_BUSINESS_CHANGE"",""change_id"":""C0106"",""score"":4.8267},{""category"":""TRUE_BUSINESS_CHANGE"",""change_id"":""C0105"",""score"":3.6667}]}"
ANOM000049,N015,SCHEMA_V1,FORMAT_VIOLATION,2026-01-19T08:00:00Z,2026-02-12T16:00:00Z,ABSTAIN,INSUFFICIENT_EVIDENCE,C0114|C0107|C0106,TRUE_BUSINESS_CHANGE|TRUE_BUSINESS_CHANGE|TRUE_BUSINESS_CHANGE,5.5067,,N010|N013|N014|N015,,,"{""candidates_considered"":[{""category"":""TRUE_BUSINESS_CHANGE"",""change_id"":""C0114"",""score"":5.5067},{""category"":""TRUE_BUSINESS_CHANGE"",""change_id"":""C0107"",""score"":4.8267},{""category"":""TRUE_BUSINESS_CHANGE"",""change_id"":""C0106"",""score"":3.7067}]}"
ANOM000050,N015,SCHEMA_V1,FORMAT_VIOLATION,2026-02-02T08:00:00Z,2026-02-26T16:00:00Z,ABSTAIN,INSUFFICIENT_EVIDENCE,C0115|C0108|C0114,TRUE_BUSINESS_CHANGE|TRUE_BUSINESS_CHANGE|TRUE_BUSINESS_CHANGE,6.2267,,N010|N013|N014|N015,,,"{""candidates_considered"":[{""category"":""TRUE_BUSINESS_CHANGE"",""change_id"":""C0115"",""score"":6.2267},{""category"":""TRUE_BUSINESS_CHANGE"",""change_id"":""C0108"",""score"":5.3867},{""category"":""TRUE_BUSINESS_CHANGE"",""change_id"":""C0114"",""score"":4.9467},{""category"":""TRUE_BUSINESS_CHANGE"",""change_id"":""C0107"",""score"":4.2667}]}"
ANOM000051,N016,SCHEMA_V2,MISSING_RATE_SHIFT,2025-06-30T08:00:00Z,2025-07-24T16:00:00Z,TRIAGE,,C0039,EXTRACTION_FAILURE,16.1867,,N006|N001|N016,,TRIAGE recommends human review of the listed candidate changes and categories. It does not assert that the change caused the anomaly.,"{""runner_up"":null,""selected"":{""affected_nodes"":[""N016""],""category"":""EXTRACTION_FAILURE"",""change_id"":""C0039"",""path"":[""N006"",""N001"",""N016""],""score"":16.1867,""terms"":{""affected_span_bonus"":1.0,""counter_example_penalty"":-0.0,""days_before_window_start"":-14.67,""lineage_path_association"":2.0,""matched_symptom"":true,""missing_pattern_alignment"":1.0,""node_distance_penalty"":-0.4,""normal_change_control"":false,""refs"":{""change_id"":""C0039"",""counter_examples"":[],""effective_at"":""2025-07-15T00:00:00Z"",""path"":[""N006"",""N001"",""N016""]},""symptom_type_match"":9.0,""symptom_weight_raw"":3.0,""time_proximity"":1.5867,""time_validity"":2.0,""total"":16.1867}},""supporting_source_indices"":{""change_ids"":[""C0039""],""lineage_edges"":[{""confirmed_by"":""SYSTEMS_ARCHITECT_01"",""from_node"":""N001"",""rule_version"":""r2"",""source_file"":""registry/field_lineage_vr2.md"",""to_node"":""N016"",""transform_id"":""T_PARSE_RESULT"",""valid_from"":""2025-06-01T05:00:00Z"",""valid_to"":""""},{""confirmed_by"":""INTERFACE_OWNER_01"",""from_node"":""N006"",""rule_version"":""r1"",""source_file"":""registry/field_lineage_vr1.md"",""to_node"":""N001"",""transform_id"":""T_RAW_UNIT_CTX"",""valid_from"":""2025-01-10T00:00:00Z"",""valid_to"":""""}],""raw_observation_indices"":[728,729,730,731,732,733,734,735]}}"
ANOM000052,N016,SCHEMA_V2,MISSING_RATE_SHIFT,2025-07-14T08:00:00Z,2025-08-07T16:00:00Z,TRIAGE,,C0039,EXTRACTION_FAILURE,15.6267,,N006|N001|N016,,TRIAGE recommends human review of the listed candidate changes and categories. It does not assert that the change caused the anomaly.,"{""runner_up"":null,""selected"":{""affected_nodes"":[""N016""],""category"":""EXTRACTION_FAILURE"",""change_id"":""C0039"",""path"":[""N006"",""N001"",""N016""],""score"":15.6267,""terms"":{""affected_span_bonus"":1.0,""counter_example_penalty"":-0.0,""days_before_window_start"":-0.67,""lineage_path_association"":2.0,""matched_symptom"":true,""missing_pattern_alignment"":1.0,""node_distance_penalty"":-0.4,""normal_change_control"":false,""refs"":{""change_id"":""C0039"",""counter_examples"":[],""effective_at"":""2025-07-15T00:00:00Z"",""path"":[""N006"",""N001"",""N016""]},""symptom_type_match"":9.0,""symptom_weight_raw"":3.0,""time_proximity"":1.0267,""time_validity"":2.0,""total"":15.6267}},""supporting_source_indices"":{""change_ids"":[""C0039""],""lineage_edges"":[{""confirmed_by"":""SYSTEMS_ARCHITECT_01"",""from_node"":""N001"",""rule_version"":""r2"",""source_file"":""registry/field_lineage_vr2.md"",""to_node"":""N016"",""transform_id"":""T_PARSE_RESULT"",""valid_from"":""2025-06-01T05:00:00Z"",""valid_to"":""""},{""confirmed_by"":""INTERFACE_OWNER_01"",""from_node"":""N006"",""rule_version"":""r1"",""source_file"":""registry/field_lineage_vr1.md"",""to_node"":""N001"",""transform_id"":""T_RAW_UNIT_CTX"",""valid_from"":""2025-01-10T00:00:00Z"",""valid_to"":""""}],""raw_observation_indices"":[732,733,734,735,736,737,738,739]}}"
ANOM000053,N016,SCHEMA_V2,MISSING_RATE_SHIFT,2025-07-28T08:00:00Z,2025-08-21T16:00:00Z,TRIAGE,,C0039,EXTRACTION_FAILURE,15.0667,,N006|N001|N016,,TRIAGE recommends human review of the listed candidate changes and categories. It does not assert that the change caused the anomaly.,"{""runner_up"":null,""selected"":{""affected_nodes"":[""N016""],""category"":""EXTRACTION_FAILURE"",""change_id"":""C0039"",""path"":[""N006"",""N001"",""N016""],""score"":15.0667,""terms"":{""affected_span_bonus"":1.0,""counter_example_penalty"":-0.0,""days_before_window_start"":13.33,""lineage_path_association"":2.0,""matched_symptom"":true,""missing_pattern_alignment"":1.0,""node_distance_penalty"":-0.4,""normal_change_control"":false,""refs"":{""change_id"":""C0039"",""counter_examples"":[],""effective_at"":""2025-07-15T00:00:00Z"",""path"":[""N006"",""N001"",""N016""]},""symptom_type_match"":9.0,""symptom_weight_raw"":3.0,""time_proximity"":0.4667,""time_validity"":2.0,""total"":15.0667}},""supporting_source_indices"":{""change_ids"":[""C0039""],""lineage_edges"":[{""confirmed_by"":""SYSTEMS_ARCHITECT_01"",""from_node"":""N001"",""rule_version"":""r2"",""source_file"":""registry/field_lineage_vr2.md"",""to_node"":""N016"",""transform_id"":""T_PARSE_RESULT"",""valid_from"":""2025-06-01T05:00:00Z"",""valid_to"":""""},{""confirmed_by"":""INTERFACE_OWNER_01"",""from_node"":""N006"",""rule_version"":""r1"",""source_file"":""registry/field_lineage_vr1.md"",""to_node"":""N001"",""transform_id"":""T_RAW_UNIT_CTX"",""valid_from"":""2025-01-10T00:00:00Z"",""valid_to"":""""}],""raw_observation_indices"":[736,737,738,739,740,741,742,743]}}"
ANOM000054,N016,SCHEMA_V2,MISSING_RATE_SHIFT,2025-08-11T08:00:00Z,2025-09-04T16:00:00Z,TRIAGE,,C0041,EXTRACTION_FAILURE,16.0667,,N006|N001|N016,,TRIAGE recommends human review of the listed candidate changes and categories. It does not assert that the change caused the anomaly.,"{""runner_up"":null,""selected"":{""affected_nodes"":[""N016""],""category"":""EXTRACTION_FAILURE"",""change_id"":""C0041"",""path"":[""N006"",""N001"",""N016""],""score"":16.0667,""terms"":{""affected_span_bonus"":1.0,""counter_example_penalty"":-0.0,""days_before_window_start"":-11.67,""lineage_path_association"":2.0,""matched_symptom"":true,""missing_pattern_alignment"":1.0,""node_distance_penalty"":-0.4,""normal_change_control"":false,""refs"":{""change_id"":""C0041"",""counter_examples"":[],""effective_at"":""2025-08-23T00:00:00Z"",""path"":[""N006"",""N001"",""N016""]},""symptom_type_match"":9.0,""symptom_weight_raw"":3.0,""time_proximity"":1.4667,""time_validity"":2.0,""total"":16.0667}},""supporting_source_indices"":{""change_ids"":[""C0041""],""lineage_edges"":[{""confirmed_by"":""SYSTEMS_ARCHITECT_01"",""from_node"":""N001"",""rule_version"":""r2"",""source_file"":""registry/field_lineage_vr2.md"",""to_node"":""N016"",""transform_id"":""T_PARSE_RESULT"",""valid_from"":""2025-06-01T05:00:00Z"",""valid_to"":""""},{""confirmed_by"":""INTERFACE_OWNER_01"",""from_node"":""N006"",""rule_version"":""r1"",""source_file"":""registry/field_lineage_vr1.md"",""to_node"":""N001"",""transform_id"":""T_RAW_UNIT_CTX"",""valid_from"":""2025-01-10T00:00:00Z"",""valid_to"":""""}],""raw_observation_indices"":[740,741,742,743,744,745,746,747]}}"
ANOM000055,N016,SCHEMA_V2,MISSING_RATE_SHIFT,2025-08-25T08:00:00Z,2025-09-18T16:00:00Z,TRIAGE,,C0041,EXTRACTION_FAILURE,15.5067,,N006|N001|N016,,TRIAGE recommends human review of the listed candidate changes and categories. It does not assert that the change caused the anomaly.,"{""runner_up"":null,""selected"":{""affected_nodes"":[""N016""],""category"":""EXTRACTION_FAILURE"",""change_id"":""C0041"",""path"":[""N006"",""N001"",""N016""],""score"":15.5067,""terms"":{""affected_span_bonus"":1.0,""counter_example_penalty"":-0.0,""days_before_window_start"":2.33,""lineage_path_association"":2.0,""matched_symptom"":true,""missing_pattern_alignment"":1.0,""node_distance_penalty"":-0.4,""normal_change_control"":false,""refs"":{""change_id"":""C0041"",""counter_examples"":[],""effective_at"":""2025-08-23T00:00:00Z"",""path"":[""N006"",""N001"",""N016""]},""symptom_type_match"":9.0,""symptom_weight_raw"":3.0,""time_proximity"":0.9067,""time_validity"":2.0,""total"":15.5067}},""supporting_source_indices"":{""change_ids"":[""C0041""],""lineage_edges"":[{""confirmed_by"":""SYSTEMS_ARCHITECT_01"",""from_node"":""N001"",""rule_version"":""r2"",""source_file"":""registry/field_lineage_vr2.md"",""to_node"":""N016"",""transform_id"":""T_PARSE_RESULT"",""valid_from"":""2025-06-01T05:00:00Z"",""valid_to"":""""},{""confirmed_by"":""INTERFACE_OWNER_01"",""from_node"":""N006"",""rule_version"":""r1"",""source_file"":""registry/field_lineage_vr1.md"",""to_node"":""N001"",""transform_id"":""T_RAW_UNIT_CTX"",""valid_from"":""2025-01-10T00:00:00Z"",""valid_to"":""""}],""raw_observation_indices"":[744,745,746,747,748,749,750,751]}}"
ANOM000056,N016,SCHEMA_V2,MISSING_RATE_SHIFT,2025-09-08T08:00:00Z,2025-10-02T16:00:00Z,TRIAGE,,C0041,EXTRACTION_FAILURE,14.9467,,N006|N001|N016,,TRIAGE recommends human review of the listed candidate changes and categories. It does not assert that the change caused the anomaly.,"{""runner_up"":null,""selected"":{""affected_nodes"":[""N016""],""category"":""EXTRACTION_FAILURE"",""change_id"":""C0041"",""path"":[""N006"",""N001"",""N016""],""score"":14.9467,""terms"":{""affected_span_bonus"":1.0,""counter_example_penalty"":-0.0,""days_before_window_start"":16.33,""lineage_path_association"":2.0,""matched_symptom"":true,""missing_pattern_alignment"":1.0,""node_distance_penalty"":-0.4,""normal_change_control"":false,""refs"":{""change_id"":""C0041"",""counter_examples"":[],""effective_at"":""2025-08-23T00:00:00Z"",""path"":[""N006"",""N001"",""N016""]},""symptom_type_match"":9.0,""symptom_weight_raw"":3.0,""time_proximity"":0.3467,""time_validity"":2.0,""total"":14.9467}},""supporting_source_indices"":{""change_ids"":[""C0041""],""lineage_edges"":[{""confirmed_by"":""SYSTEMS_ARCHITECT_01"",""from_node"":""N001"",""rule_version"":""r2"",""source_file"":""registry/field_lineage_vr2.md"",""to_node"":""N016"",""transform_id"":""T_PARSE_RESULT"",""valid_from"":""2025-06-01T05:00:00Z"",""valid_to"":""""},{""confirmed_by"":""INTERFACE_OWNER_01"",""from_node"":""N006"",""rule_version"":""r1"",""source_file"":""registry/field_lineage_vr1.md"",""to_node"":""N001"",""transform_id"":""T_RAW_UNIT_CTX"",""valid_from"":""2025-01-10T00:00:00Z"",""valid_to"":""""}],""raw_observation_indices"":[748,749,750,751,752,753,754,755]}}"
ANOM000057,N016,SCHEMA_V2,MISSING_RATE_SHIFT,2025-09-22T08:00:00Z,2025-10-16T16:00:00Z,TRIAGE,,C0043,EXTRACTION_FAILURE,15.9467,,N006|N001|N016,,TRIAGE recommends human review of the listed candidate changes and categories. It does not assert that the change caused the anomaly.,"{""runner_up"":null,""selected"":{""affected_nodes"":[""N016""],""category"":""EXTRACTION_FAILURE"",""change_id"":""C0043"",""path"":[""N006"",""N001"",""N016""],""score"":15.9467,""terms"":{""affected_span_bonus"":1.0,""counter_example_penalty"":-0.0,""days_before_window_start"":-8.67,""lineage_path_association"":2.0,""matched_symptom"":true,""missing_pattern_alignment"":1.0,""node_distance_penalty"":-0.4,""normal_change_control"":false,""refs"":{""change_id"":""C0043"",""counter_examples"":[],""effective_at"":""2025-10-01T00:00:00Z"",""path"":[""N006"",""N001"",""N016""]},""symptom_type_match"":9.0,""symptom_weight_raw"":3.0,""time_proximity"":1.3467,""time_validity"":2.0,""total"":15.9467}},""supporting_source_indices"":{""change_ids"":[""C0043""],""lineage_edges"":[{""confirmed_by"":""SYSTEMS_ARCHITECT_01"",""from_node"":""N001"",""rule_version"":""r2"",""source_file"":""registry/field_lineage_vr2.md"",""to_node"":""N016"",""transform_id"":""T_PARSE_RESULT"",""valid_from"":""2025-06-01T05:00:00Z"",""valid_to"":""""},{""confirmed_by"":""INTERFACE_OWNER_01"",""from_node"":""N006"",""rule_version"":""r1"",""source_file"":""registry/field_lineage_vr1.md"",""to_node"":""N001"",""transform_id"":""T_RAW_UNIT_CTX"",""valid_from"":""2025-01-10T00:00:00Z"",""valid_to"":""""}],""raw_observation_indices"":[752,753,754,755,756,757,758,759]}}"
ANOM000058,N016,SCHEMA_V2,MISSING_RATE_SHIFT,2025-10-06T08:00:00Z,2025-10-30T16:00:00Z,TRIAGE,,C0043,EXTRACTION_FAILURE,15.3867,,N006|N001|N016,,TRIAGE recommends human review of the listed candidate changes and categories. It does not assert that the change caused the anomaly.,"{""runner_up"":null,""selected"":{""affected_nodes"":[""N016""],""category"":""EXTRACTION_FAILURE"",""change_id"":""C0043"",""path"":[""N006"",""N001"",""N016""],""score"":15.3867,""terms"":{""affected_span_bonus"":1.0,""counter_example_penalty"":-0.0,""days_before_window_start"":5.33,""lineage_path_association"":2.0,""matched_symptom"":true,""missing_pattern_alignment"":1.0,""node_distance_penalty"":-0.4,""normal_change_control"":false,""refs"":{""change_id"":""C0043"",""counter_examples"":[],""effective_at"":""2025-10-01T00:00:00Z"",""path"":[""N006"",""N001"",""N016""]},""symptom_type_match"":9.0,""symptom_weight_raw"":3.0,""time_proximity"":0.7867,""time_validity"":2.0,""total"":15.3867}},""supporting_source_indices"":{""change_ids"":[""C0043""],""lineage_edges"":[{""confirmed_by"":""SYSTEMS_ARCHITECT_01"",""from_node"":""N001"",""rule_version"":""r2"",""source_file"":""registry/field_lineage_vr2.md"",""to_node"":""N016"",""transform_id"":""T_PARSE_RESULT"",""valid_from"":""2025-06-01T05:00:00Z"",""valid_to"":""""},{""confirmed_by"":""INTERFACE_OWNER_01"",""from_node"":""N006"",""rule_version"":""r1"",""source_file"":""registry/field_lineage_vr1.md"",""to_node"":""N001"",""transform_id"":""T_RAW_UNIT_CTX"",""valid_from"":""2025-01-10T00:00:00Z"",""valid_to"":""""}],""raw_observation_indices"":[756,757,758,759,760,761,762,763]}}"
ANOM000059,N016,SCHEMA_V2,MISSING_RATE_SHIFT,2025-10-20T08:00:00Z,2025-11-13T16:00:00Z,TRIAGE,,C0045,EXTRACTION_FAILURE,16.2667,14.8267,N006|N001|N016,,TRIAGE recommends human review of the listed candidate changes and categories. It does not assert that the change caused the anomaly.,"{""runner_up"":{""category"":""EXTRACTION_FAILURE"",""change_id"":""C0043"",""score"":14.8267},""selected"":{""affected_nodes"":[""N016""],""category"":""EXTRACTION_FAILURE"",""change_id"":""C0045"",""path"":[""N006"",""N001"",""N016""],""score"":16.2667,""terms"":{""affected_span_bonus"":1.0,""counter_example_penalty"":-0.0,""days_before_window_start"":-16.67,""lineage_path_association"":2.0,""matched_symptom"":true,""missing_pattern_alignment"":1.0,""node_distance_penalty"":-0.4,""normal_change_control"":false,""refs"":{""change_id"":""C0045"",""counter_examples"":[],""effective_at"":""2025-11-06T00:00:00Z"",""path"":[""N006"",""N001"",""N016""]},""symptom_type_match"":9.0,""symptom_weight_raw"":3.0,""time_proximity"":1.6667,""time_validity"":2.0,""total"":16.2667}},""supporting_source_indices"":{""change_ids"":[""C0045""],""lineage_edges"":[{""confirmed_by"":""SYSTEMS_ARCHITECT_01"",""from_node"":""N001"",""rule_version"":""r2"",""source_file"":""registry/field_lineage_vr2.md"",""to_node"":""N016"",""transform_id"":""T_PARSE_RESULT"",""valid_from"":""2025-06-01T05:00:00Z"",""valid_to"":""""},{""confirmed_by"":""INTERFACE_OWNER_01"",""from_node"":""N006"",""rule_version"":""r1"",""source_file"":""registry/field_lineage_vr1.md"",""to_node"":""N001"",""transform_id"":""T_RAW_UNIT_CTX"",""valid_from"":""2025-01-10T00:00:00Z"",""valid_to"":""""}],""raw_observation_indices"":[760,761,762,763,764,765,766,767]}}"
ANOM000060,N016,SCHEMA_V2,MISSING_RATE_SHIFT,2025-11-03T08:00:00Z,2025-11-27T16:00:00Z,TRIAGE,,C0045,EXTRACTION_FAILURE,15.7067,,N006|N001|N016,,TRIAGE recommends human review of the listed candidate changes and categories. It does not assert that the change caused the anomaly.,"{""runner_up"":null,""selected"":{""affected_nodes"":[""N016""],""category"":""EXTRACTION_FAILURE"",""change_id"":""C0045"",""path"":[""N006"",""N001"",""N016""],""score"":15.7067,""terms"":{""affected_span_bonus"":1.0,""counter_example_penalty"":-0.0,""days_before_window_start"":-2.67,""lineage_path_association"":2.0,""matched_symptom"":true,""missing_pattern_alignment"":1.0,""node_distance_penalty"":-0.4,""normal_change_control"":false,""refs"":{""change_id"":""C0045"",""counter_examples"":[],""effective_at"":""2025-11-06T00:00:00Z"",""path"":[""N006"",""N001"",""N016""]},""symptom_type_match"":9.0,""symptom_weight_raw"":3.0,""time_proximity"":1.1067,""time_validity"":2.0,""total"":15.7067}},""supporting_source_indices"":{""change_ids"":[""C0045""],""lineage_edges"":[{""confirmed_by"":""SYSTEMS_ARCHITECT_01"",""from_node"":""N001"",""rule_version"":""r2"",""source_file"":""registry/field_lineage_vr2.md"",""to_node"":""N016"",""transform_id"":""T_PARSE_RESULT"",""valid_from"":""2025-06-01T05:00:00Z"",""valid_to"":""""},{""confirmed_by"":""INTERFACE_OWNER_01"",""from_node"":""N006"",""rule_version"":""r1"",""source_file"":""registry/field_lineage_vr1.md"",""to_node"":""N001"",""transform_id"":""T_RAW_UNIT_CTX"",""valid_from"":""2025-01-10T00:00:00Z"",""valid_to"":""""}],""raw_observation_indices"":[764,765,766,767,768,769,770,771]}}"
ANOM000061,N016,SCHEMA_V2,MISSING_RATE_SHIFT,2025-11-17T08:00:00Z,2025-12-11T16:00:00Z,TRIAGE,,C0045,EXTRACTION_FAILURE,15.1467,,N006|N001|N016,,TRIAGE recommends human review of the listed candidate changes and categories. It does not assert that the change caused the anomaly.,"{""runner_up"":null,""selected"":{""affected_nodes"":[""N016""],""category"":""EXTRACTION_FAILURE"",""change_id"":""C0045"",""path"":[""N006"",""N001"",""N016""],""score"":15.1467,""terms"":{""affected_span_bonus"":1.0,""counter_example_penalty"":-0.0,""days_before_window_start"":11.33,""lineage_path_association"":2.0,""matched_symptom"":true,""missing_pattern_alignment"":1.0,""node_distance_penalty"":-0.4,""normal_change_control"":false,""refs"":{""change_id"":""C0045"",""counter_examples"":[],""effective_at"":""2025-11-06T00:00:00Z"",""path"":[""N006"",""N001"",""N016""]},""symptom_type_match"":9.0,""symptom_weight_raw"":3.0,""time_proximity"":0.5467,""time_validity"":2.0,""total"":15.1467}},""supporting_source_indices"":{""change_ids"":[""C0045""],""lineage_edges"":[{""confirmed_by"":""SYSTEMS_ARCHITECT_01"",""from_node"":""N001"",""rule_version"":""r2"",""source_file"":""registry/field_lineage_vr2.md"",""to_node"":""N016"",""transform_id"":""T_PARSE_RESULT"",""valid_from"":""2025-06-01T05:00:00Z"",""valid_to"":""""},{""confirmed_by"":""INTERFACE_OWNER_01"",""from_node"":""N006"",""rule_version"":""r1"",""source_file"":""registry/field_lineage_vr1.md"",""to_node"":""N001"",""transform_id"":""T_RAW_UNIT_CTX"",""valid_from"":""2025-01-10T00:00:00Z"",""valid_to"":""""}],""raw_observation_indices"":[768,769,770,771,772,773,774,775]}}"
ANOM000062,N016,SCHEMA_V2,MISSING_RATE_SHIFT,2025-12-01T08:00:00Z,2025-12-25T16:00:00Z,TRIAGE,,C0047,EXTRACTION_FAILURE,16.3067,,N006|N001|N016,,TRIAGE recommends human review of the listed candidate changes and categories. It does not assert that the change caused the anomaly.,"{""runner_up"":null,""selected"":{""affected_nodes"":[""N016""],""category"":""EXTRACTION_FAILURE"",""change_id"":""C0047"",""path"":[""N006"",""N001"",""N016""],""score"":16.3067,""terms"":{""affected_span_bonus"":1.0,""counter_example_penalty"":-0.0,""days_before_window_start"":-17.67,""lineage_path_association"":2.0,""matched_symptom"":true,""missing_pattern_alignment"":1.0,""node_distance_penalty"":-0.4,""normal_change_control"":false,""refs"":{""change_id"":""C0047"",""counter_examples"":[],""effective_at"":""2025-12-19T00:00:00Z"",""path"":[""N006"",""N001"",""N016""]},""symptom_type_match"":9.0,""symptom_weight_raw"":3.0,""time_proximity"":1.7067,""time_validity"":2.0,""total"":16.3067}},""supporting_source_indices"":{""change_ids"":[""C0047""],""lineage_edges"":[{""confirmed_by"":""SYSTEMS_ARCHITECT_01"",""from_node"":""N001"",""rule_version"":""r2"",""source_file"":""registry/field_lineage_vr2.md"",""to_node"":""N016"",""transform_id"":""T_PARSE_RESULT"",""valid_from"":""2025-06-01T05:00:00Z"",""valid_to"":""""},{""confirmed_by"":""INTERFACE_OWNER_01"",""from_node"":""N006"",""rule_version"":""r1"",""source_file"":""registry/field_lineage_vr1.md"",""to_node"":""N001"",""transform_id"":""T_RAW_UNIT_CTX"",""valid_from"":""2025-01-10T00:00:00Z"",""valid_to"":""""}],""raw_observation_indices"":[772,773,774,775,776,777,778,779]}}"
ANOM000063,N016,SCHEMA_V2,MISSING_RATE_SHIFT,2025-12-15T08:00:00Z,2026-01-08T16:00:00Z,TRIAGE,,C0047,EXTRACTION_FAILURE,15.7467,,N006|N001|N016,,TRIAGE recommends human review of the listed candidate changes and categories. It does not assert that the change caused the anomaly.,"{""runner_up"":null,""selected"":{""affected_nodes"":[""N016""],""category"":""EXTRACTION_FAILURE"",""change_id"":""C0047"",""path"":[""N006"",""N001"",""N016""],""score"":15.7467,""terms"":{""affected_span_bonus"":1.0,""counter_example_penalty"":-0.0,""days_before_window_start"":-3.67,""lineage_path_association"":2.0,""matched_symptom"":true,""missing_pattern_alignment"":1.0,""node_distance_penalty"":-0.4,""normal_change_control"":false,""refs"":{""change_id"":""C0047"",""counter_examples"":[],""effective_at"":""2025-12-19T00:00:00Z"",""path"":[""N006"",""N001"",""N016""]},""symptom_type_match"":9.0,""symptom_weight_raw"":3.0,""time_proximity"":1.1467,""time_validity"":2.0,""total"":15.7467}},""supporting_source_indices"":{""change_ids"":[""C0047""],""lineage_edges"":[{""confirmed_by"":""SYSTEMS_ARCHITECT_01"",""from_node"":""N001"",""rule_version"":""r2"",""source_file"":""registry/field_lineage_vr2.md"",""to_node"":""N016"",""transform_id"":""T_PARSE_RESULT"",""valid_from"":""2025-06-01T05:00:00Z"",""valid_to"":""""},{""confirmed_by"":""INTERFACE_OWNER_01"",""from_node"":""N006"",""rule_version"":""r1"",""source_file"":""registry/field_lineage_vr1.md"",""to_node"":""N001"",""transform_id"":""T_RAW_UNIT_CTX"",""valid_from"":""2025-01-10T00:00:00Z"",""valid_to"":""""}],""raw_observation_indices"":[776,777,778,779,780,781,782,783]}}"
ANOM000064,N016,SCHEMA_V2,MISSING_RATE_SHIFT,2025-12-29T08:00:00Z,2026-01-22T16:00:00Z,TRIAGE,,C0047,EXTRACTION_FAILURE,15.1867,,N006|N001|N016,,TRIAGE recommends human review of the listed candidate changes and categories. It does not assert that the change caused the anomaly.,"{""runner_up"":null,""selected"":{""affected_nodes"":[""N016""],""category"":""EXTRACTION_FAILURE"",""change_id"":""C0047"",""path"":[""N006"",""N001"",""N016""],""score"":15.1867,""terms"":{""affected_span_bonus"":1.0,""counter_example_penalty"":-0.0,""days_before_window_start"":10.33,""lineage_path_association"":2.0,""matched_symptom"":true,""missing_pattern_alignment"":1.0,""node_distance_penalty"":-0.4,""normal_change_control"":false,""refs"":{""change_id"":""C0047"",""counter_examples"":[],""effective_at"":""2025-12-19T00:00:00Z"",""path"":[""N006"",""N001"",""N016""]},""symptom_type_match"":9.0,""symptom_weight_raw"":3.0,""time_proximity"":0.5867,""time_validity"":2.0,""total"":15.1867}},""supporting_source_indices"":{""change_ids"":[""C0047""],""lineage_edges"":[{""confirmed_by"":""SYSTEMS_ARCHITECT_01"",""from_node"":""N001"",""rule_version"":""r2"",""source_file"":""registry/field_lineage_vr2.md"",""to_node"":""N016"",""transform_id"":""T_PARSE_RESULT"",""valid_from"":""2025-06-01T05:00:00Z"",""valid_to"":""""},{""confirmed_by"":""INTERFACE_OWNER_01"",""from_node"":""N006"",""rule_version"":""r1"",""source_file"":""registry/field_lineage_vr1.md"",""to_node"":""N001"",""transform_id"":""T_RAW_UNIT_CTX"",""valid_from"":""2025-01-10T00:00:00Z"",""valid_to"":""""}],""raw_observation_indices"":[780,781,782,783,784,785,786,787]}}"
ANOM000065,N016,SCHEMA_V2,MISSING_RATE_SHIFT,2026-01-12T08:00:00Z,2026-02-05T16:00:00Z,TRIAGE,,C0049,EXTRACTION_FAILURE,16.1467,14.6267,N006|N001|N016,,TRIAGE recommends human review of the listed candidate changes and categories. It does not assert that the change caused the anomaly.,"{""runner_up"":{""category"":""EXTRACTION_FAILURE"",""change_id"":""C0047"",""score"":14.6267},""selected"":{""affected_nodes"":[""N016""],""category"":""EXTRACTION_FAILURE"",""change_id"":""C0049"",""path"":[""N006"",""N001"",""N016""],""score"":16.1467,""terms"":{""affected_span_bonus"":1.0,""counter_example_penalty"":-0.0,""days_before_window_start"":-13.67,""lineage_path_association"":2.0,""matched_symptom"":true,""missing_pattern_alignment"":1.0,""node_distance_penalty"":-0.4,""normal_change_control"":false,""refs"":{""change_id"":""C0049"",""counter_examples"":[],""effective_at"":""2026-01-26T00:00:00Z"",""path"":[""N006"",""N001"",""N016""]},""symptom_type_match"":9.0,""symptom_weight_raw"":3.0,""time_proximity"":1.5467,""time_validity"":2.0,""total"":16.1467}},""supporting_source_indices"":{""change_ids"":[""C0049""],""lineage_edges"":[{""confirmed_by"":""SYSTEMS_ARCHITECT_01"",""from_node"":""N001"",""rule_version"":""r2"",""source_file"":""registry/field_lineage_vr2.md"",""to_node"":""N016"",""transform_id"":""T_PARSE_RESULT"",""valid_from"":""2025-06-01T05:00:00Z"",""valid_to"":""""},{""confirmed_by"":""INTERFACE_OWNER_01"",""from_node"":""N006"",""rule_version"":""r1"",""source_file"":""registry/field_lineage_vr1.md"",""to_node"":""N001"",""transform_id"":""T_RAW_UNIT_CTX"",""valid_from"":""2025-01-10T00:00:00Z"",""valid_to"":""""}],""raw_observation_indices"":[784,785,786,787,788,789,790,791]}}"
ANOM000066,N016,SCHEMA_V2,MISSING_RATE_SHIFT,2026-01-26T08:00:00Z,2026-02-19T16:00:00Z,TRIAGE,,C0049,EXTRACTION_FAILURE,15.5867,,N006|N001|N016,,TRIAGE recommends human review of the listed candidate changes and categories. It does not assert that the change caused the anomaly.,"{""runner_up"":null,""selected"":{""affected_nodes"":[""N016""],""category"":""EXTRACTION_FAILURE"",""change_id"":""C0049"",""path"":[""N006"",""N001"",""N016""],""score"":15.5867,""terms"":{""affected_span_bonus"":1.0,""counter_example_penalty"":-0.0,""days_before_window_start"":0.33,""lineage_path_association"":2.0,""matched_symptom"":true,""missing_pattern_alignment"":1.0,""node_distance_penalty"":-0.4,""normal_change_control"":false,""refs"":{""change_id"":""C0049"",""counter_examples"":[],""effective_at"":""2026-01-26T00:00:00Z"",""path"":[""N006"",""N001"",""N016""]},""symptom_type_match"":9.0,""symptom_weight_raw"":3.0,""time_proximity"":0.9867,""time_validity"":2.0,""total"":15.5867}},""supporting_source_indices"":{""change_ids"":[""C0049""],""lineage_edges"":[{""confirmed_by"":""SYSTEMS_ARCHITECT_01"",""from_node"":""N001"",""rule_version"":""r2"",""source_file"":""registry/field_lineage_vr2.md"",""to_node"":""N016"",""transform_id"":""T_PARSE_RESULT"",""valid_from"":""2025-06-01T05:00:00Z"",""valid_to"":""""},{""confirmed_by"":""INTERFACE_OWNER_01"",""from_node"":""N006"",""rule_version"":""r1"",""source_file"":""registry/field_lineage_vr1.md"",""to_node"":""N001"",""transform_id"":""T_RAW_UNIT_CTX"",""valid_from"":""2025-01-10T00:00:00Z"",""valid_to"":""""}],""raw_observation_indices"":[788,789,790,791,792,793,794,795]}}"
ANOM000067,N016,SCHEMA_V2,MISSING_RATE_SHIFT,2026-02-09T08:00:00Z,2026-03-05T16:00:00Z,TRIAGE,,C0049,EXTRACTION_FAILURE,15.0267,,N006|N001|N016,,TRIAGE recommends human review of the listed candidate changes and categories. It does not assert that the change caused the anomaly.,"{""runner_up"":null,""selected"":{""affected_nodes"":[""N016""],""category"":""EXTRACTION_FAILURE"",""change_id"":""C0049"",""path"":[""N006"",""N001"",""N016""],""score"":15.0267,""terms"":{""affected_span_bonus"":1.0,""counter_example_penalty"":-0.0,""days_before_window_start"":14.33,""lineage_path_association"":2.0,""matched_symptom"":true,""missing_pattern_alignment"":1.0,""node_distance_penalty"":-0.4,""normal_change_control"":false,""refs"":{""change_id"":""C0049"",""counter_examples"":[],""effective_at"":""2026-01-26T00:00:00Z"",""path"":[""N006"",""N001"",""N016""]},""symptom_type_match"":9.0,""symptom_weight_raw"":3.0,""time_proximity"":0.4267,""time_validity"":2.0,""total"":15.0267}},""supporting_source_indices"":{""change_ids"":[""C0049""],""lineage_edges"":[{""confirmed_by"":""SYSTEMS_ARCHITECT_01"",""from_node"":""N001"",""rule_version"":""r2"",""source_file"":""registry/field_lineage_vr2.md"",""to_node"":""N016"",""transform_id"":""T_PARSE_RESULT"",""valid_from"":""2025-06-01T05:00:00Z"",""valid_to"":""""},{""confirmed_by"":""INTERFACE_OWNER_01"",""from_node"":""N006"",""rule_version"":""r1"",""source_file"":""registry/field_lineage_vr1.md"",""to_node"":""N001"",""transform_id"":""T_RAW_UNIT_CTX"",""valid_from"":""2025-01-10T00:00:00Z"",""valid_to"":""""}],""raw_observation_indices"":[792,793,794,795,796,797,798,799]}}"
ANOM000068,N016,SCHEMA_V2,FORMAT_VIOLATION,2026-03-23T08:00:00Z,2026-04-16T16:00:00Z,ABSTAIN,INSUFFICIENT_EVIDENCE,,,,,N006|N001|N016,,,"{""candidates_considered"":[]}"
ANOM000069,N016,SCHEMA_V2,FORMAT_VIOLATION,2026-04-06T08:00:00Z,2026-04-30T16:00:00Z,ABSTAIN,INSUFFICIENT_EVIDENCE,,,,,N006|N001|N016,,,"{""candidates_considered"":[]}"
ANOM000070,N017,SCHEMA_V2,CHANGE_POINT,2025-08-25T08:00:00Z,2025-09-18T16:00:00Z,TRIAGE,,C0028,FIELD_SEMANTIC_CHANGE,14.8267,,N006|N001|N016|N017,,TRIAGE recommends human review of the listed candidate changes and categories. It does not assert that the change caused the anomaly.,"{""runner_up"":null,""selected"":{""affected_nodes"":[""N017""],""category"":""FIELD_SEMANTIC_CHANGE"",""change_id"":""C0028"",""path"":[""N006"",""N001"",""N016"",""N017""],""score"":14.8267,""terms"":{""affected_span_bonus"":1.0,""counter_example_penalty"":-0.0,""days_before_window_start"":-10.67,""lineage_path_association"":2.0,""matched_symptom"":true,""missing_pattern_alignment"":0.0,""node_distance_penalty"":-0.6000000000000001,""normal_change_control"":false,""refs"":{""change_id"":""C0028"",""counter_examples"":[],""effective_at"":""2025-09-05T00:00:00Z"",""path"":[""N006"",""N001"",""N016"",""N017""]},""symptom_type_match"":9.0,""symptom_weight_raw"":3.0,""time_proximity"":1.4267,""time_validity"":2.0,""total"":14.8267}},""supporting_source_indices"":{""change_ids"":[""C0028""],""lineage_edges"":[{""confirmed_by"":""SYSTEMS_ARCHITECT_02"",""from_node"":""N016"",""rule_version"":""r2"",""source_file"":""registry/field_lineage_vr2.md"",""to_node"":""N017"",""transform_id"":""T_STORE_RESULT"",""valid_from"":""2025-06-01T05:00:00Z"",""valid_to"":""""},{""confirmed_by"":""SYSTEMS_ARCHITECT_01"",""from_node"":""N001"",""rule_version"":""r2"",""source_file"":""registry/field_lineage_vr2.md"",""to_node"":""N016"",""transform_id"":""T_PARSE_RESULT"",""valid_from"":""2025-06-01T05:00:00Z"",""valid_to"":""""},{""confirmed_by"":""INTERFACE_OWNER_01"",""from_node"":""N006"",""rule_version"":""r1"",""source_file"":""registry/field_lineage_vr1.md"",""to_node"":""N001"",""transform_id"":""T_RAW_UNIT_CTX"",""valid_from"":""2025-01-10T00:00:00Z"",""valid_to"":""""}],""raw_observation_indices"":[856,857,858,859,860,861,862,863]}}"
ANOM000071,N017,SCHEMA_V2,CHANGE_POINT,2025-09-22T08:00:00Z,2025-10-16T16:00:00Z,TRIAGE,,C0028,FIELD_SEMANTIC_CHANGE,13.7067,,N006|N001|N016|N017,,TRIAGE recommends human review of the listed candidate changes and categories. It does not assert that the change caused the anomaly.,"{""runner_up"":null,""selected"":{""affected_nodes"":[""N017""],""category"":""FIELD_SEMANTIC_CHANGE"",""change_id"":""C0028"",""path"":[""N006"",""N001"",""N016"",""N017""],""score"":13.7067,""terms"":{""affected_span_bonus"":1.0,""counter_example_penalty"":-0.0,""days_before_window_start"":17.33,""lineage_path_association"":2.0,""matched_symptom"":true,""missing_pattern_alignment"":0.0,""node_distance_penalty"":-0.6000000000000001,""normal_change_control"":false,""refs"":{""change_id"":""C0028"",""counter_examples"":[],""effective_at"":""2025-09-05T00:00:00Z"",""path"":[""N006"",""N001"",""N016"",""N017""]},""symptom_type_match"":9.0,""symptom_weight_raw"":3.0,""time_proximity"":0.3067,""time_validity"":2.0,""total"":13.7067}},""supporting_source_indices"":{""change_ids"":[""C0028""],""lineage_edges"":[{""confirmed_by"":""SYSTEMS_ARCHITECT_02"",""from_node"":""N016"",""rule_version"":""r2"",""source_file"":""registry/field_lineage_vr2.md"",""to_node"":""N017"",""transform_id"":""T_STORE_RESULT"",""valid_from"":""2025-06-01T05:00:00Z"",""valid_to"":""""},{""confirmed_by"":""SYSTEMS_ARCHITECT_01"",""from_node"":""N001"",""rule_version"":""r2"",""source_file"":""registry/field_lineage_vr2.md"",""to_node"":""N016"",""transform_id"":""T_PARSE_RESULT"",""valid_from"":""2025-06-01T05:00:00Z"",""valid_to"":""""},{""confirmed_by"":""INTERFACE_OWNER_01"",""from_node"":""N006"",""rule_version"":""r1"",""source_file"":""registry/field_lineage_vr1.md"",""to_node"":""N001"",""transform_id"":""T_RAW_UNIT_CTX"",""valid_from"":""2025-01-10T00:00:00Z"",""valid_to"":""""}],""raw_observation_indices"":[864,865,866,867,868,869,870,871]}}"
ANOM000072,N017,SCHEMA_V2,CHANGE_POINT,2025-10-20T08:00:00Z,2025-11-13T16:00:00Z,TRIAGE,,C0029,FIELD_SEMANTIC_CHANGE,15.0267,,N006|N001|N016|N017,,TRIAGE recommends human review of the listed candidate changes and categories. It does not assert that the change caused the anomaly.,"{""runner_up"":null,""selected"":{""affected_nodes"":[""N017""],""category"":""FIELD_SEMANTIC_CHANGE"",""change_id"":""C0029"",""path"":[""N006"",""N001"",""N016"",""N017""],""score"":15.0267,""terms"":{""affected_span_bonus"":1.0,""counter_example_penalty"":-0.0,""days_before_window_start"":-15.67,""lineage_path_association"":2.0,""matched_symptom"":true,""missing_pattern_alignment"":0.0,""node_distance_penalty"":-0.6000000000000001,""normal_change_control"":false,""refs"":{""change_id"":""C0029"",""counter_examples"":[],""effective_at"":""2025-11-05T00:00:00Z"",""path"":[""N006"",""N001"",""N016"",""N017""]},""symptom_type_match"":9.0,""symptom_weight_raw"":3.0,""time_proximity"":1.6267,""time_validity"":2.0,""total"":15.0267}},""supporting_source_indices"":{""change_ids"":[""C0029""],""lineage_edges"":[{""confirmed_by"":""SYSTEMS_ARCHITECT_02"",""from_node"":""N016"",""rule_version"":""r2"",""source_file"":""registry/field_lineage_vr2.md"",""to_node"":""N017"",""transform_id"":""T_STORE_RESULT"",""valid_from"":""2025-06-01T05:00:00Z"",""valid_to"":""""},{""confirmed_by"":""SYSTEMS_ARCHITECT_01"",""from_node"":""N001"",""rule_version"":""r2"",""source_file"":""registry/field_lineage_vr2.md"",""to_node"":""N016"",""transform_id"":""T_PARSE_RESULT"",""valid_from"":""2025-06-01T05:00:00Z"",""valid_to"":""""},{""confirmed_by"":""INTERFACE_OWNER_01"",""from_node"":""N006"",""rule_version"":""r1"",""source_file"":""registry/field_lineage_vr1.md"",""to_node"":""N001"",""transform_id"":""T_RAW_UNIT_CTX"",""valid_from"":""2025-01-10T00:00:00Z"",""valid_to"":""""}],""raw_observation_indices"":[872,873,874,875,876,877,878,879]}}"
ANOM000073,N017,SCHEMA_V2,CHANGE_POINT,2025-11-03T08:00:00Z,2025-11-27T16:00:00Z,TRIAGE,,C0029,FIELD_SEMANTIC_CHANGE,14.4667,,N006|N001|N016|N017,,TRIAGE recommends human review of the listed candidate changes and categories. It does not assert that the change caused the anomaly.,"{""runner_up"":null,""selected"":{""affected_nodes"":[""N017""],""category"":""FIELD_SEMANTIC_CHANGE"",""change_id"":""C0029"",""path"":[""N006"",""N001"",""N016"",""N017""],""score"":14.4667,""terms"":{""affected_span_bonus"":1.0,""counter_example_penalty"":-0.0,""days_before_window_start"":-1.67,""lineage_path_association"":2.0,""matched_symptom"":true,""missing_pattern_alignment"":0.0,""node_distance_penalty"":-0.6000000000000001,""normal_change_control"":false,""refs"":{""change_id"":""C0029"",""counter_examples"":[],""effective_at"":""2025-11-05T00:00:00Z"",""path"":[""N006"",""N001"",""N016"",""N017""]},""symptom_type_match"":9.0,""symptom_weight_raw"":3.0,""time_proximity"":1.0667,""time_validity"":2.0,""total"":14.4667}},""supporting_source_indices"":{""change_ids"":[""C0029""],""lineage_edges"":[{""confirmed_by"":""SYSTEMS_ARCHITECT_02"",""from_node"":""N016"",""rule_version"":""r2"",""source_file"":""registry/field_lineage_vr2.md"",""to_node"":""N017"",""transform_id"":""T_STORE_RESULT"",""valid_from"":""2025-06-01T05:00:00Z"",""valid_to"":""""},{""confirmed_by"":""SYSTEMS_ARCHITECT_01"",""from_node"":""N001"",""rule_version"":""r2"",""source_file"":""registry/field_lineage_vr2.md"",""to_node"":""N016"",""transform_id"":""T_PARSE_RESULT"",""valid_from"":""2025-06-01T05:00:00Z"",""valid_to"":""""},{""confirmed_by"":""INTERFACE_OWNER_01"",""from_node"":""N006"",""rule_version"":""r1"",""source_file"":""registry/field_lineage_vr1.md"",""to_node"":""N001"",""transform_id"":""T_RAW_UNIT_CTX"",""valid_from"":""2025-01-10T00:00:00Z"",""valid_to"":""""}],""raw_observation_indices"":[876,877,878,879,880,881,882,883]}}"
ANOM000074,N017,SCHEMA_V2,CHANGE_POINT,2025-11-17T08:00:00Z,2025-12-11T16:00:00Z,TRIAGE,,C0029,FIELD_SEMANTIC_CHANGE,13.9067,,N006|N001|N016|N017,,TRIAGE recommends human review of the listed candidate changes and categories. It does not assert that the change caused the anomaly.,"{""runner_up"":null,""selected"":{""affected_nodes"":[""N017""],""category"":""FIELD_SEMANTIC_CHANGE"",""change_id"":""C0029"",""path"":[""N006"",""N001"",""N016"",""N017""],""score"":13.9067,""terms"":{""affected_span_bonus"":1.0,""counter_example_penalty"":-0.0,""days_before_window_start"":12.33,""lineage_path_association"":2.0,""matched_symptom"":true,""missing_pattern_alignment"":0.0,""node_distance_penalty"":-0.6000000000000001,""normal_change_control"":false,""refs"":{""change_id"":""C0029"",""counter_examples"":[],""effective_at"":""2025-11-05T00:00:00Z"",""path"":[""N006"",""N001"",""N016"",""N017""]},""symptom_type_match"":9.0,""symptom_weight_raw"":3.0,""time_proximity"":0.5067,""time_validity"":2.0,""total"":13.9067}},""supporting_source_indices"":{""change_ids"":[""C0029""],""lineage_edges"":[{""confirmed_by"":""SYSTEMS_ARCHITECT_02"",""from_node"":""N016"",""rule_version"":""r2"",""source_file"":""registry/field_lineage_vr2.md"",""to_node"":""N017"",""transform_id"":""T_STORE_RESULT"",""valid_from"":""2025-06-01T05:00:00Z"",""valid_to"":""""},{""confirmed_by"":""SYSTEMS_ARCHITECT_01"",""from_node"":""N001"",""rule_version"":""r2"",""source_file"":""registry/field_lineage_vr2.md"",""to_node"":""N016"",""transform_id"":""T_PARSE_RESULT"",""valid_from"":""2025-06-01T05:00:00Z"",""valid_to"":""""},{""confirmed_by"":""INTERFACE_OWNER_01"",""from_node"":""N006"",""rule_version"":""r1"",""source_file"":""registry/field_lineage_vr1.md"",""to_node"":""N001"",""transform_id"":""T_RAW_UNIT_CTX"",""valid_from"":""2025-01-10T00:00:00Z"",""valid_to"":""""}],""raw_observation_indices"":[880,881,882,883,884,885,886,887]}}"
ANOM000075,N017,SCHEMA_V2,CHANGE_POINT,2026-01-12T08:00:00Z,2026-02-05T16:00:00Z,TRIAGE,,C0030,TRUE_BUSINESS_CHANGE,11.7067,,N006|N001|N016|N017,,TRIAGE recommends human review of the listed candidate changes and categories. It does not assert that the change caused the anomaly.,"{""runner_up"":null,""selected"":{""affected_nodes"":[""N017""],""category"":""TRUE_BUSINESS_CHANGE"",""change_id"":""C0030"",""path"":[""N006"",""N001"",""N016"",""N017""],""score"":11.7067,""terms"":{""affected_span_bonus"":1.0,""counter_example_penalty"":-0.0,""days_before_window_start"":-7.67,""lineage_path_association"":2.0,""matched_symptom"":true,""missing_pattern_alignment"":0.0,""node_distance_penalty"":-0.6000000000000001,""normal_change_control"":false,""refs"":{""change_id"":""C0030"",""counter_examples"":[],""effective_at"":""2026-01-20T00:00:00Z"",""path"":[""N006"",""N001"",""N016"",""N017""]},""symptom_type_match"":6.0,""symptom_weight_raw"":2.0,""time_proximity"":1.3067,""time_validity"":2.0,""total"":11.7067}},""supporting_source_indices"":{""change_ids"":[""C0030""],""lineage_edges"":[{""confirmed_by"":""SYSTEMS_ARCHITECT_02"",""from_node"":""N016"",""rule_version"":""r2"",""source_file"":""registry/field_lineage_vr2.md"",""to_node"":""N017"",""transform_id"":""T_STORE_RESULT"",""valid_from"":""2025-06-01T05:00:00Z"",""valid_to"":""""},{""confirmed_by"":""SYSTEMS_ARCHITECT_01"",""from_node"":""N001"",""rule_version"":""r2"",""source_file"":""registry/field_lineage_vr2.md"",""to_node"":""N016"",""transform_id"":""T_PARSE_RESULT"",""valid_from"":""2025-06-01T05:00:00Z"",""valid_to"":""""},{""confirmed_by"":""INTERFACE_OWNER_01"",""from_node"":""N006"",""rule_version"":""r1"",""source_file"":""registry/field_lineage_vr1.md"",""to_node"":""N001"",""transform_id"":""T_RAW_UNIT_CTX"",""valid_from"":""2025-01-10T00:00:00Z"",""valid_to"":""""}],""raw_observation_indices"":[896,897,898,899,900,901,902,903]}}"
ANOM000076,N017,SCHEMA_V2,FORMAT_VIOLATION,2026-01-26T08:00:00Z,2026-02-19T16:00:00Z,ABSTAIN,INSUFFICIENT_EVIDENCE,C0030|C0049|C0048,TRUE_BUSINESS_CHANGE|EXTRACTION_FAILURE|TRUE_BUSINESS_CHANGE,5.1467,,N006|N001|N016|N017,,,"{""candidates_considered"":[{""category"":""TRUE_BUSINESS_CHANGE"",""change_id"":""C0030"",""score"":5.1467},{""category"":""EXTRACTION_FAILURE"",""change_id"":""C0049"",""score"":4.5867},{""category"":""TRUE_BUSINESS_CHANGE"",""change_id"":""C0048"",""score"":4.0267}]}"
ANOM000077,N017,SCHEMA_V2,FORMAT_VIOLATION,2026-02-09T08:00:00Z,2026-03-05T16:00:00Z,ABSTAIN,INSUFFICIENT_EVIDENCE,C0031|C0050|C0030,TRUE_BUSINESS_CHANGE|TRUE_BUSINESS_CHANGE|TRUE_BUSINESS_CHANGE,6.1067,,N006|N001|N016|N017,,,"{""candidates_considered"":[{""category"":""TRUE_BUSINESS_CHANGE"",""change_id"":""C0031"",""score"":6.1067},{""category"":""TRUE_BUSINESS_CHANGE"",""change_id"":""C0050"",""score"":4.9867},{""category"":""TRUE_BUSINESS_CHANGE"",""change_id"":""C0030"",""score"":4.5867},{""category"":""EXTRACTION_FAILURE"",""change_id"":""C0049"",""score"":4.0267}]}"
ANOM000078,N017,SCHEMA_V2,CHANGE_POINT,2026-02-09T08:00:00Z,2026-03-05T16:00:00Z,TRIAGE,,C0031,TRUE_BUSINESS_CHANGE,12.1067,10.5867,N006|N001|N016|N017,,TRIAGE recommends human review of the listed candidate changes and categories. It does not assert that the change caused the anomaly.,"{""runner_up"":{""category"":""TRUE_BUSINESS_CHANGE"",""change_id"":""C0030"",""score"":10.5867},""selected"":{""affected_nodes"":[""N017""],""category"":""TRUE_BUSINESS_CHANGE"",""change_id"":""C0031"",""path"":[""N006"",""N001"",""N016"",""N017""],""score"":12.1067,""terms"":{""affected_span_bonus"":1.0,""counter_example_penalty"":-0.0,""days_before_window_start"":-17.67,""lineage_path_association"":2.0,""matched_symptom"":true,""missing_pattern_alignment"":0.0,""node_distance_penalty"":-0.6000000000000001,""normal_change_control"":false,""refs"":{""change_id"":""C0031"",""counter_examples"":[],""effective_at"":""2026-02-27T00:00:00Z"",""path"":[""N006"",""N001"",""N016"",""N017""]},""symptom_type_match"":6.0,""symptom_weight_raw"":2.0,""time_proximity"":1.7067,""time_validity"":2.0,""total"":12.1067}},""supporting_source_indices"":{""change_ids"":[""C0031""],""lineage_edges"":[{""confirmed_by"":""SYSTEMS_ARCHITECT_02"",""from_node"":""N016"",""rule_version"":""r2"",""source_file"":""registry/field_lineage_vr2.md"",""to_node"":""N017"",""transform_id"":""T_STORE_RESULT"",""valid_from"":""2025-06-01T05:00:00Z"",""valid_to"":""""},{""confirmed_by"":""SYSTEMS_ARCHITECT_01"",""from_node"":""N001"",""rule_version"":""r2"",""source_file"":""registry/field_lineage_vr2.md"",""to_node"":""N016"",""transform_id"":""T_PARSE_RESULT"",""valid_from"":""2025-06-01T05:00:00Z"",""valid_to"":""""},{""confirmed_by"":""INTERFACE_OWNER_01"",""from_node"":""N006"",""rule_version"":""r1"",""source_file"":""registry/field_lineage_vr1.md"",""to_node"":""N001"",""transform_id"":""T_RAW_UNIT_CTX"",""valid_from"":""2025-01-10T00:00:00Z"",""valid_to"":""""}],""raw_observation_indices"":[904,905,906,907,908,909,910,911]}}"
ANOM000079,N017,SCHEMA_V2,CHANGE_POINT,2026-02-23T08:00:00Z,2026-03-19T16:00:00Z,TRIAGE,,C0031,TRUE_BUSINESS_CHANGE,11.5467,,N006|N001|N016|N017,,TRIAGE recommends human review of the listed candidate changes and categories. It does not assert that the change caused the anomaly.,"{""runner_up"":null,""selected"":{""affected_nodes"":[""N017""],""category"":""TRUE_BUSINESS_CHANGE"",""change_id"":""C0031"",""path"":[""N006"",""N001"",""N016"",""N017""],""score"":11.5467,""terms"":{""affected_span_bonus"":1.0,""counter_example_penalty"":-0.0,""days_before_window_start"":-3.67,""lineage_path_association"":2.0,""matched_symptom"":true,""missing_pattern_alignment"":0.0,""node_distance_penalty"":-0.6000000000000001,""normal_change_control"":false,""refs"":{""change_id"":""C0031"",""counter_examples"":[],""effective_at"":""2026-02-27T00:00:00Z"",""path"":[""N006"",""N001"",""N016"",""N017""]},""symptom_type_match"":6.0,""symptom_weight_raw"":2.0,""time_proximity"":1.1467,""time_validity"":2.0,""total"":11.5467}},""supporting_source_indices"":{""change_ids"":[""C0031""],""lineage_edges"":[{""confirmed_by"":""SYSTEMS_ARCHITECT_02"",""from_node"":""N016"",""rule_version"":""r2"",""source_file"":""registry/field_lineage_vr2.md"",""to_node"":""N017"",""transform_id"":""T_STORE_RESULT"",""valid_from"":""2025-06-01T05:00:00Z"",""valid_to"":""""},{""confirmed_by"":""SYSTEMS_ARCHITECT_01"",""from_node"":""N001"",""rule_version"":""r2"",""source_file"":""registry/field_lineage_vr2.md"",""to_node"":""N016"",""transform_id"":""T_PARSE_RESULT"",""valid_from"":""2025-06-01T05:00:00Z"",""valid_to"":""""},{""confirmed_by"":""INTERFACE_OWNER_01"",""from_node"":""N006"",""rule_version"":""r1"",""source_file"":""registry/field_lineage_vr1.md"",""to_node"":""N001"",""transform_id"":""T_RAW_UNIT_CTX"",""valid_from"":""2025-01-10T00:00:00Z"",""valid_to"":""""}],""raw_observation_indices"":[908,909,910,911,912,913,914,915]}}"
ANOM000080,N017,SCHEMA_V2,CHANGE_POINT,2026-03-09T08:00:00Z,2026-04-02T16:00:00Z,TRIAGE,,C0031,TRUE_BUSINESS_CHANGE,10.9867,,N006|N001|N016|N017,,TRIAGE recommends human review of the listed candidate changes and categories. It does not assert that the change caused the anomaly.,"{""runner_up"":null,""selected"":{""affected_nodes"":[""N017""],""category"":""TRUE_BUSINESS_CHANGE"",""change_id"":""C0031"",""path"":[""N006"",""N001"",""N016"",""N017""],""score"":10.9867,""terms"":{""affected_span_bonus"":1.0,""counter_example_penalty"":-0.0,""days_before_window_start"":10.33,""lineage_path_association"":2.0,""matched_symptom"":true,""missing_pattern_alignment"":0.0,""node_distance_penalty"":-0.6000000000000001,""normal_change_control"":false,""refs"":{""change_id"":""C0031"",""counter_examples"":[],""effective_at"":""2026-02-27T00:00:00Z"",""path"":[""N006"",""N001"",""N016"",""N017""]},""symptom_type_match"":6.0,""symptom_weight_raw"":2.0,""time_proximity"":0.5867,""time_validity"":2.0,""total"":10.9867}},""supporting_source_indices"":{""change_ids"":[""C0031""],""lineage_edges"":[{""confirmed_by"":""SYSTEMS_ARCHITECT_02"",""from_node"":""N016"",""rule_version"":""r2"",""source_file"":""registry/field_lineage_vr2.md"",""to_node"":""N017"",""transform_id"":""T_STORE_RESULT"",""valid_from"":""2025-06-01T05:00:00Z"",""valid_to"":""""},{""confirmed_by"":""SYSTEMS_ARCHITECT_01"",""from_node"":""N001"",""rule_version"":""r2"",""source_file"":""registry/field_lineage_vr2.md"",""to_node"":""N016"",""transform_id"":""T_PARSE_RESULT"",""valid_from"":""2025-06-01T05:00:00Z"",""valid_to"":""""},{""confirmed_by"":""INTERFACE_OWNER_01"",""from_node"":""N006"",""rule_version"":""r1"",""source_file"":""registry/field_lineage_vr1.md"",""to_node"":""N001"",""transform_id"":""T_RAW_UNIT_CTX"",""valid_from"":""2025-01-10T00:00:00Z"",""valid_to"":""""}],""raw_observation_indices"":[912,913,914,915,916,917,918,919]}}"
ANOM000081,N017,SCHEMA_V2,CHANGE_POINT,2026-04-06T08:00:00Z,2026-04-30T16:00:00Z,TRIAGE,,C0032,TRUE_BUSINESS_CHANGE,11.3467,,N006|N001|N016|N017,,TRIAGE recommends human review of the listed candidate changes and categories. It does not assert that the change caused the anomaly.,"{""runner_up"":null,""selected"":{""affected_nodes"":[""N017""],""category"":""TRUE_BUSINESS_CHANGE"",""change_id"":""C0032"",""path"":[""N006"",""N001"",""N016"",""N017""],""score"":11.3467,""terms"":{""affected_span_bonus"":1.0,""counter_example_penalty"":-0.0,""days_before_window_start"":1.33,""lineage_path_association"":2.0,""matched_symptom"":true,""missing_pattern_alignment"":0.0,""node_distance_penalty"":-0.6000000000000001,""normal_change_control"":false,""refs"":{""change_id"":""C0032"",""counter_examples"":[],""effective_at"":""2026-04-05T00:00:00Z"",""path"":[""N006"",""N001"",""N016"",""N017""]},""symptom_type_match"":6.0,""symptom_weight_raw"":2.0,""time_proximity"":0.9467,""time_validity"":2.0,""total"":11.3467}},""supporting_source_indices"":{""change_ids"":[""C0032""],""lineage_edges"":[{""confirmed_by"":""SYSTEMS_ARCHITECT_02"",""from_node"":""N016"",""rule_version"":""r2"",""source_file"":""registry/field_lineage_vr2.md"",""to_node"":""N017"",""transform_id"":""T_STORE_RESULT"",""valid_from"":""2025-06-01T05:00:00Z"",""valid_to"":""""},{""confirmed_by"":""SYSTEMS_ARCHITECT_01"",""from_node"":""N001"",""rule_version"":""r2"",""source_file"":""registry/field_lineage_vr2.md"",""to_node"":""N016"",""transform_id"":""T_PARSE_RESULT"",""valid_from"":""2025-06-01T05:00:00Z"",""valid_to"":""""},{""confirmed_by"":""INTERFACE_OWNER_01"",""from_node"":""N006"",""rule_version"":""r1"",""source_file"":""registry/field_lineage_vr1.md"",""to_node"":""N001"",""transform_id"":""T_RAW_UNIT_CTX"",""valid_from"":""2025-01-10T00:00:00Z"",""valid_to"":""""}],""raw_observation_indices"":[920,921,922,923,924,925,926,927]}}"
ANOM000082,N017,SCHEMA_V2,CHANGE_POINT,2026-04-20T08:00:00Z,2026-05-14T16:00:00Z,TRIAGE,,C0032,TRUE_BUSINESS_CHANGE,10.7867,,N006|N001|N016|N017,,TRIAGE recommends human review of the listed candidate changes and categories. It does not assert that the change caused the anomaly.,"{""runner_up"":null,""selected"":{""affected_nodes"":[""N017""],""category"":""TRUE_BUSINESS_CHANGE"",""change_id"":""C0032"",""path"":[""N006"",""N001"",""N016"",""N017""],""score"":10.7867,""terms"":{""affected_span_bonus"":1.0,""counter_example_penalty"":-0.0,""days_before_window_start"":15.33,""lineage_path_association"":2.0,""matched_symptom"":true,""missing_pattern_alignment"":0.0,""node_distance_penalty"":-0.6000000000000001,""normal_change_control"":false,""refs"":{""change_id"":""C0032"",""counter_examples"":[],""effective_at"":""2026-04-05T00:00:00Z"",""path"":[""N006"",""N001"",""N016"",""N017""]},""symptom_type_match"":6.0,""symptom_weight_raw"":2.0,""time_proximity"":0.3867,""time_validity"":2.0,""total"":10.7867}},""supporting_source_indices"":{""change_ids"":[""C0032""],""lineage_edges"":[{""confirmed_by"":""SYSTEMS_ARCHITECT_02"",""from_node"":""N016"",""rule_version"":""r2"",""source_file"":""registry/field_lineage_vr2.md"",""to_node"":""N017"",""transform_id"":""T_STORE_RESULT"",""valid_from"":""2025-06-01T05:00:00Z"",""valid_to"":""""},{""confirmed_by"":""SYSTEMS_ARCHITECT_01"",""from_node"":""N001"",""rule_version"":""r2"",""source_file"":""registry/field_lineage_vr2.md"",""to_node"":""N016"",""transform_id"":""T_PARSE_RESULT"",""valid_from"":""2025-06-01T05:00:00Z"",""valid_to"":""""},{""confirmed_by"":""INTERFACE_OWNER_01"",""from_node"":""N006"",""rule_version"":""r1"",""source_file"":""registry/field_lineage_vr1.md"",""to_node"":""N001"",""transform_id"":""T_RAW_UNIT_CTX"",""valid_from"":""2025-01-10T00:00:00Z"",""valid_to"":""""}],""raw_observation_indices"":[924,925,926,927,928,929,930,931]}}"
ANOM000083,N017,SCHEMA_V2,CHANGE_POINT,2026-05-04T08:00:00Z,2026-05-28T16:00:00Z,TRIAGE,,C0033,TRUE_BUSINESS_CHANGE,11.7067,,N006|N001|N016|N017,,TRIAGE recommends human review of the listed candidate changes and categories. It does not assert that the change caused the anomaly.,"{""runner_up"":null,""selected"":{""affected_nodes"":[""N017""],""category"":""TRUE_BUSINESS_CHANGE"",""change_id"":""C0033"",""path"":[""N006"",""N001"",""N016"",""N017""],""score"":11.7067,""terms"":{""affected_span_bonus"":1.0,""counter_example_penalty"":-0.0,""days_before_window_start"":-7.67,""lineage_path_association"":2.0,""matched_symptom"":true,""missing_pattern_alignment"":0.0,""node_distance_penalty"":-0.6000000000000001,""normal_change_control"":false,""refs"":{""change_id"":""C0033"",""counter_examples"":[],""effective_at"":""2026-05-12T00:00:00Z"",""path"":[""N006"",""N001"",""N016"",""N017""]},""symptom_type_match"":6.0,""symptom_weight_raw"":2.0,""time_proximity"":1.3067,""time_validity"":2.0,""total"":11.7067}},""supporting_source_indices"":{""change_ids"":[""C0033""],""lineage_edges"":[{""confirmed_by"":""SYSTEMS_ARCHITECT_02"",""from_node"":""N016"",""rule_version"":""r2"",""source_file"":""registry/field_lineage_vr2.md"",""to_node"":""N017"",""transform_id"":""T_STORE_RESULT"",""valid_from"":""2025-06-01T05:00:00Z"",""valid_to"":""""},{""confirmed_by"":""SYSTEMS_ARCHITECT_01"",""from_node"":""N001"",""rule_version"":""r2"",""source_file"":""registry/field_lineage_vr2.md"",""to_node"":""N016"",""transform_id"":""T_PARSE_RESULT"",""valid_from"":""2025-06-01T05:00:00Z"",""valid_to"":""""},{""confirmed_by"":""INTERFACE_OWNER_01"",""from_node"":""N006"",""rule_version"":""r1"",""source_file"":""registry/field_lineage_vr1.md"",""to_node"":""N001"",""transform_id"":""T_RAW_UNIT_CTX"",""valid_from"":""2025-01-10T00:00:00Z"",""valid_to"":""""}],""raw_observation_indices"":[928,929,930,931,932,933,934,935]}}"
ANOM000084,N017,SCHEMA_V2,CHANGE_POINT,2026-05-18T08:00:00Z,2026-06-11T16:00:00Z,TRIAGE,,C0033,TRUE_BUSINESS_CHANGE,11.1467,,N006|N001|N016|N017,,TRIAGE recommends human review of the listed candidate changes and categories. It does not assert that the change caused the anomaly.,"{""runner_up"":null,""selected"":{""affected_nodes"":[""N017""],""category"":""TRUE_BUSINESS_CHANGE"",""change_id"":""C0033"",""path"":[""N006"",""N001"",""N016"",""N017""],""score"":11.1467,""terms"":{""affected_span_bonus"":1.0,""counter_example_penalty"":-0.0,""days_before_window_start"":6.33,""lineage_path_association"":2.0,""matched_symptom"":true,""missing_pattern_alignment"":0.0,""node_distance_penalty"":-0.6000000000000001,""normal_change_control"":false,""refs"":{""change_id"":""C0033"",""counter_examples"":[],""effective_at"":""2026-05-12T00:00:00Z"",""path"":[""N006"",""N001"",""N016"",""N017""]},""symptom_type_match"":6.0,""symptom_weight_raw"":2.0,""time_proximity"":0.7467,""time_validity"":2.0,""total"":11.1467}},""supporting_source_indices"":{""change_ids"":[""C0033""],""lineage_edges"":[{""confirmed_by"":""SYSTEMS_ARCHITECT_02"",""from_node"":""N016"",""rule_version"":""r2"",""source_file"":""registry/field_lineage_vr2.md"",""to_node"":""N017"",""transform_id"":""T_STORE_RESULT"",""valid_from"":""2025-06-01T05:00:00Z"",""valid_to"":""""},{""confirmed_by"":""SYSTEMS_ARCHITECT_01"",""from_node"":""N001"",""rule_version"":""r2"",""source_file"":""registry/field_lineage_vr2.md"",""to_node"":""N016"",""transform_id"":""T_PARSE_RESULT"",""valid_from"":""2025-06-01T05:00:00Z"",""valid_to"":""""},{""confirmed_by"":""INTERFACE_OWNER_01"",""from_node"":""N006"",""rule_version"":""r1"",""source_file"":""registry/field_lineage_vr1.md"",""to_node"":""N001"",""transform_id"":""T_RAW_UNIT_CTX"",""valid_from"":""2025-01-10T00:00:00Z"",""valid_to"":""""}],""raw_observation_indices"":[932,933,934,935,936,937,938,939]}}"
ANOM000085,N017,SCHEMA_V2,CHANGE_POINT,2026-06-01T08:00:00Z,2026-06-25T16:00:00Z,TRIAGE,,C0033,TRUE_BUSINESS_CHANGE,10.5867,,N006|N001|N016|N017,,TRIAGE recommends human review of the listed candidate changes and categories. It does not assert that the change caused the anomaly.,"{""runner_up"":null,""selected"":{""affected_nodes"":[""N017""],""category"":""TRUE_BUSINESS_CHANGE"",""change_id"":""C0033"",""path"":[""N006"",""N001"",""N016"",""N017""],""score"":10.5867,""terms"":{""affected_span_bonus"":1.0,""counter_example_penalty"":-0.0,""days_before_window_start"":20.33,""lineage_path_association"":2.0,""matched_symptom"":true,""missing_pattern_alignment"":0.0,""node_distance_penalty"":-0.6000000000000001,""normal_change_control"":false,""refs"":{""change_id"":""C0033"",""counter_examples"":[],""effective_at"":""2026-05-12T00:00:00Z"",""path"":[""N006"",""N001"",""N016"",""N017""]},""symptom_type_match"":6.0,""symptom_weight_raw"":2.0,""time_proximity"":0.1867,""time_validity"":2.0,""total"":10.5867}},""supporting_source_indices"":{""change_ids"":[""C0033""],""lineage_edges"":[{""confirmed_by"":""SYSTEMS_ARCHITECT_02"",""from_node"":""N016"",""rule_version"":""r2"",""source_file"":""registry/field_lineage_vr2.md"",""to_node"":""N017"",""transform_id"":""T_STORE_RESULT"",""valid_from"":""2025-06-01T05:00:00Z"",""valid_to"":""""},{""confirmed_by"":""SYSTEMS_ARCHITECT_01"",""from_node"":""N001"",""rule_version"":""r2"",""source_file"":""registry/field_lineage_vr2.md"",""to_node"":""N016"",""transform_id"":""T_PARSE_RESULT"",""valid_from"":""2025-06-01T05:00:00Z"",""valid_to"":""""},{""confirmed_by"":""INTERFACE_OWNER_01"",""from_node"":""N006"",""rule_version"":""r1"",""source_file"":""registry/field_lineage_vr1.md"",""to_node"":""N001"",""transform_id"":""T_RAW_UNIT_CTX"",""valid_from"":""2025-01-10T00:00:00Z"",""valid_to"":""""}],""raw_observation_indices"":[936,937,938,939,940,941,942,943]}}"
ANOM000086,N019,SCHEMA_V2,CHANGE_POINT,2025-06-01T16:00:00Z,2025-06-26T16:00:00Z,TRIAGE,,C0034,FIELD_SEMANTIC_CHANGE,14.2533,,N006|N001|N016|N017|N018|N019,,TRIAGE recommends human review of the listed candidate changes and categories. It does not assert that the change caused the anomaly.,"{""runner_up"":null,""selected"":{""affected_nodes"":[""N019""],""category"":""FIELD_SEMANTIC_CHANGE"",""change_id"":""C0034"",""path"":[""N006"",""N001"",""N016"",""N017"",""N018"",""N019""],""score"":14.2533,""terms"":{""affected_span_bonus"":1.0,""counter_example_penalty"":-0.0,""days_before_window_start"":-6.33,""lineage_path_association"":2.0,""matched_symptom"":true,""missing_pattern_alignment"":0.0,""node_distance_penalty"":-1.0,""normal_change_control"":false,""refs"":{""change_id"":""C0034"",""counter_examples"":[],""effective_at"":""2025-06-08T00:00:00Z"",""path"":[""N006"",""N001"",""N016"",""N017"",""N018"",""N019""]},""symptom_type_match"":9.0,""symptom_weight_raw"":3.0,""time_proximity"":1.2533,""time_validity"":2.0,""total"":14.2533}},""supporting_source_indices"":{""change_ids"":[""C0034""],""lineage_edges"":[{""confirmed_by"":""ETL_OWNER_01"",""from_node"":""N018"",""rule_version"":""r2"",""source_file"":""registry/field_lineage_vr2.md"",""to_node"":""N019"",""transform_id"":""T_RENDER_RESULT"",""valid_from"":""2025-06-01T05:00:00Z"",""valid_to"":""""},{""confirmed_by"":""INTERFACE_OWNER_01"",""from_node"":""N017"",""rule_version"":""r2"",""source_file"":""registry/field_lineage_vr2.md"",""to_node"":""N018"",""transform_id"":""T_IFACE_RESULT"",""valid_from"":""2025-06-01T05:00:00Z"",""valid_to"":""""},{""confirmed_by"":""SYSTEMS_ARCHITECT_02"",""from_node"":""N016"",""rule_version"":""r2"",""source_file"":""registry/field_lineage_vr2.md"",""to_node"":""N017"",""transform_id"":""T_STORE_RESULT"",""valid_from"":""2025-06-01T05:00:00Z"",""valid_to"":""""},{""confirmed_by"":""SYSTEMS_ARCHITECT_01"",""from_node"":""N001"",""rule_version"":""r2"",""source_file"":""registry/field_lineage_vr2.md"",""to_node"":""N016"",""transform_id"":""T_PARSE_RESULT"",""valid_from"":""2025-06-01T05:00:00Z"",""valid_to"":""""},{""confirmed_by"":""INTERFACE_OWNER_01"",""from_node"":""N006"",""rule_version"":""r1"",""source_file"":""registry/field_lineage_vr1.md"",""to_node"":""N001"",""transform_id"":""T_RAW_UNIT_CTX"",""valid_from"":""2025-01-10T00:00:00Z"",""valid_to"":""""}],""raw_observation_indices"":[944,945,946,947,948,949,950,951]}}"
ANOM000087,N019,SCHEMA_V2,CHANGE_POINT,2025-06-16T08:00:00Z,2025-07-10T16:00:00Z,TRIAGE,,C0034,FIELD_SEMANTIC_CHANGE,13.6667,,N006|N001|N016|N017|N018|N019,,TRIAGE recommends human review of the listed candidate changes and categories. It does not assert that the change caused the anomaly.,"{""runner_up"":null,""selected"":{""affected_nodes"":[""N019""],""category"":""FIELD_SEMANTIC_CHANGE"",""change_id"":""C0034"",""path"":[""N006"",""N001"",""N016"",""N017"",""N018"",""N019""],""score"":13.6667,""terms"":{""affected_span_bonus"":1.0,""counter_example_penalty"":-0.0,""days_before_window_start"":8.33,""lineage_path_association"":2.0,""matched_symptom"":true,""missing_pattern_alignment"":0.0,""node_distance_penalty"":-1.0,""normal_change_control"":false,""refs"":{""change_id"":""C0034"",""counter_examples"":[],""effective_at"":""2025-06-08T00:00:00Z"",""path"":[""N006"",""N001"",""N016"",""N017"",""N018"",""N019""]},""symptom_type_match"":9.0,""symptom_weight_raw"":3.0,""time_proximity"":0.6667,""time_validity"":2.0,""total"":13.6667}},""supporting_source_indices"":{""change_ids"":[""C0034""],""lineage_edges"":[{""confirmed_by"":""ETL_OWNER_01"",""from_node"":""N018"",""rule_version"":""r2"",""source_file"":""registry/field_lineage_vr2.md"",""to_node"":""N019"",""transform_id"":""T_RENDER_RESULT"",""valid_from"":""2025-06-01T05:00:00Z"",""valid_to"":""""},{""confirmed_by"":""INTERFACE_OWNER_01"",""from_node"":""N017"",""rule_version"":""r2"",""source_file"":""registry/field_lineage_vr2.md"",""to_node"":""N018"",""transform_id"":""T_IFACE_RESULT"",""valid_from"":""2025-06-01T05:00:00Z"",""valid_to"":""""},{""confirmed_by"":""SYSTEMS_ARCHITECT_02"",""from_node"":""N016"",""rule_version"":""r2"",""source_file"":""registry/field_lineage_vr2.md"",""to_node"":""N017"",""transform_id"":""T_STORE_RESULT"",""valid_from"":""2025-06-01T05:00:00Z"",""valid_to"":""""},{""confirmed_by"":""SYSTEMS_ARCHITECT_01"",""from_node"":""N001"",""rule_version"":""r2"",""source_file"":""registry/field_lineage_vr2.md"",""to_node"":""N016"",""transform_id"":""T_PARSE_RESULT"",""valid_from"":""2025-06-01T05:00:00Z"",""valid_to"":""""},{""confirmed_by"":""INTERFACE_OWNER_01"",""from_node"":""N006"",""rule_version"":""r1"",""source_file"":""registry/field_lineage_vr1.md"",""to_node"":""N001"",""transform_id"":""T_RAW_UNIT_CTX"",""valid_from"":""2025-01-10T00:00:00Z"",""valid_to"":""""}],""raw_observation_indices"":[948,949,950,951,952,953,954,955]}}"
ANOM000088,N019,SCHEMA_V2,CHANGE_POINT,2025-07-14T08:00:00Z,2025-08-07T16:00:00Z,TRIAGE,,C0035,FIELD_SEMANTIC_CHANGE,14.0667,,N006|N001|N016|N017|N018|N019,,TRIAGE recommends human review of the listed candidate changes and categories. It does not assert that the change caused the anomaly.,"{""runner_up"":null,""selected"":{""affected_nodes"":[""N019""],""category"":""FIELD_SEMANTIC_CHANGE"",""change_id"":""C0035"",""path"":[""N006"",""N001"",""N016"",""N017"",""N018"",""N019""],""score"":14.0667,""terms"":{""affected_span_bonus"":1.0,""counter_example_penalty"":-0.0,""days_before_window_start"":-1.67,""lineage_path_association"":2.0,""matched_symptom"":true,""missing_pattern_alignment"":0.0,""node_distance_penalty"":-1.0,""normal_change_control"":false,""refs"":{""change_id"":""C0035"",""counter_examples"":[],""effective_at"":""2025-07-16T00:00:00Z"",""path"":[""N006"",""N001"",""N016"",""N017"",""N018"",""N019""]},""symptom_type_match"":9.0,""symptom_weight_raw"":3.0,""time_proximity"":1.0667,""time_validity"":2.0,""total"":14.0667}},""supporting_source_indices"":{""change_ids"":[""C0035""],""lineage_edges"":[{""confirmed_by"":""ETL_OWNER_01"",""from_node"":""N018"",""rule_version"":""r2"",""source_file"":""registry/field_lineage_vr2.md"",""to_node"":""N019"",""transform_id"":""T_RENDER_RESULT"",""valid_from"":""2025-06-01T05:00:00Z"",""valid_to"":""""},{""confirmed_by"":""INTERFACE_OWNER_01"",""from_node"":""N017"",""rule_version"":""r2"",""source_file"":""registry/field_lineage_vr2.md"",""to_node"":""N018"",""transform_id"":""T_IFACE_RESULT"",""valid_from"":""2025-06-01T05:00:00Z"",""valid_to"":""""},{""confirmed_by"":""SYSTEMS_ARCHITECT_02"",""from_node"":""N016"",""rule_version"":""r2"",""source_file"":""registry/field_lineage_vr2.md"",""to_node"":""N017"",""transform_id"":""T_STORE_RESULT"",""valid_from"":""2025-06-01T05:00:00Z"",""valid_to"":""""},{""confirmed_by"":""SYSTEMS_ARCHITECT_01"",""from_node"":""N001"",""rule_version"":""r2"",""source_file"":""registry/field_lineage_vr2.md"",""to_node"":""N016"",""transform_id"":""T_PARSE_RESULT"",""valid_from"":""2025-06-01T05:00:00Z"",""valid_to"":""""},{""confirmed_by"":""INTERFACE_OWNER_01"",""from_node"":""N006"",""rule_version"":""r1"",""source_file"":""registry/field_lineage_vr1.md"",""to_node"":""N001"",""transform_id"":""T_RAW_UNIT_CTX"",""valid_from"":""2025-01-10T00:00:00Z"",""valid_to"":""""}],""raw_observation_indices"":[956,957,958,959,960,961,962,963]}}"
ANOM000089,N019,SCHEMA_V2,CHANGE_POINT,2025-07-28T08:00:00Z,2025-08-21T16:00:00Z,TRIAGE,,C0036,FIELD_SEMANTIC_CHANGE,14.7867,13.5067,N006|N001|N016|N017|N018|N019,,TRIAGE recommends human review of the listed candidate changes and categories. It does not assert that the change caused the anomaly.,"{""runner_up"":{""category"":""FIELD_SEMANTIC_CHANGE"",""change_id"":""C0035"",""score"":13.5067},""selected"":{""affected_nodes"":[""N019""],""category"":""FIELD_SEMANTIC_CHANGE"",""change_id"":""C0036"",""path"":[""N006"",""N001"",""N016"",""N017"",""N018"",""N019""],""score"":14.7867,""terms"":{""affected_span_bonus"":1.0,""counter_example_penalty"":-0.0,""days_before_window_start"":-19.67,""lineage_path_association"":2.0,""matched_symptom"":true,""missing_pattern_alignment"":0.0,""node_distance_penalty"":-1.0,""normal_change_control"":false,""refs"":{""change_id"":""C0036"",""counter_examples"":[],""effective_at"":""2025-08-17T00:00:00Z"",""path"":[""N006"",""N001"",""N016"",""N017"",""N018"",""N019""]},""symptom_type_match"":9.0,""symptom_weight_raw"":3.0,""time_proximity"":1.7867,""time_validity"":2.0,""total"":14.7867}},""supporting_source_indices"":{""change_ids"":[""C0036""],""lineage_edges"":[{""confirmed_by"":""ETL_OWNER_01"",""from_node"":""N018"",""rule_version"":""r2"",""source_file"":""registry/field_lineage_vr2.md"",""to_node"":""N019"",""transform_id"":""T_RENDER_RESULT"",""valid_from"":""2025-06-01T05:00:00Z"",""valid_to"":""""},{""confirmed_by"":""INTERFACE_OWNER_01"",""from_node"":""N017"",""rule_version"":""r2"",""source_file"":""registry/field_lineage_vr2.md"",""to_node"":""N018"",""transform_id"":""T_IFACE_RESULT"",""valid_from"":""2025-06-01T05:00:00Z"",""valid_to"":""""},{""confirmed_by"":""SYSTEMS_ARCHITECT_02"",""from_node"":""N016"",""rule_version"":""r2"",""source_file"":""registry/field_lineage_vr2.md"",""to_node"":""N017"",""transform_id"":""T_STORE_RESULT"",""valid_from"":""2025-06-01T05:00:00Z"",""valid_to"":""""},{""confirmed_by"":""SYSTEMS_ARCHITECT_01"",""from_node"":""N001"",""rule_version"":""r2"",""source_file"":""registry/field_lineage_vr2.md"",""to_node"":""N016"",""transform_id"":""T_PARSE_RESULT"",""valid_from"":""2025-06-01T05:00:00Z"",""valid_to"":""""},{""confirmed_by"":""INTERFACE_OWNER_01"",""from_node"":""N006"",""rule_version"":""r1"",""source_file"":""registry/field_lineage_vr1.md"",""to_node"":""N001"",""transform_id"":""T_RAW_UNIT_CTX"",""valid_from"":""2025-01-10T00:00:00Z"",""valid_to"":""""}],""raw_observation_indices"":[960,961,962,963,964,965,966,967]}}"
ANOM000090,N019,SCHEMA_V2,CHANGE_POINT,2025-08-11T08:00:00Z,2025-09-04T16:00:00Z,TRIAGE,,C0036,FIELD_SEMANTIC_CHANGE,14.2267,,N006|N001|N016|N017|N018|N019,,TRIAGE recommends human review of the listed candidate changes and categories. It does not assert that the change caused the anomaly.,"{""runner_up"":null,""selected"":{""affected_nodes"":[""N019""],""category"":""FIELD_SEMANTIC_CHANGE"",""change_id"":""C0036"",""path"":[""N006"",""N001"",""N016"",""N017"",""N018"",""N019""],""score"":14.2267,""terms"":{""affected_span_bonus"":1.0,""counter_example_penalty"":-0.0,""days_before_window_start"":-5.67,""lineage_path_association"":2.0,""matched_symptom"":true,""missing_pattern_alignment"":0.0,""node_distance_penalty"":-1.0,""normal_change_control"":false,""refs"":{""change_id"":""C0036"",""counter_examples"":[],""effective_at"":""2025-08-17T00:00:00Z"",""path"":[""N006"",""N001"",""N016"",""N017"",""N018"",""N019""]},""symptom_type_match"":9.0,""symptom_weight_raw"":3.0,""time_proximity"":1.2267,""time_validity"":2.0,""total"":14.2267}},""supporting_source_indices"":{""change_ids"":[""C0036""],""lineage_edges"":[{""confirmed_by"":""ETL_OWNER_01"",""from_node"":""N018"",""rule_version"":""r2"",""source_file"":""registry/field_lineage_vr2.md"",""to_node"":""N019"",""transform_id"":""T_RENDER_RESULT"",""valid_from"":""2025-06-01T05:00:00Z"",""valid_to"":""""},{""confirmed_by"":""INTERFACE_OWNER_01"",""from_node"":""N017"",""rule_version"":""r2"",""source_file"":""registry/field_lineage_vr2.md"",""to_node"":""N018"",""transform_id"":""T_IFACE_RESULT"",""valid_from"":""2025-06-01T05:00:00Z"",""valid_to"":""""},{""confirmed_by"":""SYSTEMS_ARCHITECT_02"",""from_node"":""N016"",""rule_version"":""r2"",""source_file"":""registry/field_lineage_vr2.md"",""to_node"":""N017"",""transform_id"":""T_STORE_RESULT"",""valid_from"":""2025-06-01T05:00:00Z"",""valid_to"":""""},{""confirmed_by"":""SYSTEMS_ARCHITECT_01"",""from_node"":""N001"",""rule_version"":""r2"",""source_file"":""registry/field_lineage_vr2.md"",""to_node"":""N016"",""transform_id"":""T_PARSE_RESULT"",""valid_from"":""2025-06-01T05:00:00Z"",""valid_to"":""""},{""confirmed_by"":""INTERFACE_OWNER_01"",""from_node"":""N006"",""rule_version"":""r1"",""source_file"":""registry/field_lineage_vr1.md"",""to_node"":""N001"",""transform_id"":""T_RAW_UNIT_CTX"",""valid_from"":""2025-01-10T00:00:00Z"",""valid_to"":""""}],""raw_observation_indices"":[964,965,966,967,968,969,970,971]}}"
ANOM000091,N019,SCHEMA_V2,CHANGE_POINT,2025-08-25T08:00:00Z,2025-09-18T16:00:00Z,TRIAGE,,C0028,FIELD_SEMANTIC_CHANGE,13.8267,13.6667,N006|N001|N016|N017|N018|N019,,TRIAGE recommends human review of the listed candidate changes and categories. It does not assert that the change caused the anomaly.,"{""runner_up"":{""category"":""FIELD_SEMANTIC_CHANGE"",""change_id"":""C0036"",""score"":13.6667},""selected"":{""affected_nodes"":[""N017""],""category"":""FIELD_SEMANTIC_CHANGE"",""change_id"":""C0028"",""path"":[""N006"",""N001"",""N016"",""N017"",""N018"",""N019""],""score"":13.8267,""terms"":{""affected_span_bonus"":0.0,""counter_example_penalty"":-0.0,""days_before_window_start"":-10.67,""lineage_path_association"":2.0,""matched_symptom"":true,""missing_pattern_alignment"":0.0,""node_distance_penalty"":-0.6000000000000001,""normal_change_control"":false,""refs"":{""change_id"":""C0028"",""counter_examples"":[],""effective_at"":""2025-09-05T00:00:00Z"",""path"":[""N006"",""N001"",""N016"",""N017"",""N018"",""N019""]},""symptom_type_match"":9.0,""symptom_weight_raw"":3.0,""time_proximity"":1.4267,""time_validity"":2.0,""total"":13.8267}},""supporting_source_indices"":{""change_ids"":[""C0028""],""lineage_edges"":[{""confirmed_by"":""ETL_OWNER_01"",""from_node"":""N018"",""rule_version"":""r2"",""source_file"":""registry/field_lineage_vr2.md"",""to_node"":""N019"",""transform_id"":""T_RENDER_RESULT"",""valid_from"":""2025-06-01T05:00:00Z"",""valid_to"":""""},{""confirmed_by"":""INTERFACE_OWNER_01"",""from_node"":""N017"",""rule_version"":""r2"",""source_file"":""registry/field_lineage_vr2.md"",""to_node"":""N018"",""transform_id"":""T_IFACE_RESULT"",""valid_from"":""2025-06-01T05:00:00Z"",""valid_to"":""""},{""confirmed_by"":""SYSTEMS_ARCHITECT_02"",""from_node"":""N016"",""rule_version"":""r2"",""source_file"":""registry/field_lineage_vr2.md"",""to_node"":""N017"",""transform_id"":""T_STORE_RESULT"",""valid_from"":""2025-06-01T05:00:00Z"",""valid_to"":""""},{""confirmed_by"":""SYSTEMS_ARCHITECT_01"",""from_node"":""N001"",""rule_version"":""r2"",""source_file"":""registry/field_lineage_vr2.md"",""to_node"":""N016"",""transform_id"":""T_PARSE_RESULT"",""valid_from"":""2025-06-01T05:00:00Z"",""valid_to"":""""},{""confirmed_by"":""INTERFACE_OWNER_01"",""from_node"":""N006"",""rule_version"":""r1"",""source_file"":""registry/field_lineage_vr1.md"",""to_node"":""N001"",""transform_id"":""T_RAW_UNIT_CTX"",""valid_from"":""2025-01-10T00:00:00Z"",""valid_to"":""""}],""raw_observation_indices"":[968,969,970,971,972,973,974,975]}}"
ANOM000092,N019,SCHEMA_V2,CHANGE_POINT,2025-09-08T08:00:00Z,2025-10-02T16:00:00Z,TRIAGE,,C0037,FIELD_SEMANTIC_CHANGE,14.5067,13.2667,N006|N001|N016|N017|N018|N019,,TRIAGE recommends human review of the listed candidate changes and categories. It does not assert that the change caused the anomaly.,"{""runner_up"":{""category"":""FIELD_SEMANTIC_CHANGE"",""change_id"":""C0028"",""score"":13.2667},""selected"":{""affected_nodes"":[""N019""],""category"":""FIELD_SEMANTIC_CHANGE"",""change_id"":""C0037"",""path"":[""N006"",""N001"",""N016"",""N017"",""N018"",""N019""],""score"":14.5067,""terms"":{""affected_span_bonus"":1.0,""counter_example_penalty"":-0.0,""days_before_window_start"":-12.67,""lineage_path_association"":2.0,""matched_symptom"":true,""missing_pattern_alignment"":0.0,""node_distance_penalty"":-1.0,""normal_change_control"":false,""refs"":{""change_id"":""C0037"",""counter_examples"":[],""effective_at"":""2025-09-21T00:00:00Z"",""path"":[""N006"",""N001"",""N016"",""N017"",""N018"",""N019""]},""symptom_type_match"":9.0,""symptom_weight_raw"":3.0,""time_proximity"":1.5067,""time_validity"":2.0,""total"":14.5067}},""supporting_source_indices"":{""change_ids"":[""C0037""],""lineage_edges"":[{""confirmed_by"":""ETL_OWNER_01"",""from_node"":""N018"",""rule_version"":""r2"",""source_file"":""registry/field_lineage_vr2.md"",""to_node"":""N019"",""transform_id"":""T_RENDER_RESULT"",""valid_from"":""2025-06-01T05:00:00Z"",""valid_to"":""""},{""confirmed_by"":""INTERFACE_OWNER_01"",""from_node"":""N017"",""rule_version"":""r2"",""source_file"":""registry/field_lineage_vr2.md"",""to_node"":""N018"",""transform_id"":""T_IFACE_RESULT"",""valid_from"":""2025-06-01T05:00:00Z"",""valid_to"":""""},{""confirmed_by"":""SYSTEMS_ARCHITECT_02"",""from_node"":""N016"",""rule_version"":""r2"",""source_file"":""registry/field_lineage_vr2.md"",""to_node"":""N017"",""transform_id"":""T_STORE_RESULT"",""valid_from"":""2025-06-01T05:00:00Z"",""valid_to"":""""},{""confirmed_by"":""SYSTEMS_ARCHITECT_01"",""from_node"":""N001"",""rule_version"":""r2"",""source_file"":""registry/field_lineage_vr2.md"",""to_node"":""N016"",""transform_id"":""T_PARSE_RESULT"",""valid_from"":""2025-06-01T05:00:00Z"",""valid_to"":""""},{""confirmed_by"":""INTERFACE_OWNER_01"",""from_node"":""N006"",""rule_version"":""r1"",""source_file"":""registry/field_lineage_vr1.md"",""to_node"":""N001"",""transform_id"":""T_RAW_UNIT_CTX"",""valid_from"":""2025-01-10T00:00:00Z"",""valid_to"":""""}],""raw_observation_indices"":[972,973,974,975,976,977,978,979]}}"
ANOM000093,N019,SCHEMA_V2,CHANGE_POINT,2025-10-06T08:00:00Z,2025-10-30T16:00:00Z,TRIAGE,,C0038,FIELD_SEMANTIC_CHANGE,14.8267,13.3867,N006|N001|N016|N017|N018|N019,,TRIAGE recommends human review of the listed candidate changes and categories. It does not assert that the change caused the anomaly.,"{""runner_up"":{""category"":""FIELD_SEMANTIC_CHANGE"",""change_id"":""C0037"",""score"":13.3867},""selected"":{""affected_nodes"":[""N019""],""category"":""FIELD_SEMANTIC_CHANGE"",""change_id"":""C0038"",""path"":[""N006"",""N001"",""N016"",""N017"",""N018"",""N019""],""score"":14.8267,""terms"":{""affected_span_bonus"":1.0,""counter_example_penalty"":-0.0,""days_before_window_start"":-20.67,""lineage_path_association"":2.0,""matched_symptom"":true,""missing_pattern_alignment"":0.0,""node_distance_penalty"":-1.0,""normal_change_control"":false,""refs"":{""change_id"":""C0038"",""counter_examples"":[],""effective_at"":""2025-10-27T00:00:00Z"",""path"":[""N006"",""N001"",""N016"",""N017"",""N018"",""N019""]},""symptom_type_match"":9.0,""symptom_weight_raw"":3.0,""time_proximity"":1.8267,""time_validity"":2.0,""total"":14.8267}},""supporting_source_indices"":{""change_ids"":[""C0038""],""lineage_edges"":[{""confirmed_by"":""ETL_OWNER_01"",""from_node"":""N018"",""rule_version"":""r2"",""source_file"":""registry/field_lineage_vr2.md"",""to_node"":""N019"",""transform_id"":""T_RENDER_RESULT"",""valid_from"":""2025-06-01T05:00:00Z"",""valid_to"":""""},{""confirmed_by"":""INTERFACE_OWNER_01"",""from_node"":""N017"",""rule_version"":""r2"",""source_file"":""registry/field_lineage_vr2.md"",""to_node"":""N018"",""transform_id"":""T_IFACE_RESULT"",""valid_from"":""2025-06-01T05:00:00Z"",""valid_to"":""""},{""confirmed_by"":""SYSTEMS_ARCHITECT_02"",""from_node"":""N016"",""rule_version"":""r2"",""source_file"":""registry/field_lineage_vr2.md"",""to_node"":""N017"",""transform_id"":""T_STORE_RESULT"",""valid_from"":""2025-06-01T05:00:00Z"",""valid_to"":""""},{""confirmed_by"":""SYSTEMS_ARCHITECT_01"",""from_node"":""N001"",""rule_version"":""r2"",""source_file"":""registry/field_lineage_vr2.md"",""to_node"":""N016"",""transform_id"":""T_PARSE_RESULT"",""valid_from"":""2025-06-01T05:00:00Z"",""valid_to"":""""},{""confirmed_by"":""INTERFACE_OWNER_01"",""from_node"":""N006"",""rule_version"":""r1"",""source_file"":""registry/field_lineage_vr1.md"",""to_node"":""N001"",""transform_id"":""T_RAW_UNIT_CTX"",""valid_from"":""2025-01-10T00:00:00Z"",""valid_to"":""""}],""raw_observation_indices"":[980,981,982,983,984,985,986,987]}}"
ANOM000094,N019,SCHEMA_V2,CHANGE_POINT,2025-10-20T08:00:00Z,2025-11-13T16:00:00Z,TRIAGE,,C0038,FIELD_SEMANTIC_CHANGE,14.2667,14.0267,N006|N001|N016|N017|N018|N019,,TRIAGE recommends human review of the listed candidate changes and categories. It does not assert that the change caused the anomaly.,"{""runner_up"":{""category"":""FIELD_SEMANTIC_CHANGE"",""change_id"":""C0029"",""score"":14.0267},""selected"":{""affected_nodes"":[""N019""],""category"":""FIELD_SEMANTIC_CHANGE"",""change_id"":""C0038"",""path"":[""N006"",""N001"",""N016"",""N017"",""N018"",""N019""],""score"":14.2667,""terms"":{""affected_span_bonus"":1.0,""counter_example_penalty"":-0.0,""days_before_window_start"":-6.67,""lineage_path_association"":2.0,""matched_symptom"":true,""missing_pattern_alignment"":0.0,""node_distance_penalty"":-1.0,""normal_change_control"":false,""refs"":{""change_id"":""C0038"",""counter_examples"":[],""effective_at"":""2025-10-27T00:00:00Z"",""path"":[""N006"",""N001"",""N016"",""N017"",""N018"",""N019""]},""symptom_type_match"":9.0,""symptom_weight_raw"":3.0,""time_proximity"":1.2667,""time_validity"":2.0,""total"":14.2667}},""supporting_source_indices"":{""change_ids"":[""C0038""],""lineage_edges"":[{""confirmed_by"":""ETL_OWNER_01"",""from_node"":""N018"",""rule_version"":""r2"",""source_file"":""registry/field_lineage_vr2.md"",""to_node"":""N019"",""transform_id"":""T_RENDER_RESULT"",""valid_from"":""2025-06-01T05:00:00Z"",""valid_to"":""""},{""confirmed_by"":""INTERFACE_OWNER_01"",""from_node"":""N017"",""rule_version"":""r2"",""source_file"":""registry/field_lineage_vr2.md"",""to_node"":""N018"",""transform_id"":""T_IFACE_RESULT"",""valid_from"":""2025-06-01T05:00:00Z"",""valid_to"":""""},{""confirmed_by"":""SYSTEMS_ARCHITECT_02"",""from_node"":""N016"",""rule_version"":""r2"",""source_file"":""registry/field_lineage_vr2.md"",""to_node"":""N017"",""transform_id"":""T_STORE_RESULT"",""valid_from"":""2025-06-01T05:00:00Z"",""valid_to"":""""},{""confirmed_by"":""SYSTEMS_ARCHITECT_01"",""from_node"":""N001"",""rule_version"":""r2"",""source_file"":""registry/field_lineage_vr2.md"",""to_node"":""N016"",""transform_id"":""T_PARSE_RESULT"",""valid_from"":""2025-06-01T05:00:00Z"",""valid_to"":""""},{""confirmed_by"":""INTERFACE_OWNER_01"",""from_node"":""N006"",""rule_version"":""r1"",""source_file"":""registry/field_lineage_vr1.md"",""to_node"":""N001"",""transform_id"":""T_RAW_UNIT_CTX"",""valid_from"":""2025-01-10T00:00:00Z"",""valid_to"":""""}],""raw_observation_indices"":[984,985,986,987,988,989,990,991]}}"
ANOM000095,N019,SCHEMA_V2,CHANGE_POINT,2025-11-03T08:00:00Z,2025-11-27T16:00:00Z,TRIAGE,,C0038,FIELD_SEMANTIC_CHANGE,13.7067,13.4667,N006|N001|N016|N017|N018|N019,,TRIAGE recommends human review of the listed candidate changes and categories. It does not assert that the change caused the anomaly.,"{""runner_up"":{""category"":""FIELD_SEMANTIC_CHANGE"",""change_id"":""C0029"",""score"":13.4667},""selected"":{""affected_nodes"":[""N019""],""category"":""FIELD_SEMANTIC_CHANGE"",""change_id"":""C0038"",""path"":[""N006"",""N001"",""N016"",""N017"",""N018"",""N019""],""score"":13.7067,""terms"":{""affected_span_bonus"":1.0,""counter_example_penalty"":-0.0,""days_before_window_start"":7.33,""lineage_path_association"":2.0,""matched_symptom"":true,""missing_pattern_alignment"":0.0,""node_distance_penalty"":-1.0,""normal_change_control"":false,""refs"":{""change_id"":""C0038"",""counter_examples"":[],""effective_at"":""2025-10-27T00:00:00Z"",""path"":[""N006"",""N001"",""N016"",""N017"",""N018"",""N019""]},""symptom_type_match"":9.0,""symptom_weight_raw"":3.0,""time_proximity"":0.7067,""time_validity"":2.0,""total"":13.7067}},""supporting_source_indices"":{""change_ids"":[""C0038""],""lineage_edges"":[{""confirmed_by"":""ETL_OWNER_01"",""from_node"":""N018"",""rule_version"":""r2"",""source_file"":""registry/field_lineage_vr2.md"",""to_node"":""N019"",""transform_id"":""T_RENDER_RESULT"",""valid_from"":""2025-06-01T05:00:00Z"",""valid_to"":""""},{""confirmed_by"":""INTERFACE_OWNER_01"",""from_node"":""N017"",""rule_version"":""r2"",""source_file"":""registry/field_lineage_vr2.md"",""to_node"":""N018"",""transform_id"":""T_IFACE_RESULT"",""valid_from"":""2025-06-01T05:00:00Z"",""valid_to"":""""},{""confirmed_by"":""SYSTEMS_ARCHITECT_02"",""from_node"":""N016"",""rule_version"":""r2"",""source_file"":""registry/field_lineage_vr2.md"",""to_node"":""N017"",""transform_id"":""T_STORE_RESULT"",""valid_from"":""2025-06-01T05:00:00Z"",""valid_to"":""""},{""confirmed_by"":""SYSTEMS_ARCHITECT_01"",""from_node"":""N001"",""rule_version"":""r2"",""source_file"":""registry/field_lineage_vr2.md"",""to_node"":""N016"",""transform_id"":""T_PARSE_RESULT"",""valid_from"":""2025-06-01T05:00:00Z"",""valid_to"":""""},{""confirmed_by"":""INTERFACE_OWNER_01"",""from_node"":""N006"",""rule_version"":""r1"",""source_file"":""registry/field_lineage_vr1.md"",""to_node"":""N001"",""transform_id"":""T_RAW_UNIT_CTX"",""valid_from"":""2025-01-10T00:00:00Z"",""valid_to"":""""}],""raw_observation_indices"":[988,989,990,991,992,993,994,995]}}"
ANOM000096,N019,SCHEMA_V2,CHANGE_POINT,2025-11-17T08:00:00Z,2025-12-11T16:00:00Z,TRIAGE,,C0038,FIELD_SEMANTIC_CHANGE,13.1467,12.9067,N006|N001|N016|N017|N018|N019,,TRIAGE recommends human review of the listed candidate changes and categories. It does not assert that the change caused the anomaly.,"{""runner_up"":{""category"":""FIELD_SEMANTIC_CHANGE"",""change_id"":""C0029"",""score"":12.9067},""selected"":{""affected_nodes"":[""N019""],""category"":""FIELD_SEMANTIC_CHANGE"",""change_id"":""C0038"",""path"":[""N006"",""N001"",""N016"",""N017"",""N018"",""N019""],""score"":13.1467,""terms"":{""affected_span_bonus"":1.0,""counter_example_penalty"":-0.0,""days_before_window_start"":21.33,""lineage_path_association"":2.0,""matched_symptom"":true,""missing_pattern_alignment"":0.0,""node_distance_penalty"":-1.0,""normal_change_control"":false,""refs"":{""change_id"":""C0038"",""counter_examples"":[],""effective_at"":""2025-10-27T00:00:00Z"",""path"":[""N006"",""N001"",""N016"",""N017"",""N018"",""N019""]},""symptom_type_match"":9.0,""symptom_weight_raw"":3.0,""time_proximity"":0.1467,""time_validity"":2.0,""total"":13.1467}},""supporting_source_indices"":{""change_ids"":[""C0038""],""lineage_edges"":[{""confirmed_by"":""ETL_OWNER_01"",""from_node"":""N018"",""rule_version"":""r2"",""source_file"":""registry/field_lineage_vr2.md"",""to_node"":""N019"",""transform_id"":""T_RENDER_RESULT"",""valid_from"":""2025-06-01T05:00:00Z"",""valid_to"":""""},{""confirmed_by"":""INTERFACE_OWNER_01"",""from_node"":""N017"",""rule_version"":""r2"",""source_file"":""registry/field_lineage_vr2.md"",""to_node"":""N018"",""transform_id"":""T_IFACE_RESULT"",""valid_from"":""2025-06-01T05:00:00Z"",""valid_to"":""""},{""confirmed_by"":""SYSTEMS_ARCHITECT_02"",""from_node"":""N016"",""rule_version"":""r2"",""source_file"":""registry/field_lineage_vr2.md"",""to_node"":""N017"",""transform_id"":""T_STORE_RESULT"",""valid_from"":""2025-06-01T05:00:00Z"",""valid_to"":""""},{""confirmed_by"":""SYSTEMS_ARCHITECT_01"",""from_node"":""N001"",""rule_version"":""r2"",""source_file"":""registry/field_lineage_vr2.md"",""to_node"":""N016"",""transform_id"":""T_PARSE_RESULT"",""valid_from"":""2025-06-01T05:00:00Z"",""valid_to"":""""},{""confirmed_by"":""INTERFACE_OWNER_01"",""from_node"":""N006"",""rule_version"":""r1"",""source_file"":""registry/field_lineage_vr1.md"",""to_node"":""N001"",""transform_id"":""T_RAW_UNIT_CTX"",""valid_from"":""2025-01-10T00:00:00Z"",""valid_to"":""""}],""raw_observation_indices"":[992,993,994,995,996,997,998,999]}}"
ANOM000097,N022,SCHEMA_V2,FORMAT_VIOLATION,2025-06-01T16:00:00Z,2025-06-26T16:00:00Z,ABSTAIN,INSUFFICIENT_EVIDENCE,,,,,N006|N020|N021|N022,,,"{""candidates_considered"":[]}"
ANOM000098,N022,SCHEMA_V2,FORMAT_VIOLATION,2025-06-16T08:00:00Z,2025-07-10T16:00:00Z,ABSTAIN,INSUFFICIENT_EVIDENCE,C0010,UNIT_CHANGE,5.2267,,N006|N020|N021|N022,,,"{""candidates_considered"":[{""category"":""UNIT_CHANGE"",""change_id"":""C0010"",""score"":5.2267}]}"
ANOM000099,N022,SCHEMA_V2,UNIT_DEVIATION,2025-06-16T08:00:00Z,2025-07-10T16:00:00Z,TRIAGE,,C0010,UNIT_CHANGE,14.2267,,N006|N020|N021|N022,,TRIAGE recommends human review of the listed candidate changes and categories. It does not assert that the change caused the anomaly.,"{""runner_up"":null,""selected"":{""affected_nodes"":[""N021""],""category"":""UNIT_CHANGE"",""change_id"":""C0010"",""path"":[""N006"",""N020"",""N021"",""N022""],""score"":14.2267,""terms"":{""affected_span_bonus"":0.0,""counter_example_penalty"":-0.0,""days_before_window_start"":-15.67,""lineage_path_association"":2.0,""matched_symptom"":true,""missing_pattern_alignment"":0.0,""node_distance_penalty"":-0.4,""normal_change_control"":false,""refs"":{""change_id"":""C0010"",""counter_examples"":[],""effective_at"":""2025-07-02T00:00:00Z"",""path"":[""N006"",""N020"",""N021"",""N022""]},""symptom_type_match"":9.0,""symptom_weight_raw"":3.0,""time_proximity"":1.6267,""time_validity"":2.0,""total"":14.2267}},""supporting_source_indices"":{""change_ids"":[""C0010""],""lineage_edges"":[{""confirmed_by"":""SYSTEMS_ARCHITECT_01"",""from_node"":""N021"",""rule_version"":""r2"",""source_file"":""registry/field_lineage_vr2.md"",""to_node"":""N022"",""transform_id"":""T_RENDER_UNIT"",""valid_from"":""2025-06-01T05:00:00Z"",""valid_to"":""""},{""confirmed_by"":""SYSTEMS_ARCHITECT_02"",""from_node"":""N020"",""rule_version"":""r2"",""source_file"":""registry/field_lineage_vr2.md"",""to_node"":""N021"",""transform_id"":""T_STORE_UNIT"",""valid_from"":""2025-06-01T05:00:00Z"",""valid_to"":""""},{""confirmed_by"":""ETL_OWNER_01"",""from_node"":""N006"",""rule_version"":""r2"",""source_file"":""registry/field_lineage_vr2.md"",""to_node"":""N020"",""transform_id"":""T_PARSE_UNIT"",""valid_from"":""2025-06-01T05:00:00Z"",""valid_to"":""""}],""raw_observation_indices"":[1066,1067]}}"
ANOM000100,N022,SCHEMA_V2,FORMAT_VIOLATION,2025-06-30T08:00:00Z,2025-07-24T16:00:00Z,ABSTAIN,INSUFFICIENT_EVIDENCE,C0010,UNIT_CHANGE,4.6667,,N006|N020|N021|N022,,,"{""candidates_considered"":[{""category"":""UNIT_CHANGE"",""change_id"":""C0010"",""score"":4.6667}]}"
ANOM000101,N022,SCHEMA_V2,UNIT_DEVIATION,2025-06-30T08:00:00Z,2025-07-24T16:00:00Z,TRIAGE,,C0010,UNIT_CHANGE,13.6667,,N006|N020|N021|N022,,TRIAGE recommends human review of the listed candidate changes and categories. It does not assert that the change caused the anomaly.,"{""runner_up"":null,""selected"":{""affected_nodes"":[""N021""],""category"":""UNIT_CHANGE"",""change_id"":""C0010"",""path"":[""N006"",""N020"",""N021"",""N022""],""score"":13.6667,""terms"":{""affected_span_bonus"":0.0,""counter_example_penalty"":-0.0,""days_before_window_start"":-1.67,""lineage_path_association"":2.0,""matched_symptom"":true,""missing_pattern_alignment"":0.0,""node_distance_penalty"":-0.4,""normal_change_control"":false,""refs"":{""change_id"":""C0010"",""counter_examples"":[],""effective_at"":""2025-07-02T00:00:00Z"",""path"":[""N006"",""N020"",""N021"",""N022""]},""symptom_type_match"":9.0,""symptom_weight_raw"":3.0,""time_proximity"":1.0667,""time_validity"":2.0,""total"":13.6667}},""supporting_source_indices"":{""change_ids"":[""C0010""],""lineage_edges"":[{""confirmed_by"":""SYSTEMS_ARCHITECT_01"",""from_node"":""N021"",""rule_version"":""r2"",""source_file"":""registry/field_lineage_vr2.md"",""to_node"":""N022"",""transform_id"":""T_RENDER_UNIT"",""valid_from"":""2025-06-01T05:00:00Z"",""valid_to"":""""},{""confirmed_by"":""SYSTEMS_ARCHITECT_02"",""from_node"":""N020"",""rule_version"":""r2"",""source_file"":""registry/field_lineage_vr2.md"",""to_node"":""N021"",""transform_id"":""T_STORE_UNIT"",""valid_from"":""2025-06-01T05:00:00Z"",""valid_to"":""""},{""confirmed_by"":""ETL_OWNER_01"",""from_node"":""N006"",""rule_version"":""r2"",""source_file"":""registry/field_lineage_vr2.md"",""to_node"":""N020"",""transform_id"":""T_PARSE_UNIT"",""valid_from"":""2025-06-01T05:00:00Z"",""valid_to"":""""}],""raw_observation_indices"":[1066,1067,1068,1069,1070,1071]}}"
ANOM000102,N022,SCHEMA_V2,FORMAT_VIOLATION,2025-07-14T08:00:00Z,2025-08-07T16:00:00Z,ABSTAIN,INSUFFICIENT_EVIDENCE,C0011|C0010,TRUE_BUSINESS_CHANGE|UNIT_CHANGE,5.8667,,N006|N020|N021|N022,,,"{""candidates_considered"":[{""category"":""TRUE_BUSINESS_CHANGE"",""change_id"":""C0011"",""score"":5.8667},{""category"":""UNIT_CHANGE"",""change_id"":""C0010"",""score"":4.1067}]}"
ANOM000103,N022,SCHEMA_V2,UNIT_DEVIATION,2025-07-14T08:00:00Z,2025-08-07T16:00:00Z,TRIAGE,,C0010,UNIT_CHANGE,13.1067,,N006|N020|N021|N022,,TRIAGE recommends human review of the listed candidate changes and categories. It does not assert that the change caused the anomaly.,"{""runner_up"":null,""selected"":{""affected_nodes"":[""N021""],""category"":""UNIT_CHANGE"",""change_id"":""C0010"",""path"":[""N006"",""N020"",""N021"",""N022""],""score"":13.1067,""terms"":{""affected_span_bonus"":0.0,""counter_example_penalty"":-0.0,""days_before_window_start"":12.33,""lineage_path_association"":2.0,""matched_symptom"":true,""missing_pattern_alignment"":0.0,""node_distance_penalty"":-0.4,""normal_change_control"":false,""refs"":{""change_id"":""C0010"",""counter_examples"":[],""effective_at"":""2025-07-02T00:00:00Z"",""path"":[""N006"",""N020"",""N021"",""N022""]},""symptom_type_match"":9.0,""symptom_weight_raw"":3.0,""time_proximity"":0.5067,""time_validity"":2.0,""total"":13.1067}},""supporting_source_indices"":{""change_ids"":[""C0010""],""lineage_edges"":[{""confirmed_by"":""SYSTEMS_ARCHITECT_01"",""from_node"":""N021"",""rule_version"":""r2"",""source_file"":""registry/field_lineage_vr2.md"",""to_node"":""N022"",""transform_id"":""T_RENDER_UNIT"",""valid_from"":""2025-06-01T05:00:00Z"",""valid_to"":""""},{""confirmed_by"":""SYSTEMS_ARCHITECT_02"",""from_node"":""N020"",""rule_version"":""r2"",""source_file"":""registry/field_lineage_vr2.md"",""to_node"":""N021"",""transform_id"":""T_STORE_UNIT"",""valid_from"":""2025-06-01T05:00:00Z"",""valid_to"":""""},{""confirmed_by"":""ETL_OWNER_01"",""from_node"":""N006"",""rule_version"":""r2"",""source_file"":""registry/field_lineage_vr2.md"",""to_node"":""N020"",""transform_id"":""T_PARSE_UNIT"",""valid_from"":""2025-06-01T05:00:00Z"",""valid_to"":""""}],""raw_observation_indices"":[1068,1069,1070,1071,1072]}}"
ANOM000104,N022,SCHEMA_V2,FORMAT_VIOLATION,2025-07-28T08:00:00Z,2025-08-21T16:00:00Z,ABSTAIN,INSUFFICIENT_EVIDENCE,C0012|C0011,UNIT_CHANGE|TRUE_BUSINESS_CHANGE,5.8267,,N006|N020|N021|N022,,,"{""candidates_considered"":[{""category"":""UNIT_CHANGE"",""change_id"":""C0012"",""score"":5.8267},{""category"":""TRUE_BUSINESS_CHANGE"",""change_id"":""C0011"",""score"":5.3067}]}"
ANOM000105,N022,SCHEMA_V2,UNIT_DEVIATION,2025-07-28T08:00:00Z,2025-08-21T16:00:00Z,TRIAGE,,C0012,UNIT_CHANGE,14.8267,,N006|N020|N021|N022,,TRIAGE recommends human review of the listed candidate changes and categories. It does not assert that the change caused the anomaly.,"{""runner_up"":null,""selected"":{""affected_nodes"":[""N022""],""category"":""UNIT_CHANGE"",""change_id"":""C0012"",""path"":[""N006"",""N020"",""N021"",""N022""],""score"":14.8267,""terms"":{""affected_span_bonus"":1.0,""counter_example_penalty"":-0.0,""days_before_window_start"":-10.67,""lineage_path_association"":2.0,""matched_symptom"":true,""missing_pattern_alignment"":0.0,""node_distance_penalty"":-0.6000000000000001,""normal_change_control"":false,""refs"":{""change_id"":""C0012"",""counter_examples"":[],""effective_at"":""2025-08-08T00:00:00Z"",""path"":[""N006"",""N020"",""N021"",""N022""]},""symptom_type_match"":9.0,""symptom_weight_raw"":3.0,""time_proximity"":1.4267,""time_validity"":2.0,""total"":14.8267}},""supporting_source_indices"":{""change_ids"":[""C0012""],""lineage_edges"":[{""confirmed_by"":""SYSTEMS_ARCHITECT_01"",""from_node"":""N021"",""rule_version"":""r2"",""source_file"":""registry/field_lineage_vr2.md"",""to_node"":""N022"",""transform_id"":""T_RENDER_UNIT"",""valid_from"":""2025-06-01T05:00:00Z"",""valid_to"":""""},{""confirmed_by"":""SYSTEMS_ARCHITECT_02"",""from_node"":""N020"",""rule_version"":""r2"",""source_file"":""registry/field_lineage_vr2.md"",""to_node"":""N021"",""transform_id"":""T_STORE_UNIT"",""valid_from"":""2025-06-01T05:00:00Z"",""valid_to"":""""},{""confirmed_by"":""ETL_OWNER_01"",""from_node"":""N006"",""rule_version"":""r2"",""source_file"":""registry/field_lineage_vr2.md"",""to_node"":""N020"",""transform_id"":""T_PARSE_UNIT"",""valid_from"":""2025-06-01T05:00:00Z"",""valid_to"":""""}],""raw_observation_indices"":[1072,1077,1078,1079]}}"
ANOM000106,N022,SCHEMA_V2,FORMAT_VIOLATION,2025-08-11T08:00:00Z,2025-09-04T16:00:00Z,ABSTAIN,INSUFFICIENT_EVIDENCE,C0013|C0012|C0011,TRUE_BUSINESS_CHANGE|UNIT_CHANGE|TRUE_BUSINESS_CHANGE,6.2267,,N006|N020|N021|N022,,,"{""candidates_considered"":[{""category"":""TRUE_BUSINESS_CHANGE"",""change_id"":""C0013"",""score"":6.2267},{""category"":""UNIT_CHANGE"",""change_id"":""C0012"",""score"":5.2667},{""category"":""TRUE_BUSINESS_CHANGE"",""change_id"":""C0011"",""score"":4.7467}]}"
ANOM000107,N022,SCHEMA_V2,UNIT_DEVIATION,2025-08-11T08:00:00Z,2025-09-04T16:00:00Z,TRIAGE,,C0012,UNIT_CHANGE,14.2667,,N006|N020|N021|N022,,TRIAGE recommends human review of the listed candidate changes and categories. It does not assert that the change caused the anomaly.,"{""runner_up"":null,""selected"":{""affected_nodes"":[""N022""],""category"":""UNIT_CHANGE"",""change_id"":""C0012"",""path"":[""N006"",""N020"",""N021"",""N022""],""score"":14.2667,""terms"":{""affected_span_bonus"":1.0,""counter_example_penalty"":-0.0,""days_before_window_start"":3.33,""lineage_path_association"":2.0,""matched_symptom"":true,""missing_pattern_alignment"":0.0,""node_distance_penalty"":-0.6000000000000001,""normal_change_control"":false,""refs"":{""change_id"":""C0012"",""counter_examples"":[],""effective_at"":""2025-08-08T00:00:00Z"",""path"":[""N006"",""N020"",""N021"",""N022""]},""symptom_type_match"":9.0,""symptom_weight_raw"":3.0,""time_proximity"":0.8667,""time_validity"":2.0,""total"":14.2667}},""supporting_source_indices"":{""change_ids"":[""C0012""],""lineage_edges"":[{""confirmed_by"":""SYSTEMS_ARCHITECT_01"",""from_node"":""N021"",""rule_version"":""r2"",""source_file"":""registry/field_lineage_vr2.md"",""to_node"":""N022"",""transform_id"":""T_RENDER_UNIT"",""valid_from"":""2025-06-01T05:00:00Z"",""valid_to"":""""},{""confirmed_by"":""SYSTEMS_ARCHITECT_02"",""from_node"":""N020"",""rule_version"":""r2"",""source_file"":""registry/field_lineage_vr2.md"",""to_node"":""N021"",""transform_id"":""T_STORE_UNIT"",""valid_from"":""2025-06-01T05:00:00Z"",""valid_to"":""""},{""confirmed_by"":""ETL_OWNER_01"",""from_node"":""N006"",""rule_version"":""r2"",""source_file"":""registry/field_lineage_vr2.md"",""to_node"":""N020"",""transform_id"":""T_PARSE_UNIT"",""valid_from"":""2025-06-01T05:00:00Z"",""valid_to"":""""}],""raw_observation_indices"":[1077,1078,1079,1080,1081,1082,1083]}}"
ANOM000108,N022,SCHEMA_V2,FORMAT_VIOLATION,2025-08-25T08:00:00Z,2025-09-18T16:00:00Z,ABSTAIN,INSUFFICIENT_EVIDENCE,C0013|C0014|C0012,TRUE_BUSINESS_CHANGE|UNIT_CHANGE|UNIT_CHANGE,5.6667,,N006|N020|N021|N022,,,"{""candidates_considered"":[{""category"":""TRUE_BUSINESS_CHANGE"",""change_id"":""C0013"",""score"":5.6667},{""category"":""UNIT_CHANGE"",""change_id"":""C0014"",""score"":5.1867},{""category"":""UNIT_CHANGE"",""change_id"":""C0012"",""score"":4.7067}]}"
ANOM000109,N022,SCHEMA_V2,UNIT_DEVIATION,2025-08-25T08:00:00Z,2025-09-18T16:00:00Z,TRIAGE,,C0014,UNIT_CHANGE,14.1867,13.7067,N006|N020|N021|N022,,TRIAGE recommends human review of the listed candidate changes and categories. It does not assert that the change caused the anomaly.,"{""runner_up"":{""category"":""UNIT_CHANGE"",""change_id"":""C0012"",""score"":13.7067},""selected"":{""affected_nodes"":[""N021""],""category"":""UNIT_CHANGE"",""change_id"":""C0014"",""path"":[""N006"",""N020"",""N021"",""N022""],""score"":14.1867,""terms"":{""affected_span_bonus"":0.0,""counter_example_penalty"":-0.0,""days_before_window_start"":-14.67,""lineage_path_association"":2.0,""matched_symptom"":true,""missing_pattern_alignment"":0.0,""node_distance_penalty"":-0.4,""normal_change_control"":false,""refs"":{""change_id"":""C0014"",""counter_examples"":[],""effective_at"":""2025-09-09T00:00:00Z"",""path"":[""N006"",""N020"",""N021"",""N022""]},""symptom_type_match"":9.0,""symptom_weight_raw"":3.0,""time_proximity"":1.5867,""time_validity"":2.0,""total"":14.1867}},""supporting_source_indices"":{""change_ids"":[""C0014""],""lineage_edges"":[{""confirmed_by"":""SYSTEMS_ARCHITECT_01"",""from_node"":""N021"",""rule_version"":""r2"",""source_file"":""registry/field_lineage_vr2.md"",""to_node"":""N022"",""transform_id"":""T_RENDER_UNIT"",""valid_from"":""2025-06-01T05:00:00Z"",""valid_to"":""""},{""confirmed_by"":""SYSTEMS_ARCHITECT_02"",""from_node"":""N020"",""rule_version"":""r2"",""source_file"":""registry/field_lineage_vr2.md"",""to_node"":""N021"",""transform_id"":""T_STORE_UNIT"",""valid_from"":""2025-06-01T05:00:00Z"",""valid_to"":""""},{""confirmed_by"":""ETL_OWNER_01"",""from_node"":""N006"",""rule_version"":""r2"",""source_file"":""registry/field_lineage_vr2.md"",""to_node"":""N020"",""transform_id"":""T_PARSE_UNIT"",""valid_from"":""2025-06-01T05:00:00Z"",""valid_to"":""""}],""raw_observation_indices"":[1080,1081,1082,1083,1086,1087]}}"
ANOM000110,N022,SCHEMA_V2,FORMAT_VIOLATION,2025-09-08T08:00:00Z,2025-10-02T16:00:00Z,ABSTAIN,INSUFFICIENT_EVIDENCE,C0013|C0014,TRUE_BUSINESS_CHANGE|UNIT_CHANGE,5.1067,,N006|N020|N021|N022,,,"{""candidates_considered"":[{""category"":""TRUE_BUSINESS_CHANGE"",""change_id"":""C0013"",""score"":5.1067},{""category"":""UNIT_CHANGE"",""change_id"":""C0014"",""score"":4.6267}]}"
ANOM000111,N022,SCHEMA_V2,UNIT_DEVIATION,2025-09-08T08:00:00Z,2025-10-02T16:00:00Z,TRIAGE,,C0014,UNIT_CHANGE,13.6267,,N006|N020|N021|N022,,TRIAGE recommends human review of the listed candidate changes and categories. It does not assert that the change caused the anomaly.,"{""runner_up"":null,""selected"":{""affected_nodes"":[""N021""],""category"":""UNIT_CHANGE"",""change_id"":""C0014"",""path"":[""N006"",""N020"",""N021"",""N022""],""score"":13.6267,""terms"":{""affected_span_bonus"":0.0,""counter_example_penalty"":-0.0,""days_before_window_start"":-0.67,""lineage_path_association"":2.0,""matched_symptom"":true,""missing_pattern_alignment"":0.0,""node_distance_penalty"":-0.4,""normal_change_control"":false,""refs"":{""change_id"":""C0014"",""counter_examples"":[],""effective_at"":""2025-09-09T00:00:00Z"",""path"":[""N006"",""N020"",""N021"",""N022""]},""symptom_type_match"":9.0,""symptom_weight_raw"":3.0,""time_proximity"":1.0267,""time_validity"":2.0,""total"":13.6267}},""supporting_source_indices"":{""change_ids"":[""C0014""],""lineage_edges"":[{""confirmed_by"":""SYSTEMS_ARCHITECT_01"",""from_node"":""N021"",""rule_version"":""r2"",""source_file"":""registry/field_lineage_vr2.md"",""to_node"":""N022"",""transform_id"":""T_RENDER_UNIT"",""valid_from"":""2025-06-01T05:00:00Z"",""valid_to"":""""},{""confirmed_by"":""SYSTEMS_ARCHITECT_02"",""from_node"":""N020"",""rule_version"":""r2"",""source_file"":""registry/field_lineage_vr2.md"",""to_node"":""N021"",""transform_id"":""T_STORE_UNIT"",""valid_from"":""2025-06-01T05:00:00Z"",""valid_to"":""""},{""confirmed_by"":""ETL_OWNER_01"",""from_node"":""N006"",""rule_version"":""r2"",""source_file"":""registry/field_lineage_vr2.md"",""to_node"":""N020"",""transform_id"":""T_PARSE_UNIT"",""valid_from"":""2025-06-01T05:00:00Z"",""valid_to"":""""}],""raw_observation_indices"":[1086,1087,1088,1089,1090,1091]}}"
ANOM000112,N022,SCHEMA_V2,FORMAT_VIOLATION,2025-09-22T08:00:00Z,2025-10-16T16:00:00Z,ABSTAIN,INSUFFICIENT_EVIDENCE,C0016|C0015|C0013,UNIT_CHANGE|TRUE_BUSINESS_CHANGE|TRUE_BUSINESS_CHANGE,6.1467,,N006|N020|N021|N022,,,"{""candidates_considered"":[{""category"":""UNIT_CHANGE"",""change_id"":""C0016"",""score"":6.1467},{""category"":""TRUE_BUSINESS_CHANGE"",""change_id"":""C0015"",""score"":5.8267},{""category"":""TRUE_BUSINESS_CHANGE"",""change_id"":""C0013"",""score"":4.5467},{""category"":""UNIT_CHANGE"",""change_id"":""C0014"",""score"":4.0667}]}"
ANOM000113,N022,SCHEMA_V2,UNIT_DEVIATION,2025-09-22T08:00:00Z,2025-10-16T16:00:00Z,TRIAGE,,C0016,UNIT_CHANGE,15.1467,13.0667,N006|N020|N021|N022,,TRIAGE recommends human review of the listed candidate changes and categories. It does not assert that the change caused the anomaly.,"{""runner_up"":{""category"":""UNIT_CHANGE"",""change_id"":""C0014"",""score"":13.0667},""selected"":{""affected_nodes"":[""N022""],""category"":""UNIT_CHANGE"",""change_id"":""C0016"",""path"":[""N006"",""N020"",""N021"",""N022""],""score"":15.1467,""terms"":{""affected_span_bonus"":1.0,""counter_example_penalty"":-0.0,""days_before_window_start"":-18.67,""lineage_path_association"":2.0,""matched_symptom"":true,""missing_pattern_alignment"":0.0,""node_distance_penalty"":-0.6000000000000001,""normal_change_control"":false,""refs"":{""change_id"":""C0016"",""counter_examples"":[],""effective_at"":""2025-10-11T00:00:00Z"",""path"":[""N006"",""N020"",""N021"",""N022""]},""symptom_type_match"":9.0,""symptom_weight_raw"":3.0,""time_proximity"":1.7467,""time_validity"":2.0,""total"":15.1467}},""supporting_source_indices"":{""change_ids"":[""C0016""],""lineage_edges"":[{""confirmed_by"":""SYSTEMS_ARCHITECT_01"",""from_node"":""N021"",""rule_version"":""r2"",""source_file"":""registry/field_lineage_vr2.md"",""to_node"":""N022"",""transform_id"":""T_RENDER_UNIT"",""valid_from"":""2025-06-01T05:00:00Z"",""valid_to"":""""},{""confirmed_by"":""SYSTEMS_ARCHITECT_02"",""from_node"":""N020"",""rule_version"":""r2"",""source_file"":""registry/field_lineage_vr2.md"",""to_node"":""N021"",""transform_id"":""T_STORE_UNIT"",""valid_from"":""2025-06-01T05:00:00Z"",""valid_to"":""""},{""confirmed_by"":""ETL_OWNER_01"",""from_node"":""N006"",""rule_version"":""r2"",""source_file"":""registry/field_lineage_vr2.md"",""to_node"":""N020"",""transform_id"":""T_PARSE_UNIT"",""valid_from"":""2025-06-01T05:00:00Z"",""valid_to"":""""}],""raw_observation_indices"":[1088,1089,1090,1091,1092,1095]}}"
ANOM000114,N022,SCHEMA_V2,FORMAT_VIOLATION,2025-10-06T08:00:00Z,2025-10-30T16:00:00Z,ABSTAIN,INSUFFICIENT_EVIDENCE,C0016|C0015,UNIT_CHANGE|TRUE_BUSINESS_CHANGE,5.5867,,N006|N020|N021|N022,,,"{""candidates_considered"":[{""category"":""UNIT_CHANGE"",""change_id"":""C0016"",""score"":5.5867},{""category"":""TRUE_BUSINESS_CHANGE"",""change_id"":""C0015"",""score"":5.2667}]}"
ANOM000115,N022,SCHEMA_V2,UNIT_DEVIATION,2025-10-06T08:00:00Z,2025-10-30T16:00:00Z,TRIAGE,,C0016,UNIT_CHANGE,14.5867,,N006|N020|N021|N022,,TRIAGE recommends human review of the listed candidate changes and categories. It does not assert that the change caused the anomaly.,"{""runner_up"":null,""selected"":{""affected_nodes"":[""N022""],""category"":""UNIT_CHANGE"",""change_id"":""C0016"",""path"":[""N006"",""N020"",""N021"",""N022""],""score"":14.5867,""terms"":{""affected_span_bonus"":1.0,""counter_example_penalty"":-0.0,""days_before_window_start"":-4.67,""lineage_path_association"":2.0,""matched_symptom"":true,""missing_pattern_alignment"":0.0,""node_distance_penalty"":-0.6000000000000001,""normal_change_control"":false,""refs"":{""change_id"":""C0016"",""counter_examples"":[],""effective_at"":""2025-10-11T00:00:00Z"",""path"":[""N006"",""N020"",""N021"",""N022""]},""symptom_type_match"":9.0,""symptom_weight_raw"":3.0,""time_proximity"":1.1867,""time_validity"":2.0,""total"":14.5867}},""supporting_source_indices"":{""change_ids"":[""C0016""],""lineage_edges"":[{""confirmed_by"":""SYSTEMS_ARCHITECT_01"",""from_node"":""N021"",""rule_version"":""r2"",""source_file"":""registry/field_lineage_vr2.md"",""to_node"":""N022"",""transform_id"":""T_RENDER_UNIT"",""valid_from"":""2025-06-01T05:00:00Z"",""valid_to"":""""},{""confirmed_by"":""SYSTEMS_ARCHITECT_02"",""from_node"":""N020"",""rule_version"":""r2"",""source_file"":""registry/field_lineage_vr2.md"",""to_node"":""N021"",""transform_id"":""T_STORE_UNIT"",""valid_from"":""2025-06-01T05:00:00Z"",""valid_to"":""""},{""confirmed_by"":""ETL_OWNER_01"",""from_node"":""N006"",""rule_version"":""r2"",""source_file"":""registry/field_lineage_vr2.md"",""to_node"":""N020"",""transform_id"":""T_PARSE_UNIT"",""valid_from"":""2025-06-01T05:00:00Z"",""valid_to"":""""}],""raw_observation_indices"":[1092,1095,1096,1097,1098,1099]}}"
ANOM000116,N022,SCHEMA_V2,FORMAT_VIOLATION,2025-10-20T08:00:00Z,2025-11-13T16:00:00Z,ABSTAIN,INSUFFICIENT_EVIDENCE,C0017|C0016|C0015,TRUE_BUSINESS_CHANGE|UNIT_CHANGE|TRUE_BUSINESS_CHANGE,5.9867,,N006|N020|N021|N022,,,"{""candidates_considered"":[{""category"":""TRUE_BUSINESS_CHANGE"",""change_id"":""C0017"",""score"":5.9867},{""category"":""UNIT_CHANGE"",""change_id"":""C0016"",""score"":5.0267},{""category"":""TRUE_BUSINESS_CHANGE"",""change_id"":""C0015"",""score"":4.7067}]}"
ANOM000117,N022,SCHEMA_V2,UNIT_DEVIATION,2025-10-20T08:00:00Z,2025-11-13T16:00:00Z,TRIAGE,,C0016,UNIT_CHANGE,14.0267,,N006|N020|N021|N022,,TRIAGE recommends human review of the listed candidate changes and categories. It does not assert that the change caused the anomaly.,"{""runner_up"":null,""selected"":{""affected_nodes"":[""N022""],""category"":""UNIT_CHANGE"",""change_id"":""C0016"",""path"":[""N006"",""N020"",""N021"",""N022""],""score"":14.0267,""terms"":{""affected_span_bonus"":1.0,""counter_example_penalty"":-0.0,""days_before_window_start"":9.33,""lineage_path_association"":2.0,""matched_symptom"":true,""missing_pattern_alignment"":0.0,""node_distance_penalty"":-0.6000000000000001,""normal_change_control"":false,""refs"":{""change_id"":""C0016"",""counter_examples"":[],""effective_at"":""2025-10-11T00:00:00Z"",""path"":[""N006"",""N020"",""N021"",""N022""]},""symptom_type_match"":9.0,""symptom_weight_raw"":3.0,""time_proximity"":0.6267,""time_validity"":2.0,""total"":14.0267}},""supporting_source_indices"":{""change_ids"":[""C0016""],""lineage_edges"":[{""confirmed_by"":""SYSTEMS_ARCHITECT_01"",""from_node"":""N021"",""rule_version"":""r2"",""source_file"":""registry/field_lineage_vr2.md"",""to_node"":""N022"",""transform_id"":""T_RENDER_UNIT"",""valid_from"":""2025-06-01T05:00:00Z"",""valid_to"":""""},{""confirmed_by"":""SYSTEMS_ARCHITECT_02"",""from_node"":""N020"",""rule_version"":""r2"",""source_file"":""registry/field_lineage_vr2.md"",""to_node"":""N021"",""transform_id"":""T_STORE_UNIT"",""valid_from"":""2025-06-01T05:00:00Z"",""valid_to"":""""},{""confirmed_by"":""ETL_OWNER_01"",""from_node"":""N006"",""rule_version"":""r2"",""source_file"":""registry/field_lineage_vr2.md"",""to_node"":""N020"",""transform_id"":""T_PARSE_UNIT"",""valid_from"":""2025-06-01T05:00:00Z"",""valid_to"":""""}],""raw_observation_indices"":[1096,1097,1098,1099,1100,1101]}}"
ANOM000118,N022,SCHEMA_V2,FORMAT_VIOLATION,2025-11-03T08:00:00Z,2025-11-27T16:00:00Z,ABSTAIN,INSUFFICIENT_EVIDENCE,C0017|C0018|C0016,TRUE_BUSINESS_CHANGE|UNIT_CHANGE|UNIT_CHANGE,5.4267,,N006|N020|N021|N022,,,"{""candidates_considered"":[{""category"":""TRUE_BUSINESS_CHANGE"",""change_id"":""C0017"",""score"":5.4267},{""category"":""UNIT_CHANGE"",""change_id"":""C0018"",""score"":5.0667},{""category"":""UNIT_CHANGE"",""change_id"":""C0016"",""score"":4.4667}]}"
ANOM000119,N022,SCHEMA_V2,UNIT_DEVIATION,2025-11-03T08:00:00Z,2025-11-27T16:00:00Z,TRIAGE,,C0018,UNIT_CHANGE,14.0667,13.4667,N006|N020|N021|N022,,TRIAGE recommends human review of the listed candidate changes and categories. It does not assert that the change caused the anomaly.,"{""runner_up"":{""category"":""UNIT_CHANGE"",""change_id"":""C0016"",""score"":13.4667},""selected"":{""affected_nodes"":[""N021""],""category"":""UNIT_CHANGE"",""change_id"":""C0018"",""path"":[""N006"",""N020"",""N021"",""N022""],""score"":14.0667,""terms"":{""affected_span_bonus"":0.0,""counter_example_penalty"":-0.0,""days_before_window_start"":-11.67,""lineage_path_association"":2.0,""matched_symptom"":true,""missing_pattern_alignment"":0.0,""node_distance_penalty"":-0.4,""normal_change_control"":false,""refs"":{""change_id"":""C0018"",""counter_examples"":[],""effective_at"":""2025-11-15T00:00:00Z"",""path"":[""N006"",""N020"",""N021"",""N022""]},""symptom_type_match"":9.0,""symptom_weight_raw"":3.0,""time_proximity"":1.4667,""time_validity"":2.0,""total"":14.0667}},""supporting_source_indices"":{""change_ids"":[""C0018""],""lineage_edges"":[{""confirmed_by"":""SYSTEMS_ARCHITECT_01"",""from_node"":""N021"",""rule_version"":""r2"",""source_file"":""registry/field_lineage_vr2.md"",""to_node"":""N022"",""transform_id"":""T_RENDER_UNIT"",""valid_from"":""2025-06-01T05:00:00Z"",""valid_to"":""""},{""confirmed_by"":""SYSTEMS_ARCHITECT_02"",""from_node"":""N020"",""rule_version"":""r2"",""source_file"":""registry/field_lineage_vr2.md"",""to_node"":""N021"",""transform_id"":""T_STORE_UNIT"",""valid_from"":""2025-06-01T05:00:00Z"",""valid_to"":""""},{""confirmed_by"":""ETL_OWNER_01"",""from_node"":""N006"",""rule_version"":""r2"",""source_file"":""registry/field_lineage_vr2.md"",""to_node"":""N020"",""transform_id"":""T_PARSE_UNIT"",""valid_from"":""2025-06-01T05:00:00Z"",""valid_to"":""""}],""raw_observation_indices"":[1100,1101,1105,1106,1107]}}"
ANOM000120,N022,SCHEMA_V2,FORMAT_VIOLATION,2025-11-17T08:00:00Z,2025-12-11T16:00:00Z,ABSTAIN,INSUFFICIENT_EVIDENCE,C0017|C0018,TRUE_BUSINESS_CHANGE|UNIT_CHANGE,4.8667,,N006|N020|N021|N022,,,"{""candidates_considered"":[{""category"":""TRUE_BUSINESS_CHANGE"",""change_id"":""C0017"",""score"":4.8667},{""category"":""UNIT_CHANGE"",""change_id"":""C0018"",""score"":4.5067}]}"
ANOM000121,N022,SCHEMA_V2,UNIT_DEVIATION,2025-11-17T08:00:00Z,2025-12-11T16:00:00Z,TRIAGE,,C0018,UNIT_CHANGE,13.5067,,N006|N020|N021|N022,,TRIAGE recommends human review of the listed candidate changes and categories. It does not assert that the change caused the anomaly.,"{""runner_up"":null,""selected"":{""affected_nodes"":[""N021""],""category"":""UNIT_CHANGE"",""change_id"":""C0018"",""path"":[""N006"",""N020"",""N021"",""N022""],""score"":13.5067,""terms"":{""affected_span_bonus"":0.0,""counter_example_penalty"":-0.0,""days_before_window_start"":2.33,""lineage_path_association"":2.0,""matched_symptom"":true,""missing_pattern_alignment"":0.0,""node_distance_penalty"":-0.4,""normal_change_control"":false,""refs"":{""change_id"":""C0018"",""counter_examples"":[],""effective_at"":""2025-11-15T00:00:00Z"",""path"":[""N006"",""N020"",""N021"",""N022""]},""symptom_type_match"":9.0,""symptom_weight_raw"":3.0,""time_proximity"":0.9067,""time_validity"":2.0,""total"":13.5067}},""supporting_source_indices"":{""change_ids"":[""C0018""],""lineage_edges"":[{""confirmed_by"":""SYSTEMS_ARCHITECT_01"",""from_node"":""N021"",""rule_version"":""r2"",""source_file"":""registry/field_lineage_vr2.md"",""to_node"":""N022"",""transform_id"":""T_RENDER_UNIT"",""valid_from"":""2025-06-01T05:00:00Z"",""valid_to"":""""},{""confirmed_by"":""SYSTEMS_ARCHITECT_02"",""from_node"":""N020"",""rule_version"":""r2"",""source_file"":""registry/field_lineage_vr2.md"",""to_node"":""N021"",""transform_id"":""T_STORE_UNIT"",""valid_from"":""2025-06-01T05:00:00Z"",""valid_to"":""""},{""confirmed_by"":""ETL_OWNER_01"",""from_node"":""N006"",""rule_version"":""r2"",""source_file"":""registry/field_lineage_vr2.md"",""to_node"":""N020"",""transform_id"":""T_PARSE_UNIT"",""valid_from"":""2025-06-01T05:00:00Z"",""valid_to"":""""}],""raw_observation_indices"":[1105,1106,1107,1108,1109,1110,1111]}}"
ANOM000122,N022,SCHEMA_V2,FORMAT_VIOLATION,2025-12-01T08:00:00Z,2025-12-25T16:00:00Z,ABSTAIN,INSUFFICIENT_EVIDENCE,C0020|C0019|C0018,UNIT_CHANGE|TRUE_BUSINESS_CHANGE|UNIT_CHANGE,6.0267,,N006|N020|N021|N022,,,"{""candidates_considered"":[{""category"":""UNIT_CHANGE"",""change_id"":""C0020"",""score"":6.0267},{""category"":""TRUE_BUSINESS_CHANGE"",""change_id"":""C0019"",""score"":5.7067},{""category"":""UNIT_CHANGE"",""change_id"":""C0018"",""score"":3.9467}]}"
ANOM000123,N022,SCHEMA_V2,UNIT_DEVIATION,2025-12-01T08:00:00Z,2025-12-25T16:00:00Z,TRIAGE,,C0020,UNIT_CHANGE,15.0267,12.9467,N006|N020|N021|N022,,TRIAGE recommends human review of the listed candidate changes and categories. It does not assert that the change caused the anomaly.,"{""runner_up"":{""category"":""UNIT_CHANGE"",""change_id"":""C0018"",""score"":12.9467},""selected"":{""affected_nodes"":[""N022""],""category"":""UNIT_CHANGE"",""change_id"":""C0020"",""path"":[""N006"",""N020"",""N021"",""N022""],""score"":15.0267,""terms"":{""affected_span_bonus"":1.0,""counter_example_penalty"":-0.0,""days_before_window_start"":-15.67,""lineage_path_association"":2.0,""matched_symptom"":true,""missing_pattern_alignment"":0.0,""node_distance_penalty"":-0.6000000000000001,""normal_change_control"":false,""refs"":{""change_id"":""C0020"",""counter_examples"":[],""effective_at"":""2025-12-17T00:00:00Z"",""path"":[""N006"",""N020"",""N021"",""N022""]},""symptom_type_match"":9.0,""symptom_weight_raw"":3.0,""time_proximity"":1.6267,""time_validity"":2.0,""total"":15.0267}},""supporting_source_indices"":{""change_ids"":[""C0020""],""lineage_edges"":[{""confirmed_by"":""SYSTEMS_ARCHITECT_01"",""from_node"":""N021"",""rule_version"":""r2"",""source_file"":""registry/field_lineage_vr2.md"",""to_node"":""N022"",""transform_id"":""T_RENDER_UNIT"",""valid_from"":""2025-06-01T05:00:00Z"",""valid_to"":""""},{""confirmed_by"":""SYSTEMS_ARCHITECT_02"",""from_node"":""N020"",""rule_version"":""r2"",""source_file"":""registry/field_lineage_vr2.md"",""to_node"":""N021"",""transform_id"":""T_STORE_UNIT"",""valid_from"":""2025-06-01T05:00:00Z"",""valid_to"":""""},{""confirmed_by"":""ETL_OWNER_01"",""from_node"":""N006"",""rule_version"":""r2"",""source_file"":""registry/field_lineage_vr2.md"",""to_node"":""N020"",""transform_id"":""T_PARSE_UNIT"",""valid_from"":""2025-06-01T05:00:00Z"",""valid_to"":""""}],""raw_observation_indices"":[1108,1109,1110,1111,1114,1115]}}"
ANOM000124,N022,SCHEMA_V2,FORMAT_VIOLATION,2025-12-15T08:00:00Z,2026-01-08T16:00:00Z,ABSTAIN,INSUFFICIENT_EVIDENCE,C0020|C0019,UNIT_CHANGE|TRUE_BUSINESS_CHANGE,5.4667,,N006|N020|N021|N022,,,"{""candidates_considered"":[{""category"":""UNIT_CHANGE"",""change_id"":""C0020"",""score"":5.4667},{""category"":""TRUE_BUSINESS_CHANGE"",""change_id"":""C0019"",""score"":5.1467}]}"
ANOM000125,N022,SCHEMA_V2,UNIT_DEVIATION,2025-12-15T08:00:00Z,2026-01-08T16:00:00Z,TRIAGE,,C0020,UNIT_CHANGE,14.4667,,N006|N020|N021|N022,,TRIAGE recommends human review of the listed candidate changes and categories. It does not assert that the change caused the anomaly.,"{""runner_up"":null,""selected"":{""affected_nodes"":[""N022""],""category"":""UNIT_CHANGE"",""change_id"":""C0020"",""path"":[""N006"",""N020"",""N021"",""N022""],""score"":14.4667,""terms"":{""affected_span_bonus"":1.0,""counter_example_penalty"":-0.0,""days_before_window_start"":-1.67,""lineage_path_association"":2.0,""matched_symptom"":true,""missing_pattern_alignment"":0.0,""node_distance_penalty"":-0.6000000000000001,""normal_change_control"":false,""refs"":{""change_id"":""C0020"",""counter_examples"":[],""effective_at"":""2025-12-17T00:00:00Z"",""path"":[""N006"",""N020"",""N021"",""N022""]},""symptom_type_match"":9.0,""symptom_weight_raw"":3.0,""time_proximity"":1.0667,""time_validity"":2.0,""total"":14.4667}},""supporting_source_indices"":{""change_ids"":[""C0020""],""lineage_edges"":[{""confirmed_by"":""SYSTEMS_ARCHITECT_01"",""from_node"":""N021"",""rule_version"":""r2"",""source_file"":""registry/field_lineage_vr2.md"",""to_node"":""N022"",""transform_id"":""T_RENDER_UNIT"",""valid_from"":""2025-06-01T05:00:00Z"",""valid_to"":""""},{""confirmed_by"":""SYSTEMS_ARCHITECT_02"",""from_node"":""N020"",""rule_version"":""r2"",""source_file"":""registry/field_lineage_vr2.md"",""to_node"":""N021"",""transform_id"":""T_STORE_UNIT"",""valid_from"":""2025-06-01T05:00:00Z"",""valid_to"":""""},{""confirmed_by"":""ETL_OWNER_01"",""from_node"":""N006"",""rule_version"":""r2"",""source_file"":""registry/field_lineage_vr2.md"",""to_node"":""N020"",""transform_id"":""T_PARSE_UNIT"",""valid_from"":""2025-06-01T05:00:00Z"",""valid_to"":""""}],""raw_observation_indices"":[1114,1115,1116,1117,1118,1119]}}"
ANOM000126,N022,SCHEMA_V2,FORMAT_VIOLATION,2025-12-29T08:00:00Z,2026-01-22T16:00:00Z,ABSTAIN,INSUFFICIENT_EVIDENCE,C0021|C0022|C0020,TRUE_BUSINESS_CHANGE|UNIT_CHANGE|UNIT_CHANGE,5.8667,,N006|N020|N021|N022,,,"{""candidates_considered"":[{""category"":""TRUE_BUSINESS_CHANGE"",""change_id"":""C0021"",""score"":5.8667},{""category"":""UNIT_CHANGE"",""change_id"":""C0022"",""score"":5.3867},{""category"":""UNIT_CHANGE"",""change_id"":""C0020"",""score"":4.9067},{""category"":""TRUE_BUSINESS_CHANGE"",""change_id"":""C0019"",""score"":4.5867}]}"
ANOM000127,N022,SCHEMA_V2,UNIT_DEVIATION,2025-12-29T08:00:00Z,2026-01-22T16:00:00Z,TRIAGE,,C0022,UNIT_CHANGE,14.3867,13.9067,N006|N020|N021|N022,,TRIAGE recommends human review of the listed candidate changes and categories. It does not assert that the change caused the anomaly.,"{""runner_up"":{""category"":""UNIT_CHANGE"",""change_id"":""C0020"",""score"":13.9067},""selected"":{""affected_nodes"":[""N021""],""category"":""UNIT_CHANGE"",""change_id"":""C0022"",""path"":[""N006"",""N020"",""N021"",""N022""],""score"":14.3867,""terms"":{""affected_span_bonus"":0.0,""counter_example_penalty"":-0.0,""days_before_window_start"":-19.67,""lineage_path_association"":2.0,""matched_symptom"":true,""missing_pattern_alignment"":0.0,""node_distance_penalty"":-0.4,""normal_change_control"":false,""refs"":{""change_id"":""C0022"",""counter_examples"":[],""effective_at"":""2026-01-18T00:00:00Z"",""path"":[""N006"",""N020"",""N021"",""N022""]},""symptom_type_match"":9.0,""symptom_weight_raw"":3.0,""time_proximity"":1.7867,""time_validity"":2.0,""total"":14.3867}},""supporting_source_indices"":{""change_ids"":[""C0022""],""lineage_edges"":[{""confirmed_by"":""SYSTEMS_ARCHITECT_01"",""from_node"":""N021"",""rule_version"":""r2"",""source_file"":""registry/field_lineage_vr2.md"",""to_node"":""N022"",""transform_id"":""T_RENDER_UNIT"",""valid_from"":""2025-06-01T05:00:00Z"",""valid_to"":""""},{""confirmed_by"":""SYSTEMS_ARCHITECT_02"",""from_node"":""N020"",""rule_version"":""r2"",""source_file"":""registry/field_lineage_vr2.md"",""to_node"":""N021"",""transform_id"":""T_STORE_UNIT"",""valid_from"":""2025-06-01T05:00:00Z"",""valid_to"":""""},{""confirmed_by"":""ETL_OWNER_01"",""from_node"":""N006"",""rule_version"":""r2"",""source_file"":""registry/field_lineage_vr2.md"",""to_node"":""N020"",""transform_id"":""T_PARSE_UNIT"",""valid_from"":""2025-06-01T05:00:00Z"",""valid_to"":""""}],""raw_observation_indices"":[1116,1117,1118,1119,1120,1123]}}"
ANOM000128,N022,SCHEMA_V2,FORMAT_VIOLATION,2026-01-12T08:00:00Z,2026-02-05T16:00:00Z,ABSTAIN,INSUFFICIENT_EVIDENCE,C0021|C0022,TRUE_BUSINESS_CHANGE|UNIT_CHANGE,5.3067,,N006|N020|N021|N022,,,"{""candidates_considered"":[{""category"":""TRUE_BUSINESS_CHANGE"",""change_id"":""C0021"",""score"":5.3067},{""category"":""UNIT_CHANGE"",""change_id"":""C0022"",""score"":4.8267}]}"
ANOM000129,N022,SCHEMA_V2,UNIT_DEVIATION,2026-01-12T08:00:00Z,2026-02-05T16:00:00Z,TRIAGE,,C0022,UNIT_CHANGE,13.8267,,N006|N020|N021|N022,,TRIAGE recommends human review of the listed candidate changes and categories. It does not assert that the change caused the anomaly.,"{""runner_up"":null,""selected"":{""affected_nodes"":[""N021""],""category"":""UNIT_CHANGE"",""change_id"":""C0022"",""path"":[""N006"",""N020"",""N021"",""N022""],""score"":13.8267,""terms"":{""affected_span_bonus"":0.0,""counter_example_penalty"":-0.0,""days_before_window_start"":-5.67,""lineage_path_association"":2.0,""matched_symptom"":true,""missing_pattern_alignment"":0.0,""node_distance_penalty"":-0.4,""normal_change_control"":false,""refs"":{""change_id"":""C0022"",""counter_examples"":[],""effective_at"":""2026-01-18T00:00:00Z"",""path"":[""N006"",""N020"",""N021"",""N022""]},""symptom_type_match"":9.0,""symptom_weight_raw"":3.0,""time_proximity"":1.2267,""time_validity"":2.0,""total"":13.8267}},""supporting_source_indices"":{""change_ids"":[""C0022""],""lineage_edges"":[{""confirmed_by"":""SYSTEMS_ARCHITECT_01"",""from_node"":""N021"",""rule_version"":""r2"",""source_file"":""registry/field_lineage_vr2.md"",""to_node"":""N022"",""transform_id"":""T_RENDER_UNIT"",""valid_from"":""2025-06-01T05:00:00Z"",""valid_to"":""""},{""confirmed_by"":""SYSTEMS_ARCHITECT_02"",""from_node"":""N020"",""rule_version"":""r2"",""source_file"":""registry/field_lineage_vr2.md"",""to_node"":""N021"",""transform_id"":""T_STORE_UNIT"",""valid_from"":""2025-06-01T05:00:00Z"",""valid_to"":""""},{""confirmed_by"":""ETL_OWNER_01"",""from_node"":""N006"",""rule_version"":""r2"",""source_file"":""registry/field_lineage_vr2.md"",""to_node"":""N020"",""transform_id"":""T_PARSE_UNIT"",""valid_from"":""2025-06-01T05:00:00Z"",""valid_to"":""""}],""raw_observation_indices"":[1120,1123,1124,1125,1126,1127]}}"
ANOM000130,N022,SCHEMA_V2,FORMAT_VIOLATION,2026-01-26T08:00:00Z,2026-02-19T16:00:00Z,ABSTAIN,INSUFFICIENT_EVIDENCE,C0023|C0021|C0022,TRUE_BUSINESS_CHANGE|TRUE_BUSINESS_CHANGE|UNIT_CHANGE,6.0267,,N006|N020|N021|N022,,,"{""candidates_considered"":[{""category"":""TRUE_BUSINESS_CHANGE"",""change_id"":""C0023"",""score"":6.0267},{""category"":""TRUE_BUSINESS_CHANGE"",""change_id"":""C0021"",""score"":4.7467},{""category"":""UNIT_CHANGE"",""change_id"":""C0022"",""score"":4.2667}]}"
ANOM000131,N022,SCHEMA_V2,UNIT_DEVIATION,2026-01-26T08:00:00Z,2026-02-19T16:00:00Z,TRIAGE,,C0022,UNIT_CHANGE,13.2667,,N006|N020|N021|N022,,TRIAGE recommends human review of the listed candidate changes and categories. It does not assert that the change caused the anomaly.,"{""runner_up"":null,""selected"":{""affected_nodes"":[""N021""],""category"":""UNIT_CHANGE"",""change_id"":""C0022"",""path"":[""N006"",""N020"",""N021"",""N022""],""score"":13.2667,""terms"":{""affected_span_bonus"":0.0,""counter_example_penalty"":-0.0,""days_before_window_start"":8.33,""lineage_path_association"":2.0,""matched_symptom"":true,""missing_pattern_alignment"":0.0,""node_distance_penalty"":-0.4,""normal_change_control"":false,""refs"":{""change_id"":""C0022"",""counter_examples"":[],""effective_at"":""2026-01-18T00:00:00Z"",""path"":[""N006"",""N020"",""N021"",""N022""]},""symptom_type_match"":9.0,""symptom_weight_raw"":3.0,""time_proximity"":0.6667,""time_validity"":2.0,""total"":13.2667}},""supporting_source_indices"":{""change_ids"":[""C0022""],""lineage_edges"":[{""confirmed_by"":""SYSTEMS_ARCHITECT_01"",""from_node"":""N021"",""rule_version"":""r2"",""source_file"":""registry/field_lineage_vr2.md"",""to_node"":""N022"",""transform_id"":""T_RENDER_UNIT"",""valid_from"":""2025-06-01T05:00:00Z"",""valid_to"":""""},{""confirmed_by"":""SYSTEMS_ARCHITECT_02"",""from_node"":""N020"",""rule_version"":""r2"",""source_file"":""registry/field_lineage_vr2.md"",""to_node"":""N021"",""transform_id"":""T_STORE_UNIT"",""valid_from"":""2025-06-01T05:00:00Z"",""valid_to"":""""},{""confirmed_by"":""ETL_OWNER_01"",""from_node"":""N006"",""rule_version"":""r2"",""source_file"":""registry/field_lineage_vr2.md"",""to_node"":""N020"",""transform_id"":""T_PARSE_UNIT"",""valid_from"":""2025-06-01T05:00:00Z"",""valid_to"":""""}],""raw_observation_indices"":[1124,1125,1126,1127,1128,1129]}}"
ANOM000132,N022,SCHEMA_V2,FORMAT_VIOLATION,2026-02-09T08:00:00Z,2026-03-05T16:00:00Z,ABSTAIN,INSUFFICIENT_EVIDENCE,C0024|C0023|C0022,UNIT_CHANGE|TRUE_BUSINESS_CHANGE|UNIT_CHANGE,5.7867,,N006|N020|N021|N022,,,"{""candidates_considered"":[{""category"":""UNIT_CHANGE"",""change_id"":""C0024"",""score"":5.7867},{""category"":""TRUE_BUSINESS_CHANGE"",""change_id"":""C0023"",""score"":5.4667},{""category"":""UNIT_CHANGE"",""change_id"":""C0022"",""score"":3.7067}]}"
ANOM000133,N022,SCHEMA_V2,UNIT_DEVIATION,2026-02-09T08:00:00Z,2026-03-05T16:00:00Z,TRIAGE,,C0024,UNIT_CHANGE,14.7867,12.7067,N006|N020|N021|N022,,TRIAGE recommends human review of the listed candidate changes and categories. It does not assert that the change caused the anomaly.,"{""runner_up"":{""category"":""UNIT_CHANGE"",""change_id"":""C0022"",""score"":12.7067},""selected"":{""affected_nodes"":[""N022""],""category"":""UNIT_CHANGE"",""change_id"":""C0024"",""path"":[""N006"",""N020"",""N021"",""N022""],""score"":14.7867,""terms"":{""affected_span_bonus"":1.0,""counter_example_penalty"":-0.0,""days_before_window_start"":-9.67,""lineage_path_association"":2.0,""matched_symptom"":true,""missing_pattern_alignment"":0.0,""node_distance_penalty"":-0.6000000000000001,""normal_change_control"":false,""refs"":{""change_id"":""C0024"",""counter_examples"":[],""effective_at"":""2026-02-19T00:00:00Z"",""path"":[""N006"",""N020"",""N021"",""N022""]},""symptom_type_match"":9.0,""symptom_weight_raw"":3.0,""time_proximity"":1.3867,""time_validity"":2.0,""total"":14.7867}},""supporting_source_indices"":{""change_ids"":[""C0024""],""lineage_edges"":[{""confirmed_by"":""SYSTEMS_ARCHITECT_01"",""from_node"":""N021"",""rule_version"":""r2"",""source_file"":""registry/field_lineage_vr2.md"",""to_node"":""N022"",""transform_id"":""T_RENDER_UNIT"",""valid_from"":""2025-06-01T05:00:00Z"",""valid_to"":""""},{""confirmed_by"":""SYSTEMS_ARCHITECT_02"",""from_node"":""N020"",""rule_version"":""r2"",""source_file"":""registry/field_lineage_vr2.md"",""to_node"":""N021"",""transform_id"":""T_STORE_UNIT"",""valid_from"":""2025-06-01T05:00:00Z"",""valid_to"":""""},{""confirmed_by"":""ETL_OWNER_01"",""from_node"":""N006"",""rule_version"":""r2"",""source_file"":""registry/field_lineage_vr2.md"",""to_node"":""N020"",""transform_id"":""T_PARSE_UNIT"",""valid_from"":""2025-06-01T05:00:00Z"",""valid_to"":""""}],""raw_observation_indices"":[1128,1129,1132,1133,1134,1135]}}"
ANOM000134,N022,SCHEMA_V2,FORMAT_VIOLATION,2026-02-23T08:00:00Z,2026-03-19T16:00:00Z,ABSTAIN,INSUFFICIENT_EVIDENCE,C0025|C0024|C0023,TRUE_BUSINESS_CHANGE|UNIT_CHANGE|TRUE_BUSINESS_CHANGE,6.1867,,N006|N020|N021|N022,,,"{""candidates_considered"":[{""category"":""TRUE_BUSINESS_CHANGE"",""change_id"":""C0025"",""score"":6.1867},{""category"":""UNIT_CHANGE"",""change_id"":""C0024"",""score"":5.2267},{""category"":""TRUE_BUSINESS_CHANGE"",""change_id"":""C0023"",""score"":4.9067}]}"
ANOM000135,N022,SCHEMA_V2,UNIT_DEVIATION,2026-02-23T08:00:00Z,2026-03-19T16:00:00Z,TRIAGE,,C0024,UNIT_CHANGE,14.2267,,N006|N020|N021|N022,,TRIAGE recommends human review of the listed candidate changes and categories. It does not assert that the change caused the anomaly.,"{""runner_up"":null,""selected"":{""affected_nodes"":[""N022""],""category"":""UNIT_CHANGE"",""change_id"":""C0024"",""path"":[""N006"",""N020"",""N021"",""N022""],""score"":14.2267,""terms"":{""affected_span_bonus"":1.0,""counter_example_penalty"":-0.0,""days_before_window_start"":4.33,""lineage_path_association"":2.0,""matched_symptom"":true,""missing_pattern_alignment"":0.0,""node_distance_penalty"":-0.6000000000000001,""normal_change_control"":false,""refs"":{""change_id"":""C0024"",""counter_examples"":[],""effective_at"":""2026-02-19T00:00:00Z"",""path"":[""N006"",""N020"",""N021"",""N022""]},""symptom_type_match"":9.0,""symptom_weight_raw"":3.0,""time_proximity"":0.8267,""time_validity"":2.0,""total"":14.2267}},""supporting_source_indices"":{""change_ids"":[""C0024""],""lineage_edges"":[{""confirmed_by"":""SYSTEMS_ARCHITECT_01"",""from_node"":""N021"",""rule_version"":""r2"",""source_file"":""registry/field_lineage_vr2.md"",""to_node"":""N022"",""transform_id"":""T_RENDER_UNIT"",""valid_from"":""2025-06-01T05:00:00Z"",""valid_to"":""""},{""confirmed_by"":""SYSTEMS_ARCHITECT_02"",""from_node"":""N020"",""rule_version"":""r2"",""source_file"":""registry/field_lineage_vr2.md"",""to_node"":""N021"",""transform_id"":""T_STORE_UNIT"",""valid_from"":""2025-06-01T05:00:00Z"",""valid_to"":""""},{""confirmed_by"":""ETL_OWNER_01"",""from_node"":""N006"",""rule_version"":""r2"",""source_file"":""registry/field_lineage_vr2.md"",""to_node"":""N020"",""transform_id"":""T_PARSE_UNIT"",""valid_from"":""2025-06-01T05:00:00Z"",""valid_to"":""""}],""raw_observation_indices"":[1132,1133,1134,1135,1136,1137,1138]}}"
ANOM000136,N022,SCHEMA_V2,FORMAT_VIOLATION,2026-03-09T08:00:00Z,2026-04-02T16:00:00Z,ABSTAIN,INSUFFICIENT_EVIDENCE,C0025|C0026|C0024,TRUE_BUSINESS_CHANGE|UNIT_CHANGE|UNIT_CHANGE,5.6267,,N006|N020|N021|N022,,,"{""candidates_considered"":[{""category"":""TRUE_BUSINESS_CHANGE"",""change_id"":""C0025"",""score"":5.6267},{""category"":""UNIT_CHANGE"",""change_id"":""C0026"",""score"":5.2667},{""category"":""UNIT_CHANGE"",""change_id"":""C0024"",""score"":4.6667}]}"
ANOM000137,N022,SCHEMA_V2,UNIT_DEVIATION,2026-03-09T08:00:00Z,2026-04-02T16:00:00Z,TRIAGE,,C0026,UNIT_CHANGE,14.2667,13.6667,N006|N020|N021|N022,,TRIAGE recommends human review of the listed candidate changes and categories. It does not assert that the change caused the anomaly.,"{""runner_up"":{""category"":""UNIT_CHANGE"",""change_id"":""C0024"",""score"":13.6667},""selected"":{""affected_nodes"":[""N021""],""category"":""UNIT_CHANGE"",""change_id"":""C0026"",""path"":[""N006"",""N020"",""N021"",""N022""],""score"":14.2667,""terms"":{""affected_span_bonus"":0.0,""counter_example_penalty"":-0.0,""days_before_window_start"":-16.67,""lineage_path_association"":2.0,""matched_symptom"":true,""missing_pattern_alignment"":0.0,""node_distance_penalty"":-0.4,""normal_change_control"":false,""refs"":{""change_id"":""C0026"",""counter_examples"":[],""effective_at"":""2026-03-26T00:00:00Z"",""path"":[""N006"",""N020"",""N021"",""N022""]},""symptom_type_match"":9.0,""symptom_weight_raw"":3.0,""time_proximity"":1.6667,""time_validity"":2.0,""total"":14.2667}},""supporting_source_indices"":{""change_ids"":[""C0026""],""lineage_edges"":[{""confirmed_by"":""SYSTEMS_ARCHITECT_01"",""from_node"":""N021"",""rule_version"":""r2"",""source_file"":""registry/field_lineage_vr2.md"",""to_node"":""N022"",""transform_id"":""T_RENDER_UNIT"",""valid_from"":""2025-06-01T05:00:00Z"",""valid_to"":""""},{""confirmed_by"":""SYSTEMS_ARCHITECT_02"",""from_node"":""N020"",""rule_version"":""r2"",""source_file"":""registry/field_lineage_vr2.md"",""to_node"":""N021"",""transform_id"":""T_STORE_UNIT"",""valid_from"":""2025-06-01T05:00:00Z"",""valid_to"":""""},{""confirmed_by"":""ETL_OWNER_01"",""from_node"":""N006"",""rule_version"":""r2"",""source_file"":""registry/field_lineage_vr2.md"",""to_node"":""N020"",""transform_id"":""T_PARSE_UNIT"",""valid_from"":""2025-06-01T05:00:00Z"",""valid_to"":""""}],""raw_observation_indices"":[1136,1137,1138,1142,1143]}}"
ANOM000138,N022,SCHEMA_V2,FORMAT_VIOLATION,2026-03-23T08:00:00Z,2026-04-16T16:00:00Z,ABSTAIN,INSUFFICIENT_EVIDENCE,C0025|C0026,TRUE_BUSINESS_CHANGE|UNIT_CHANGE,5.0667,,N006|N020|N021|N022,,,"{""candidates_considered"":[{""category"":""TRUE_BUSINESS_CHANGE"",""change_id"":""C0025"",""score"":5.0667},{""category"":""UNIT_CHANGE"",""change_id"":""C0026"",""score"":4.7067}]}"
ANOM000139,N022,SCHEMA_V2,UNIT_DEVIATION,2026-03-23T08:00:00Z,2026-04-16T16:00:00Z,TRIAGE,,C0026,UNIT_CHANGE,13.7067,,N006|N020|N021|N022,,TRIAGE recommends human review of the listed candidate changes and categories. It does not assert that the change caused the anomaly.,"{""runner_up"":null,""selected"":{""affected_nodes"":[""N021""],""category"":""UNIT_CHANGE"",""change_id"":""C0026"",""path"":[""N006"",""N020"",""N021"",""N022""],""score"":13.7067,""terms"":{""affected_span_bonus"":0.0,""counter_example_penalty"":-0.0,""days_before_window_start"":-2.67,""lineage_path_association"":2.0,""matched_symptom"":true,""missing_pattern_alignment"":0.0,""node_distance_penalty"":-0.4,""normal_change_control"":false,""refs"":{""change_id"":""C0026"",""counter_examples"":[],""effective_at"":""2026-03-26T00:00:00Z"",""path"":[""N006"",""N020"",""N021"",""N022""]},""symptom_type_match"":9.0,""symptom_weight_raw"":3.0,""time_proximity"":1.1067,""time_validity"":2.0,""total"":13.7067}},""supporting_source_indices"":{""change_ids"":[""C0026""],""lineage_edges"":[{""confirmed_by"":""SYSTEMS_ARCHITECT_01"",""from_node"":""N021"",""rule_version"":""r2"",""source_file"":""registry/field_lineage_vr2.md"",""to_node"":""N022"",""transform_id"":""T_RENDER_UNIT"",""valid_from"":""2025-06-01T05:00:00Z"",""valid_to"":""""},{""confirmed_by"":""SYSTEMS_ARCHITECT_02"",""from_node"":""N020"",""rule_version"":""r2"",""source_file"":""registry/field_lineage_vr2.md"",""to_node"":""N021"",""transform_id"":""T_STORE_UNIT"",""valid_from"":""2025-06-01T05:00:00Z"",""valid_to"":""""},{""confirmed_by"":""ETL_OWNER_01"",""from_node"":""N006"",""rule_version"":""r2"",""source_file"":""registry/field_lineage_vr2.md"",""to_node"":""N020"",""transform_id"":""T_PARSE_UNIT"",""valid_from"":""2025-06-01T05:00:00Z"",""valid_to"":""""}],""raw_observation_indices"":[1142,1143,1144,1145,1146,1147]}}"
ANOM000140,N022,SCHEMA_V2,FORMAT_VIOLATION,2026-04-06T08:00:00Z,2026-04-30T16:00:00Z,ABSTAIN,INSUFFICIENT_EVIDENCE,C0027|C0025|C0026,TRUE_BUSINESS_CHANGE|TRUE_BUSINESS_CHANGE|UNIT_CHANGE,5.9067,,N006|N020|N021|N022,,,"{""candidates_considered"":[{""category"":""TRUE_BUSINESS_CHANGE"",""change_id"":""C0027"",""score"":5.9067},{""category"":""TRUE_BUSINESS_CHANGE"",""change_id"":""C0025"",""score"":4.5067},{""category"":""UNIT_CHANGE"",""change_id"":""C0026"",""score"":4.1467}]}"
ANOM000141,N022,SCHEMA_V2,UNIT_DEVIATION,2026-04-06T08:00:00Z,2026-04-30T16:00:00Z,TRIAGE,,C0026,UNIT_CHANGE,13.1467,,N006|N020|N021|N022,,TRIAGE recommends human review of the listed candidate changes and categories. It does not assert that the change caused the anomaly.,"{""runner_up"":null,""selected"":{""affected_nodes"":[""N021""],""category"":""UNIT_CHANGE"",""change_id"":""C0026"",""path"":[""N006"",""N020"",""N021"",""N022""],""score"":13.1467,""terms"":{""affected_span_bonus"":0.0,""counter_example_penalty"":-0.0,""days_before_window_start"":11.33,""lineage_path_association"":2.0,""matched_symptom"":true,""missing_pattern_alignment"":0.0,""node_distance_penalty"":-0.4,""normal_change_control"":false,""refs"":{""change_id"":""C0026"",""counter_examples"":[],""effective_at"":""2026-03-26T00:00:00Z"",""path"":[""N006"",""N020"",""N021"",""N022""]},""symptom_type_match"":9.0,""symptom_weight_raw"":3.0,""time_proximity"":0.5467,""time_validity"":2.0,""total"":13.1467}},""supporting_source_indices"":{""change_ids"":[""C0026""],""lineage_edges"":[{""confirmed_by"":""SYSTEMS_ARCHITECT_01"",""from_node"":""N021"",""rule_version"":""r2"",""source_file"":""registry/field_lineage_vr2.md"",""to_node"":""N022"",""transform_id"":""T_RENDER_UNIT"",""valid_from"":""2025-06-01T05:00:00Z"",""valid_to"":""""},{""confirmed_by"":""SYSTEMS_ARCHITECT_02"",""from_node"":""N020"",""rule_version"":""r2"",""source_file"":""registry/field_lineage_vr2.md"",""to_node"":""N021"",""transform_id"":""T_STORE_UNIT"",""valid_from"":""2025-06-01T05:00:00Z"",""valid_to"":""""},{""confirmed_by"":""ETL_OWNER_01"",""from_node"":""N006"",""rule_version"":""r2"",""source_file"":""registry/field_lineage_vr2.md"",""to_node"":""N020"",""transform_id"":""T_PARSE_UNIT"",""valid_from"":""2025-06-01T05:00:00Z"",""valid_to"":""""}],""raw_observation_indices"":[1144,1145,1146,1147,1148]}}"
ANOM000142,N022,SCHEMA_V2,FORMAT_VIOLATION,2026-04-20T08:00:00Z,2026-05-14T16:00:00Z,ABSTAIN,INSUFFICIENT_EVIDENCE,C0027,TRUE_BUSINESS_CHANGE,5.3467,,N006|N020|N021|N022,,,"{""candidates_considered"":[{""category"":""TRUE_BUSINESS_CHANGE"",""change_id"":""C0027"",""score"":5.3467}]}"
ANOM000143,N022,SCHEMA_V2,UNIT_DEVIATION,2026-04-20T08:00:00Z,2026-05-14T16:00:00Z,ABSTAIN,INSUFFICIENT_EVIDENCE,C0027,TRUE_BUSINESS_CHANGE,5.3467,,N006|N020|N021|N022,,,"{""candidates_considered"":[{""category"":""TRUE_BUSINESS_CHANGE"",""change_id"":""C0027"",""score"":5.3467}]}"
ANOM000144,N022,SCHEMA_V2,FORMAT_VIOLATION,2026-05-04T08:00:00Z,2026-05-28T16:00:00Z,ABSTAIN,INSUFFICIENT_EVIDENCE,C0027,TRUE_BUSINESS_CHANGE,4.7867,,N006|N020|N021|N022,,,"{""candidates_considered"":[{""category"":""TRUE_BUSINESS_CHANGE"",""change_id"":""C0027"",""score"":4.7867}]}"
ANOM000145,N022,SCHEMA_V2,FORMAT_VIOLATION,2026-05-18T08:00:00Z,2026-06-11T16:00:00Z,ABSTAIN,INSUFFICIENT_EVIDENCE,,,,,N006|N020|N021|N022,,,"{""candidates_considered"":[]}"
ANOM000146,N022,SCHEMA_V2,FORMAT_VIOLATION,2026-06-01T08:00:00Z,2026-06-25T16:00:00Z,ABSTAIN,INSUFFICIENT_EVIDENCE,,,,,N006|N020|N021|N022,,,"{""candidates_considered"":[]}"
ANOM000147,N022,SCHEMA_V2,FORMAT_VIOLATION,2026-06-15T08:00:00Z,2026-06-25T16:00:00Z,ABSTAIN,INSUFFICIENT_EVIDENCE,,,,,N006|N020|N021|N022,,,"{""candidates_considered"":[]}"
ANOM000148,N024,SCHEMA_V2,FORMAT_VIOLATION,2025-06-01T16:00:00Z,2025-06-26T16:00:00Z,ABSTAIN,AMBIGUOUS_CANDIDATES,C0052|C0051,INTERFACE_MAPPING_ERROR,11.6133,11.5333,N010|N023|N024,,,"{""tied_candidates"":[{""category"":""INTERFACE_MAPPING_ERROR"",""change_id"":""C0052"",""effective_at"":""2025-06-22T00:00:00Z"",""score"":11.6133},{""category"":""INTERFACE_MAPPING_ERROR"",""change_id"":""C0051"",""effective_at"":""2025-06-20T00:00:00Z"",""score"":11.5333}]}"
ANOM000149,N024,SCHEMA_V2,FORMAT_VIOLATION,2025-06-16T08:00:00Z,2025-07-10T16:00:00Z,ABSTAIN,AMBIGUOUS_CANDIDATES,C0052|C0051,INTERFACE_MAPPING_ERROR,11.0267,10.9467,N010|N023|N024,,,"{""tied_candidates"":[{""category"":""INTERFACE_MAPPING_ERROR"",""change_id"":""C0052"",""effective_at"":""2025-06-22T00:00:00Z"",""score"":11.0267},{""category"":""INTERFACE_MAPPING_ERROR"",""change_id"":""C0051"",""effective_at"":""2025-06-20T00:00:00Z"",""score"":10.9467}]}"
ANOM000150,N024,SCHEMA_V2,FORMAT_VIOLATION,2025-06-30T08:00:00Z,2025-07-24T16:00:00Z,TRIAGE,,C0053,INTERFACE_MAPPING_ERROR,11.6267,10.4667,N010|N023|N024,,TRIAGE recommends human review of the listed candidate changes and categories. It does not assert that the change caused the anomaly.,"{""runner_up"":{""category"":""INTERFACE_MAPPING_ERROR"",""change_id"":""C0052"",""score"":10.4667},""selected"":{""affected_nodes"":[""N023""],""category"":""INTERFACE_MAPPING_ERROR"",""change_id"":""C0053"",""path"":[""N010"",""N023"",""N024""],""score"":11.6267,""terms"":{""affected_span_bonus"":0.0,""counter_example_penalty"":-0.0,""days_before_window_start"":-20.67,""lineage_path_association"":2.0,""matched_symptom"":true,""missing_pattern_alignment"":0.0,""node_distance_penalty"":-0.2,""normal_change_control"":false,""refs"":{""change_id"":""C0053"",""counter_examples"":[],""effective_at"":""2025-07-21T00:00:00Z"",""path"":[""N010"",""N023"",""N024""]},""symptom_type_match"":6.0,""symptom_weight_raw"":2.0,""time_proximity"":1.8267,""time_validity"":2.0,""total"":11.6267}},""supporting_source_indices"":{""change_ids"":[""C0053""],""lineage_edges"":[{""confirmed_by"":""ETL_OWNER_01"",""from_node"":""N023"",""rule_version"":""r2"",""source_file"":""registry/field_lineage_vr2.md"",""to_node"":""N024"",""transform_id"":""T_RENDER_TESTCODE"",""valid_from"":""2025-06-01T05:00:00Z"",""valid_to"":""""},{""confirmed_by"":""SYSTEMS_ARCHITECT_01"",""from_node"":""N010"",""rule_version"":""r2"",""source_file"":""registry/field_lineage_vr2.md"",""to_node"":""N023"",""transform_id"":""T_IFACE_TESTCODE"",""valid_from"":""2025-06-01T05:00:00Z"",""valid_to"":""""}],""raw_observation_indices"":[1176]}}"
ANOM000151,N024,SCHEMA_V2,FORMAT_VIOLATION,2025-07-14T08:00:00Z,2025-08-07T16:00:00Z,ABSTAIN,AMBIGUOUS_CANDIDATES,C0054|C0053,INTERFACE_MAPPING_ERROR,11.1467,11.0667,N010|N023|N024,,,"{""tied_candidates"":[{""category"":""INTERFACE_MAPPING_ERROR"",""change_id"":""C0054"",""effective_at"":""2025-07-23T00:00:00Z"",""score"":11.1467},{""category"":""INTERFACE_MAPPING_ERROR"",""change_id"":""C0053"",""effective_at"":""2025-07-21T00:00:00Z"",""score"":11.0667}]}"
ANOM000152,N024,SCHEMA_V2,FORMAT_VIOLATION,2025-07-28T08:00:00Z,2025-08-21T16:00:00Z,ABSTAIN,AMBIGUOUS_CANDIDATES,C0054|C0053,INTERFACE_MAPPING_ERROR,10.5867,10.5067,N010|N023|N024,,,"{""tied_candidates"":[{""category"":""INTERFACE_MAPPING_ERROR"",""change_id"":""C0054"",""effective_at"":""2025-07-23T00:00:00Z"",""score"":10.5867},{""category"":""INTERFACE_MAPPING_ERROR"",""change_id"":""C0053"",""effective_at"":""2025-07-21T00:00:00Z"",""score"":10.5067}]}"
ANOM000153,N024,SCHEMA_V2,FORMAT_VIOLATION,2025-08-11T08:00:00Z,2025-09-04T16:00:00Z,ABSTAIN,AMBIGUOUS_CANDIDATES,C0056|C0055,INTERFACE_MAPPING_ERROR,11.3067,11.2267,N010|N023|N024,,,"{""tied_candidates"":[{""category"":""INTERFACE_MAPPING_ERROR"",""change_id"":""C0056"",""effective_at"":""2025-08-24T00:00:00Z"",""score"":11.3067},{""category"":""INTERFACE_MAPPING_ERROR"",""change_id"":""C0055"",""effective_at"":""2025-08-22T00:00:00Z"",""score"":11.2267}]}"
ANOM000154,N024,SCHEMA_V2,FORMAT_VIOLATION,2025-08-25T08:00:00Z,2025-09-18T16:00:00Z,ABSTAIN,AMBIGUOUS_CANDIDATES,C0056|C0055,INTERFACE_MAPPING_ERROR,10.7467,10.6667,N010|N023|N024,,,"{""tied_candidates"":[{""category"":""INTERFACE_MAPPING_ERROR"",""change_id"":""C0056"",""effective_at"":""2025-08-24T00:00:00Z"",""score"":10.7467},{""category"":""INTERFACE_MAPPING_ERROR"",""change_id"":""C0055"",""effective_at"":""2025-08-22T00:00:00Z"",""score"":10.6667}]}"
ANOM000155,N024,SCHEMA_V2,FORMAT_VIOLATION,2025-09-08T08:00:00Z,2025-10-02T16:00:00Z,ABSTAIN,AMBIGUOUS_CANDIDATES,C0058|C0057,INTERFACE_MAPPING_ERROR,11.3067,11.2267,N010|N023|N024,,,"{""tied_candidates"":[{""category"":""INTERFACE_MAPPING_ERROR"",""change_id"":""C0058"",""effective_at"":""2025-09-21T00:00:00Z"",""score"":11.3067},{""category"":""INTERFACE_MAPPING_ERROR"",""change_id"":""C0057"",""effective_at"":""2025-09-19T00:00:00Z"",""score"":11.2267}]}"
ANOM000156,N024,SCHEMA_V2,FORMAT_VIOLATION,2025-09-22T08:00:00Z,2025-10-16T16:00:00Z,ABSTAIN,AMBIGUOUS_CANDIDATES,C0058|C0057,INTERFACE_MAPPING_ERROR,10.7467,10.6667,N010|N023|N024,,,"{""tied_candidates"":[{""category"":""INTERFACE_MAPPING_ERROR"",""change_id"":""C0058"",""effective_at"":""2025-09-21T00:00:00Z"",""score"":10.7467},{""category"":""INTERFACE_MAPPING_ERROR"",""change_id"":""C0057"",""effective_at"":""2025-09-19T00:00:00Z"",""score"":10.6667}]}"
ANOM000157,N024,SCHEMA_V2,FORMAT_VIOLATION,2025-10-06T08:00:00Z,2025-10-30T16:00:00Z,TRIAGE,,C0059,INTERFACE_MAPPING_ERROR,11.3067,10.1867,N010|N023|N024,,TRIAGE recommends human review of the listed candidate changes and categories. It does not assert that the change caused the anomaly.,"{""runner_up"":{""category"":""INTERFACE_MAPPING_ERROR"",""change_id"":""C0058"",""score"":10.1867},""selected"":{""affected_nodes"":[""N023""],""category"":""INTERFACE_MAPPING_ERROR"",""change_id"":""C0059"",""path"":[""N010"",""N023"",""N024""],""score"":11.3067,""terms"":{""affected_span_bonus"":0.0,""counter_example_penalty"":-0.0,""days_before_window_start"":-12.67,""lineage_path_association"":2.0,""matched_symptom"":true,""missing_pattern_alignment"":0.0,""node_distance_penalty"":-0.2,""normal_change_control"":false,""refs"":{""change_id"":""C0059"",""counter_examples"":[],""effective_at"":""2025-10-19T00:00:00Z"",""path"":[""N010"",""N023"",""N024""]},""symptom_type_match"":6.0,""symptom_weight_raw"":2.0,""time_proximity"":1.5067,""time_validity"":2.0,""total"":11.3067}},""supporting_source_indices"":{""change_ids"":[""C0059""],""lineage_edges"":[{""confirmed_by"":""ETL_OWNER_01"",""from_node"":""N023"",""rule_version"":""r2"",""source_file"":""registry/field_lineage_vr2.md"",""to_node"":""N024"",""transform_id"":""T_RENDER_TESTCODE"",""valid_from"":""2025-06-01T05:00:00Z"",""valid_to"":""""},{""confirmed_by"":""SYSTEMS_ARCHITECT_01"",""from_node"":""N010"",""rule_version"":""r2"",""source_file"":""registry/field_lineage_vr2.md"",""to_node"":""N023"",""transform_id"":""T_IFACE_TESTCODE"",""valid_from"":""2025-06-01T05:00:00Z"",""valid_to"":""""}],""raw_observation_indices"":[1210,1211]}}"
ANOM000158,N024,SCHEMA_V2,FORMAT_VIOLATION,2025-10-20T08:00:00Z,2025-11-13T16:00:00Z,TRIAGE,,C0059,INTERFACE_MAPPING_ERROR,10.7467,,N010|N023|N024,,TRIAGE recommends human review of the listed candidate changes and categories. It does not assert that the change caused the anomaly.,"{""runner_up"":null,""selected"":{""affected_nodes"":[""N023""],""category"":""INTERFACE_MAPPING_ERROR"",""change_id"":""C0059"",""path"":[""N010"",""N023"",""N024""],""score"":10.7467,""terms"":{""affected_span_bonus"":0.0,""counter_example_penalty"":-0.0,""days_before_window_start"":1.33,""lineage_path_association"":2.0,""matched_symptom"":true,""missing_pattern_alignment"":0.0,""node_distance_penalty"":-0.2,""normal_change_control"":false,""refs"":{""change_id"":""C0059"",""counter_examples"":[],""effective_at"":""2025-10-19T00:00:00Z"",""path"":[""N010"",""N023"",""N024""]},""symptom_type_match"":6.0,""symptom_weight_raw"":2.0,""time_proximity"":0.9467,""time_validity"":2.0,""total"":10.7467}},""supporting_source_indices"":{""change_ids"":[""C0059""],""lineage_edges"":[{""confirmed_by"":""ETL_OWNER_01"",""from_node"":""N023"",""rule_version"":""r2"",""source_file"":""registry/field_lineage_vr2.md"",""to_node"":""N024"",""transform_id"":""T_RENDER_TESTCODE"",""valid_from"":""2025-06-01T05:00:00Z"",""valid_to"":""""},{""confirmed_by"":""SYSTEMS_ARCHITECT_01"",""from_node"":""N010"",""rule_version"":""r2"",""source_file"":""registry/field_lineage_vr2.md"",""to_node"":""N023"",""transform_id"":""T_IFACE_TESTCODE"",""valid_from"":""2025-06-01T05:00:00Z"",""valid_to"":""""}],""raw_observation_indices"":[1210,1211]}}"
ANOM000159,N024,SCHEMA_V2,FORMAT_VIOLATION,2025-11-03T08:00:00Z,2025-11-27T16:00:00Z,TRIAGE,,C0061,INTERFACE_MAPPING_ERROR,11.3067,10.1867,N010|N023|N024,,TRIAGE recommends human review of the listed candidate changes and categories. It does not assert that the change caused the anomaly.,"{""runner_up"":{""category"":""INTERFACE_MAPPING_ERROR"",""change_id"":""C0059"",""score"":10.1867},""selected"":{""affected_nodes"":[""N023""],""category"":""INTERFACE_MAPPING_ERROR"",""change_id"":""C0061"",""path"":[""N010"",""N023"",""N024""],""score"":11.3067,""terms"":{""affected_span_bonus"":0.0,""counter_example_penalty"":-0.0,""days_before_window_start"":-12.67,""lineage_path_association"":2.0,""matched_symptom"":true,""missing_pattern_alignment"":0.0,""node_distance_penalty"":-0.2,""normal_change_control"":false,""refs"":{""change_id"":""C0061"",""counter_examples"":[],""effective_at"":""2025-11-16T00:00:00Z"",""path"":[""N010"",""N023"",""N024""]},""symptom_type_match"":6.0,""symptom_weight_raw"":2.0,""time_proximity"":1.5067,""time_validity"":2.0,""total"":11.3067}},""supporting_source_indices"":{""change_ids"":[""C0061""],""lineage_edges"":[{""confirmed_by"":""ETL_OWNER_01"",""from_node"":""N023"",""rule_version"":""r2"",""source_file"":""registry/field_lineage_vr2.md"",""to_node"":""N024"",""transform_id"":""T_RENDER_TESTCODE"",""valid_from"":""2025-06-01T05:00:00Z"",""valid_to"":""""},{""confirmed_by"":""SYSTEMS_ARCHITECT_01"",""from_node"":""N010"",""rule_version"":""r2"",""source_file"":""registry/field_lineage_vr2.md"",""to_node"":""N023"",""transform_id"":""T_IFACE_TESTCODE"",""valid_from"":""2025-06-01T05:00:00Z"",""valid_to"":""""}],""raw_observation_indices"":[1217,1218]}}"
ANOM000160,N024,SCHEMA_V2,FORMAT_VIOLATION,2025-11-17T08:00:00Z,2025-12-11T16:00:00Z,TRIAGE,,C0061,INTERFACE_MAPPING_ERROR,10.7467,,N010|N023|N024,,TRIAGE recommends human review of the listed candidate changes and categories. It does not assert that the change caused the anomaly.,"{""runner_up"":null,""selected"":{""affected_nodes"":[""N023""],""category"":""INTERFACE_MAPPING_ERROR"",""change_id"":""C0061"",""path"":[""N010"",""N023"",""N024""],""score"":10.7467,""terms"":{""affected_span_bonus"":0.0,""counter_example_penalty"":-0.0,""days_before_window_start"":1.33,""lineage_path_association"":2.0,""matched_symptom"":true,""missing_pattern_alignment"":0.0,""node_distance_penalty"":-0.2,""normal_change_control"":false,""refs"":{""change_id"":""C0061"",""counter_examples"":[],""effective_at"":""2025-11-16T00:00:00Z"",""path"":[""N010"",""N023"",""N024""]},""symptom_type_match"":6.0,""symptom_weight_raw"":2.0,""time_proximity"":0.9467,""time_validity"":2.0,""total"":10.7467}},""supporting_source_indices"":{""change_ids"":[""C0061""],""lineage_edges"":[{""confirmed_by"":""ETL_OWNER_01"",""from_node"":""N023"",""rule_version"":""r2"",""source_file"":""registry/field_lineage_vr2.md"",""to_node"":""N024"",""transform_id"":""T_RENDER_TESTCODE"",""valid_from"":""2025-06-01T05:00:00Z"",""valid_to"":""""},{""confirmed_by"":""SYSTEMS_ARCHITECT_01"",""from_node"":""N010"",""rule_version"":""r2"",""source_file"":""registry/field_lineage_vr2.md"",""to_node"":""N023"",""transform_id"":""T_IFACE_TESTCODE"",""valid_from"":""2025-06-01T05:00:00Z"",""valid_to"":""""}],""raw_observation_indices"":[1217,1218]}}"
ANOM000161,N024,SCHEMA_V2,FORMAT_VIOLATION,2025-12-01T08:00:00Z,2025-12-25T16:00:00Z,TRIAGE,,C0063,INTERFACE_MAPPING_ERROR,11.2667,10.1867,N010|N023|N024,,TRIAGE recommends human review of the listed candidate changes and categories. It does not assert that the change caused the anomaly.,"{""runner_up"":{""category"":""INTERFACE_MAPPING_ERROR"",""change_id"":""C0061"",""score"":10.1867},""selected"":{""affected_nodes"":[""N023""],""category"":""INTERFACE_MAPPING_ERROR"",""change_id"":""C0063"",""path"":[""N010"",""N023"",""N024""],""score"":11.2667,""terms"":{""affected_span_bonus"":0.0,""counter_example_penalty"":-0.0,""days_before_window_start"":-11.67,""lineage_path_association"":2.0,""matched_symptom"":true,""missing_pattern_alignment"":0.0,""node_distance_penalty"":-0.2,""normal_change_control"":false,""refs"":{""change_id"":""C0063"",""counter_examples"":[],""effective_at"":""2025-12-13T00:00:00Z"",""path"":[""N010"",""N023"",""N024""]},""symptom_type_match"":6.0,""symptom_weight_raw"":2.0,""time_proximity"":1.4667,""time_validity"":2.0,""total"":11.2667}},""supporting_source_indices"":{""change_ids"":[""C0063""],""lineage_edges"":[{""confirmed_by"":""ETL_OWNER_01"",""from_node"":""N023"",""rule_version"":""r2"",""source_file"":""registry/field_lineage_vr2.md"",""to_node"":""N024"",""transform_id"":""T_RENDER_TESTCODE"",""valid_from"":""2025-06-01T05:00:00Z"",""valid_to"":""""},{""confirmed_by"":""SYSTEMS_ARCHITECT_01"",""from_node"":""N010"",""rule_version"":""r2"",""source_file"":""registry/field_lineage_vr2.md"",""to_node"":""N023"",""transform_id"":""T_IFACE_TESTCODE"",""valid_from"":""2025-06-01T05:00:00Z"",""valid_to"":""""}],""raw_observation_indices"":[1225,1226]}}"
ANOM000162,N024,SCHEMA_V2,FORMAT_VIOLATION,2025-12-15T08:00:00Z,2026-01-08T16:00:00Z,TRIAGE,,C0063,INTERFACE_MAPPING_ERROR,10.7067,,N010|N023|N024,,TRIAGE recommends human review of the listed candidate changes and categories. It does not assert that the change caused the anomaly.,"{""runner_up"":null,""selected"":{""affected_nodes"":[""N023""],""category"":""INTERFACE_MAPPING_ERROR"",""change_id"":""C0063"",""path"":[""N010"",""N023"",""N024""],""score"":10.7067,""terms"":{""affected_span_bonus"":0.0,""counter_example_penalty"":-0.0,""days_before_window_start"":2.33,""lineage_path_association"":2.0,""matched_symptom"":true,""missing_pattern_alignment"":0.0,""node_distance_penalty"":-0.2,""normal_change_control"":false,""refs"":{""change_id"":""C0063"",""counter_examples"":[],""effective_at"":""2025-12-13T00:00:00Z"",""path"":[""N010"",""N023"",""N024""]},""symptom_type_match"":6.0,""symptom_weight_raw"":2.0,""time_proximity"":0.9067,""time_validity"":2.0,""total"":10.7067}},""supporting_source_indices"":{""change_ids"":[""C0063""],""lineage_edges"":[{""confirmed_by"":""ETL_OWNER_01"",""from_node"":""N023"",""rule_version"":""r2"",""source_file"":""registry/field_lineage_vr2.md"",""to_node"":""N024"",""transform_id"":""T_RENDER_TESTCODE"",""valid_from"":""2025-06-01T05:00:00Z"",""valid_to"":""""},{""confirmed_by"":""SYSTEMS_ARCHITECT_01"",""from_node"":""N010"",""rule_version"":""r2"",""source_file"":""registry/field_lineage_vr2.md"",""to_node"":""N023"",""transform_id"":""T_IFACE_TESTCODE"",""valid_from"":""2025-06-01T05:00:00Z"",""valid_to"":""""}],""raw_observation_indices"":[1225,1226]}}"
ANOM000163,N024,SCHEMA_V2,FORMAT_VIOLATION,2025-12-29T08:00:00Z,2026-01-22T16:00:00Z,TRIAGE,,C0065,INTERFACE_MAPPING_ERROR,11.2267,10.1467,N010|N023|N024,,TRIAGE recommends human review of the listed candidate changes and categories. It does not assert that the change caused the anomaly.,"{""runner_up"":{""category"":""INTERFACE_MAPPING_ERROR"",""change_id"":""C0063"",""score"":10.1467},""selected"":{""affected_nodes"":[""N023""],""category"":""INTERFACE_MAPPING_ERROR"",""change_id"":""C0065"",""path"":[""N010"",""N023"",""N024""],""score"":11.2267,""terms"":{""affected_span_bonus"":0.0,""counter_example_penalty"":-0.0,""days_before_window_start"":-10.67,""lineage_path_association"":2.0,""matched_symptom"":true,""missing_pattern_alignment"":0.0,""node_distance_penalty"":-0.2,""normal_change_control"":false,""refs"":{""change_id"":""C0065"",""counter_examples"":[],""effective_at"":""2026-01-09T00:00:00Z"",""path"":[""N010"",""N023"",""N024""]},""symptom_type_match"":6.0,""symptom_weight_raw"":2.0,""time_proximity"":1.4267,""time_validity"":2.0,""total"":11.2267}},""supporting_source_indices"":{""change_ids"":[""C0065""],""lineage_edges"":[{""confirmed_by"":""ETL_OWNER_01"",""from_node"":""N023"",""rule_version"":""r2"",""source_file"":""registry/field_lineage_vr2.md"",""to_node"":""N024"",""transform_id"":""T_RENDER_TESTCODE"",""valid_from"":""2025-06-01T05:00:00Z"",""valid_to"":""""},{""confirmed_by"":""SYSTEMS_ARCHITECT_01"",""from_node"":""N010"",""rule_version"":""r2"",""source_file"":""registry/field_lineage_vr2.md"",""to_node"":""N023"",""transform_id"":""T_IFACE_TESTCODE"",""valid_from"":""2025-06-01T05:00:00Z"",""valid_to"":""""}],""raw_observation_indices"":[1233,1235]}}"
ANOM000164,N024,SCHEMA_V2,FORMAT_VIOLATION,2026-01-12T08:00:00Z,2026-02-05T16:00:00Z,TRIAGE,,C0065,INTERFACE_MAPPING_ERROR,10.6667,,N010|N023|N024,,TRIAGE recommends human review of the listed candidate changes and categories. It does not assert that the change caused the anomaly.,"{""runner_up"":null,""selected"":{""affected_nodes"":[""N023""],""category"":""INTERFACE_MAPPING_ERROR"",""change_id"":""C0065"",""path"":[""N010"",""N023"",""N024""],""score"":10.6667,""terms"":{""affected_span_bonus"":0.0,""counter_example_penalty"":-0.0,""days_before_window_start"":3.33,""lineage_path_association"":2.0,""matched_symptom"":true,""missing_pattern_alignment"":0.0,""node_distance_penalty"":-0.2,""normal_change_control"":false,""refs"":{""change_id"":""C0065"",""counter_examples"":[],""effective_at"":""2026-01-09T00:00:00Z"",""path"":[""N010"",""N023"",""N024""]},""symptom_type_match"":6.0,""symptom_weight_raw"":2.0,""time_proximity"":0.8667,""time_validity"":2.0,""total"":10.6667}},""supporting_source_indices"":{""change_ids"":[""C0065""],""lineage_edges"":[{""confirmed_by"":""ETL_OWNER_01"",""from_node"":""N023"",""rule_version"":""r2"",""source_file"":""registry/field_lineage_vr2.md"",""to_node"":""N024"",""transform_id"":""T_RENDER_TESTCODE"",""valid_from"":""2025-06-01T05:00:00Z"",""valid_to"":""""},{""confirmed_by"":""SYSTEMS_ARCHITECT_01"",""from_node"":""N010"",""rule_version"":""r2"",""source_file"":""registry/field_lineage_vr2.md"",""to_node"":""N023"",""transform_id"":""T_IFACE_TESTCODE"",""valid_from"":""2025-06-01T05:00:00Z"",""valid_to"":""""}],""raw_observation_indices"":[1233,1235]}}"
ANOM000165,N024,SCHEMA_V2,FORMAT_VIOLATION,2026-01-26T08:00:00Z,2026-02-19T16:00:00Z,TRIAGE,,C0067,INTERFACE_MAPPING_ERROR,11.2267,10.1067,N010|N023|N024,,TRIAGE recommends human review of the listed candidate changes and categories. It does not assert that the change caused the anomaly.,"{""runner_up"":{""category"":""INTERFACE_MAPPING_ERROR"",""change_id"":""C0065"",""score"":10.1067},""selected"":{""affected_nodes"":[""N023""],""category"":""INTERFACE_MAPPING_ERROR"",""change_id"":""C0067"",""path"":[""N010"",""N023"",""N024""],""score"":11.2267,""terms"":{""affected_span_bonus"":0.0,""counter_example_penalty"":-0.0,""days_before_window_start"":-10.67,""lineage_path_association"":2.0,""matched_symptom"":true,""missing_pattern_alignment"":0.0,""node_distance_penalty"":-0.2,""normal_change_control"":false,""refs"":{""change_id"":""C0067"",""counter_examples"":[],""effective_at"":""2026-02-06T00:00:00Z"",""path"":[""N010"",""N023"",""N024""]},""symptom_type_match"":6.0,""symptom_weight_raw"":2.0,""time_proximity"":1.4267,""time_validity"":2.0,""total"":11.2267}},""supporting_source_indices"":{""change_ids"":[""C0067""],""lineage_edges"":[{""confirmed_by"":""ETL_OWNER_01"",""from_node"":""N023"",""rule_version"":""r2"",""source_file"":""registry/field_lineage_vr2.md"",""to_node"":""N024"",""transform_id"":""T_RENDER_TESTCODE"",""valid_from"":""2025-06-01T05:00:00Z"",""valid_to"":""""},{""confirmed_by"":""SYSTEMS_ARCHITECT_01"",""from_node"":""N010"",""rule_version"":""r2"",""source_file"":""registry/field_lineage_vr2.md"",""to_node"":""N023"",""transform_id"":""T_IFACE_TESTCODE"",""valid_from"":""2025-06-01T05:00:00Z"",""valid_to"":""""}],""raw_observation_indices"":[1242,1243]}}"
ANOM000166,N024,SCHEMA_V2,FORMAT_VIOLATION,2026-02-09T08:00:00Z,2026-03-05T16:00:00Z,TRIAGE,,C0067,INTERFACE_MAPPING_ERROR,10.6667,,N010|N023|N024,,TRIAGE recommends human review of the listed candidate changes and categories. It does not assert that the change caused the anomaly.,"{""runner_up"":null,""selected"":{""affected_nodes"":[""N023""],""category"":""INTERFACE_MAPPING_ERROR"",""change_id"":""C0067"",""path"":[""N010"",""N023"",""N024""],""score"":10.6667,""terms"":{""affected_span_bonus"":0.0,""counter_example_penalty"":-0.0,""days_before_window_start"":3.33,""lineage_path_association"":2.0,""matched_symptom"":true,""missing_pattern_alignment"":0.0,""node_distance_penalty"":-0.2,""normal_change_control"":false,""refs"":{""change_id"":""C0067"",""counter_examples"":[],""effective_at"":""2026-02-06T00:00:00Z"",""path"":[""N010"",""N023"",""N024""]},""symptom_type_match"":6.0,""symptom_weight_raw"":2.0,""time_proximity"":0.8667,""time_validity"":2.0,""total"":10.6667}},""supporting_source_indices"":{""change_ids"":[""C0067""],""lineage_edges"":[{""confirmed_by"":""ETL_OWNER_01"",""from_node"":""N023"",""rule_version"":""r2"",""source_file"":""registry/field_lineage_vr2.md"",""to_node"":""N024"",""transform_id"":""T_RENDER_TESTCODE"",""valid_from"":""2025-06-01T05:00:00Z"",""valid_to"":""""},{""confirmed_by"":""SYSTEMS_ARCHITECT_01"",""from_node"":""N010"",""rule_version"":""r2"",""source_file"":""registry/field_lineage_vr2.md"",""to_node"":""N023"",""transform_id"":""T_IFACE_TESTCODE"",""valid_from"":""2025-06-01T05:00:00Z"",""valid_to"":""""}],""raw_observation_indices"":[1242,1243]}}"
ANOM000167,N024,SCHEMA_V2,FORMAT_VIOLATION,2026-02-23T08:00:00Z,2026-03-19T16:00:00Z,TRIAGE,,C0069,INTERFACE_MAPPING_ERROR,11.1867,10.1067,N010|N023|N024,,TRIAGE recommends human review of the listed candidate changes and categories. It does not assert that the change caused the anomaly.,"{""runner_up"":{""category"":""INTERFACE_MAPPING_ERROR"",""change_id"":""C0067"",""score"":10.1067},""selected"":{""affected_nodes"":[""N023""],""category"":""INTERFACE_MAPPING_ERROR"",""change_id"":""C0069"",""path"":[""N010"",""N023"",""N024""],""score"":11.1867,""terms"":{""affected_span_bonus"":0.0,""counter_example_penalty"":-0.0,""days_before_window_start"":-9.67,""lineage_path_association"":2.0,""matched_symptom"":true,""missing_pattern_alignment"":0.0,""node_distance_penalty"":-0.2,""normal_change_control"":false,""refs"":{""change_id"":""C0069"",""counter_examples"":[],""effective_at"":""2026-03-05T00:00:00Z"",""path"":[""N010"",""N023"",""N024""]},""symptom_type_match"":6.0,""symptom_weight_raw"":2.0,""time_proximity"":1.3867,""time_validity"":2.0,""total"":11.1867}},""supporting_source_indices"":{""change_ids"":[""C0069""],""lineage_edges"":[{""confirmed_by"":""ETL_OWNER_01"",""from_node"":""N023"",""rule_version"":""r2"",""source_file"":""registry/field_lineage_vr2.md"",""to_node"":""N024"",""transform_id"":""T_RENDER_TESTCODE"",""valid_from"":""2025-06-01T05:00:00Z"",""valid_to"":""""},{""confirmed_by"":""SYSTEMS_ARCHITECT_01"",""from_node"":""N010"",""rule_version"":""r2"",""source_file"":""registry/field_lineage_vr2.md"",""to_node"":""N023"",""transform_id"":""T_IFACE_TESTCODE"",""valid_from"":""2025-06-01T05:00:00Z"",""valid_to"":""""}],""raw_observation_indices"":[1248,1249]}}"
ANOM000168,N024,SCHEMA_V2,FORMAT_VIOLATION,2026-03-09T08:00:00Z,2026-04-02T16:00:00Z,TRIAGE,,C0069,INTERFACE_MAPPING_ERROR,10.6267,,N010|N023|N024,,TRIAGE recommends human review of the listed candidate changes and categories. It does not assert that the change caused the anomaly.,"{""runner_up"":null,""selected"":{""affected_nodes"":[""N023""],""category"":""INTERFACE_MAPPING_ERROR"",""change_id"":""C0069"",""path"":[""N010"",""N023"",""N024""],""score"":10.6267,""terms"":{""affected_span_bonus"":0.0,""counter_example_penalty"":-0.0,""days_before_window_start"":4.33,""lineage_path_association"":2.0,""matched_symptom"":true,""missing_pattern_alignment"":0.0,""node_distance_penalty"":-0.2,""normal_change_control"":false,""refs"":{""change_id"":""C0069"",""counter_examples"":[],""effective_at"":""2026-03-05T00:00:00Z"",""path"":[""N010"",""N023"",""N024""]},""symptom_type_match"":6.0,""symptom_weight_raw"":2.0,""time_proximity"":0.8267,""time_validity"":2.0,""total"":10.6267}},""supporting_source_indices"":{""change_ids"":[""C0069""],""lineage_edges"":[{""confirmed_by"":""ETL_OWNER_01"",""from_node"":""N023"",""rule_version"":""r2"",""source_file"":""registry/field_lineage_vr2.md"",""to_node"":""N024"",""transform_id"":""T_RENDER_TESTCODE"",""valid_from"":""2025-06-01T05:00:00Z"",""valid_to"":""""},{""confirmed_by"":""SYSTEMS_ARCHITECT_01"",""from_node"":""N010"",""rule_version"":""r2"",""source_file"":""registry/field_lineage_vr2.md"",""to_node"":""N023"",""transform_id"":""T_IFACE_TESTCODE"",""valid_from"":""2025-06-01T05:00:00Z"",""valid_to"":""""}],""raw_observation_indices"":[1248,1249]}}"
ANOM000169,N024,SCHEMA_V2,FORMAT_VIOLATION,2026-03-23T08:00:00Z,2026-04-16T16:00:00Z,TRIAGE,,C0071,INTERFACE_MAPPING_ERROR,11.1467,10.0667,N010|N023|N024,,TRIAGE recommends human review of the listed candidate changes and categories. It does not assert that the change caused the anomaly.,"{""runner_up"":{""category"":""INTERFACE_MAPPING_ERROR"",""change_id"":""C0069"",""score"":10.0667},""selected"":{""affected_nodes"":[""N023""],""category"":""INTERFACE_MAPPING_ERROR"",""change_id"":""C0071"",""path"":[""N010"",""N023"",""N024""],""score"":11.1467,""terms"":{""affected_span_bonus"":0.0,""counter_example_penalty"":-0.0,""days_before_window_start"":-8.67,""lineage_path_association"":2.0,""matched_symptom"":true,""missing_pattern_alignment"":0.0,""node_distance_penalty"":-0.2,""normal_change_control"":false,""refs"":{""change_id"":""C0071"",""counter_examples"":[],""effective_at"":""2026-04-01T00:00:00Z"",""path"":[""N010"",""N023"",""N024""]},""symptom_type_match"":6.0,""symptom_weight_raw"":2.0,""time_proximity"":1.3467,""time_validity"":2.0,""total"":11.1467}},""supporting_source_indices"":{""change_ids"":[""C0071""],""lineage_edges"":[{""confirmed_by"":""ETL_OWNER_01"",""from_node"":""N023"",""rule_version"":""r2"",""source_file"":""registry/field_lineage_vr2.md"",""to_node"":""N024"",""transform_id"":""T_RENDER_TESTCODE"",""valid_from"":""2025-06-01T05:00:00Z"",""valid_to"":""""},{""confirmed_by"":""SYSTEMS_ARCHITECT_01"",""from_node"":""N010"",""rule_version"":""r2"",""source_file"":""registry/field_lineage_vr2.md"",""to_node"":""N023"",""transform_id"":""T_IFACE_TESTCODE"",""valid_from"":""2025-06-01T05:00:00Z"",""valid_to"":""""}],""raw_observation_indices"":[1256,1257]}}"
ANOM000170,N024,SCHEMA_V2,FORMAT_VIOLATION,2026-04-06T08:00:00Z,2026-04-30T16:00:00Z,TRIAGE,,C0071,INTERFACE_MAPPING_ERROR,10.5867,,N010|N023|N024,,TRIAGE recommends human review of the listed candidate changes and categories. It does not assert that the change caused the anomaly.,"{""runner_up"":null,""selected"":{""affected_nodes"":[""N023""],""category"":""INTERFACE_MAPPING_ERROR"",""change_id"":""C0071"",""path"":[""N010"",""N023"",""N024""],""score"":10.5867,""terms"":{""affected_span_bonus"":0.0,""counter_example_penalty"":-0.0,""days_before_window_start"":5.33,""lineage_path_association"":2.0,""matched_symptom"":true,""missing_pattern_alignment"":0.0,""node_distance_penalty"":-0.2,""normal_change_control"":false,""refs"":{""change_id"":""C0071"",""counter_examples"":[],""effective_at"":""2026-04-01T00:00:00Z"",""path"":[""N010"",""N023"",""N024""]},""symptom_type_match"":6.0,""symptom_weight_raw"":2.0,""time_proximity"":0.7867,""time_validity"":2.0,""total"":10.5867}},""supporting_source_indices"":{""change_ids"":[""C0071""],""lineage_edges"":[{""confirmed_by"":""ETL_OWNER_01"",""from_node"":""N023"",""rule_version"":""r2"",""source_file"":""registry/field_lineage_vr2.md"",""to_node"":""N024"",""transform_id"":""T_RENDER_TESTCODE"",""valid_from"":""2025-06-01T05:00:00Z"",""valid_to"":""""},{""confirmed_by"":""SYSTEMS_ARCHITECT_01"",""from_node"":""N010"",""rule_version"":""r2"",""source_file"":""registry/field_lineage_vr2.md"",""to_node"":""N023"",""transform_id"":""T_IFACE_TESTCODE"",""valid_from"":""2025-06-01T05:00:00Z"",""valid_to"":""""}],""raw_observation_indices"":[1256,1257]}}"
ANOM000171,N024,SCHEMA_V2,FORMAT_VIOLATION,2026-04-20T08:00:00Z,2026-05-14T16:00:00Z,TRIAGE,,C0073,INTERFACE_MAPPING_ERROR,11.1467,10.0267,N010|N023|N024,,TRIAGE recommends human review of the listed candidate changes and categories. It does not assert that the change caused the anomaly.,"{""runner_up"":{""category"":""INTERFACE_MAPPING_ERROR"",""change_id"":""C0071"",""score"":10.0267},""selected"":{""affected_nodes"":[""N023""],""category"":""INTERFACE_MAPPING_ERROR"",""change_id"":""C0073"",""path"":[""N010"",""N023"",""N024""],""score"":11.1467,""terms"":{""affected_span_bonus"":0.0,""counter_example_penalty"":-0.0,""days_before_window_start"":-8.67,""lineage_path_association"":2.0,""matched_symptom"":true,""missing_pattern_alignment"":0.0,""node_distance_penalty"":-0.2,""normal_change_control"":false,""refs"":{""change_id"":""C0073"",""counter_examples"":[],""effective_at"":""2026-04-29T00:00:00Z"",""path"":[""N010"",""N023"",""N024""]},""symptom_type_match"":6.0,""symptom_weight_raw"":2.0,""time_proximity"":1.3467,""time_validity"":2.0,""total"":11.1467}},""supporting_source_indices"":{""change_ids"":[""C0073""],""lineage_edges"":[{""confirmed_by"":""ETL_OWNER_01"",""from_node"":""N023"",""rule_version"":""r2"",""source_file"":""registry/field_lineage_vr2.md"",""to_node"":""N024"",""transform_id"":""T_RENDER_TESTCODE"",""valid_from"":""2025-06-01T05:00:00Z"",""valid_to"":""""},{""confirmed_by"":""SYSTEMS_ARCHITECT_01"",""from_node"":""N010"",""rule_version"":""r2"",""source_file"":""registry/field_lineage_vr2.md"",""to_node"":""N023"",""transform_id"":""T_IFACE_TESTCODE"",""valid_from"":""2025-06-01T05:00:00Z"",""valid_to"":""""}],""raw_observation_indices"":[1265,1266]}}"
ANOM000172,N024,SCHEMA_V2,FORMAT_VIOLATION,2026-05-04T08:00:00Z,2026-05-28T16:00:00Z,TRIAGE,,C0073,INTERFACE_MAPPING_ERROR,10.5867,,N010|N023|N024,,TRIAGE recommends human review of the listed candidate changes and categories. It does not assert that the change caused the anomaly.,"{""runner_up"":null,""selected"":{""affected_nodes"":[""N023""],""category"":""INTERFACE_MAPPING_ERROR"",""change_id"":""C0073"",""path"":[""N010"",""N023"",""N024""],""score"":10.5867,""terms"":{""affected_span_bonus"":0.0,""counter_example_penalty"":-0.0,""days_before_window_start"":5.33,""lineage_path_association"":2.0,""matched_symptom"":true,""missing_pattern_alignment"":0.0,""node_distance_penalty"":-0.2,""normal_change_control"":false,""refs"":{""change_id"":""C0073"",""counter_examples"":[],""effective_at"":""2026-04-29T00:00:00Z"",""path"":[""N010"",""N023"",""N024""]},""symptom_type_match"":6.0,""symptom_weight_raw"":2.0,""time_proximity"":0.7867,""time_validity"":2.0,""total"":10.5867}},""supporting_source_indices"":{""change_ids"":[""C0073""],""lineage_edges"":[{""confirmed_by"":""ETL_OWNER_01"",""from_node"":""N023"",""rule_version"":""r2"",""source_file"":""registry/field_lineage_vr2.md"",""to_node"":""N024"",""transform_id"":""T_RENDER_TESTCODE"",""valid_from"":""2025-06-01T05:00:00Z"",""valid_to"":""""},{""confirmed_by"":""SYSTEMS_ARCHITECT_01"",""from_node"":""N010"",""rule_version"":""r2"",""source_file"":""registry/field_lineage_vr2.md"",""to_node"":""N023"",""transform_id"":""T_IFACE_TESTCODE"",""valid_from"":""2025-06-01T05:00:00Z"",""valid_to"":""""}],""raw_observation_indices"":[1265,1266]}}"
ANOM000173,N027,SCHEMA_V2,FORMAT_VIOLATION,2025-08-11T08:00:00Z,2025-09-04T16:00:00Z,ABSTAIN,AMBIGUOUS_CANDIDATES,C0056|C0055,INTERFACE_MAPPING_ERROR,11.3067,11.2267,N010|N023|N024|N027,,,"{""tied_candidates"":[{""category"":""INTERFACE_MAPPING_ERROR"",""change_id"":""C0056"",""effective_at"":""2025-08-24T00:00:00Z"",""score"":11.3067},{""category"":""INTERFACE_MAPPING_ERROR"",""change_id"":""C0055"",""effective_at"":""2025-08-22T00:00:00Z"",""score"":11.2267}]}"
ANOM000174,N027,SCHEMA_V2,MISSING_RATE_SHIFT,2025-08-25T08:00:00Z,2025-09-18T16:00:00Z,ABSTAIN,INSUFFICIENT_EVIDENCE,C0081|C0056|C0055,TRUE_BUSINESS_CHANGE|INTERFACE_MAPPING_ERROR|INTERFACE_MAPPING_ERROR,5.5067,,N010|N023|N024|N027,,,"{""candidates_considered"":[{""category"":""TRUE_BUSINESS_CHANGE"",""change_id"":""C0081"",""score"":5.5067},{""category"":""INTERFACE_MAPPING_ERROR"",""change_id"":""C0056"",""score"":4.7467},{""category"":""INTERFACE_MAPPING_ERROR"",""change_id"":""C0055"",""score"":4.6667},{""category"":""TRUE_BUSINESS_CHANGE"",""change_id"":""C0080"",""score"":4.6267}]}"
ANOM000175,N027,SCHEMA_V2,FORMAT_VIOLATION,2025-08-25T08:00:00Z,2025-09-18T16:00:00Z,ABSTAIN,AMBIGUOUS_CANDIDATES,C0056|C0055,INTERFACE_MAPPING_ERROR,10.7467,10.6667,N010|N023|N024|N027,,,"{""tied_candidates"":[{""category"":""INTERFACE_MAPPING_ERROR"",""change_id"":""C0056"",""effective_at"":""2025-08-24T00:00:00Z"",""score"":10.7467},{""category"":""INTERFACE_MAPPING_ERROR"",""change_id"":""C0055"",""effective_at"":""2025-08-22T00:00:00Z"",""score"":10.6667}]}"
ANOM000176,N027,SCHEMA_V2,MISSING_RATE_SHIFT,2025-09-08T08:00:00Z,2025-10-02T16:00:00Z,ABSTAIN,INSUFFICIENT_EVIDENCE,C0082|C0058|C0057,TRUE_BUSINESS_CHANGE|INTERFACE_MAPPING_ERROR|INTERFACE_MAPPING_ERROR,5.9467,,N010|N023|N024|N027,,,"{""candidates_considered"":[{""category"":""TRUE_BUSINESS_CHANGE"",""change_id"":""C0082"",""score"":5.9467},{""category"":""INTERFACE_MAPPING_ERROR"",""change_id"":""C0058"",""score"":5.3067},{""category"":""INTERFACE_MAPPING_ERROR"",""change_id"":""C0057"",""score"":5.2267},{""category"":""TRUE_BUSINESS_CHANGE"",""change_id"":""C0081"",""score"":4.9467},{""category"":""INTERFACE_MAPPING_ERROR"",""change_id"":""C0056"",""score"":4.1867}]}"
ANOM000177,N027,SCHEMA_V2,MISSING_RATE_SHIFT,2025-09-22T08:00:00Z,2025-10-16T16:00:00Z,ABSTAIN,INSUFFICIENT_EVIDENCE,C0082|C0058|C0057,TRUE_BUSINESS_CHANGE|INTERFACE_MAPPING_ERROR|INTERFACE_MAPPING_ERROR,5.3867,,N010|N023|N024|N027,,,"{""candidates_considered"":[{""category"":""TRUE_BUSINESS_CHANGE"",""change_id"":""C0082"",""score"":5.3867},{""category"":""INTERFACE_MAPPING_ERROR"",""change_id"":""C0058"",""score"":4.7467},{""category"":""INTERFACE_MAPPING_ERROR"",""change_id"":""C0057"",""score"":4.6667}]}"
ANOM000178,N027,SCHEMA_V2,MISSING_RATE_SHIFT,2025-10-06T08:00:00Z,2025-10-30T16:00:00Z,ABSTAIN,INSUFFICIENT_EVIDENCE,C0083|C0059|C0082,TRUE_BUSINESS_CHANGE|INTERFACE_MAPPING_ERROR|TRUE_BUSINESS_CHANGE,5.8667,,N010|N023|N024|N027,,,"{""candidates_considered"":[{""category"":""TRUE_BUSINESS_CHANGE"",""change_id"":""C0083"",""score"":5.8667},{""category"":""INTERFACE_MAPPING_ERROR"",""change_id"":""C0059"",""score"":5.3067},{""category"":""TRUE_BUSINESS_CHANGE"",""change_id"":""C0082"",""score"":4.8267},{""category"":""INTERFACE_MAPPING_ERROR"",""change_id"":""C0058"",""score"":4.1867},{""category"":""INTERFACE_MAPPING_ERROR"",""change_id"":""C0057"",""score"":4.1067}]}"
ANOM000179,N027,SCHEMA_V2,MISSING_RATE_SHIFT,2025-11-03T08:00:00Z,2025-11-27T16:00:00Z,ABSTAIN,INSUFFICIENT_EVIDENCE,C0084|C0061|C0060,TRUE_BUSINESS_CHANGE|INTERFACE_MAPPING_ERROR|TRUE_BUSINESS_CHANGE,5.6667,,N010|N023|N024|N027,,,"{""candidates_considered"":[{""category"":""TRUE_BUSINESS_CHANGE"",""change_id"":""C0084"",""score"":5.6667},{""category"":""INTERFACE_MAPPING_ERROR"",""change_id"":""C0061"",""score"":5.3067},{""category"":""TRUE_BUSINESS_CHANGE"",""change_id"":""C0060"",""score"":4.7867},{""category"":""TRUE_BUSINESS_CHANGE"",""change_id"":""C0083"",""score"":4.7467},{""category"":""INTERFACE_MAPPING_ERROR"",""change_id"":""C0059"",""score"":4.1867}]}"
ANOM000180,N027,SCHEMA_V2,MISSING_RATE_SHIFT,2025-11-17T08:00:00Z,2025-12-11T16:00:00Z,ABSTAIN,INSUFFICIENT_EVIDENCE,C0085|C0062|C0084,TRUE_BUSINESS_CHANGE|TRUE_BUSINESS_CHANGE|TRUE_BUSINESS_CHANGE,6.0267,,N010|N023|N024|N027,,,"{""candidates_considered"":[{""category"":""TRUE_BUSINESS_CHANGE"",""change_id"":""C0085"",""score"":6.0267},{""category"":""TRUE_BUSINESS_CHANGE"",""change_id"":""C0062"",""score"":5.3467},{""category"":""TRUE_BUSINESS_CHANGE"",""change_id"":""C0084"",""score"":5.1067},{""category"":""INTERFACE_MAPPING_ERROR"",""change_id"":""C0061"",""score"":4.7467},{""category"":""TRUE_BUSINESS_CHANGE"",""change_id"":""C0060"",""score"":4.2267}]}"
ANOM000181,N027,SCHEMA_V2,MISSING_RATE_SHIFT,2025-12-15T08:00:00Z,2026-01-08T16:00:00Z,ABSTAIN,INSUFFICIENT_EVIDENCE,C0086|C0064|C0085,TRUE_BUSINESS_CHANGE|TRUE_BUSINESS_CHANGE|TRUE_BUSINESS_CHANGE,5.8667,,N010|N023|N024|N027,,,"{""candidates_considered"":[{""category"":""TRUE_BUSINESS_CHANGE"",""change_id"":""C0086"",""score"":5.8667},{""category"":""TRUE_BUSINESS_CHANGE"",""change_id"":""C0064"",""score"":5.3067},{""category"":""TRUE_BUSINESS_CHANGE"",""change_id"":""C0085"",""score"":4.9067},{""category"":""INTERFACE_MAPPING_ERROR"",""change_id"":""C0063"",""score"":4.7067},{""category"":""TRUE_BUSINESS_CHANGE"",""change_id"":""C0062"",""score"":4.2267}]}"
ANOM000182,N027,SCHEMA_V2,MISSING_RATE_SHIFT,2025-12-29T08:00:00Z,2026-01-22T16:00:00Z,ABSTAIN,INSUFFICIENT_EVIDENCE,C0087|C0086|C0065,TRUE_BUSINESS_CHANGE|TRUE_BUSINESS_CHANGE|INTERFACE_MAPPING_ERROR,6.1867,,N010|N023|N024|N027,,,"{""candidates_considered"":[{""category"":""TRUE_BUSINESS_CHANGE"",""change_id"":""C0087"",""score"":6.1867},{""category"":""TRUE_BUSINESS_CHANGE"",""change_id"":""C0086"",""score"":5.3067},{""category"":""INTERFACE_MAPPING_ERROR"",""change_id"":""C0065"",""score"":5.2267},{""category"":""TRUE_BUSINESS_CHANGE"",""change_id"":""C0064"",""score"":4.7467},{""category"":""INTERFACE_MAPPING_ERROR"",""change_id"":""C0063"",""score"":4.1467}]}"
ANOM000183,N027,SCHEMA_V2,MISSING_RATE_SHIFT,2026-01-26T08:00:00Z,2026-02-19T16:00:00Z,ABSTAIN,INSUFFICIENT_EVIDENCE,C0088|C0067|C0087,TRUE_BUSINESS_CHANGE|INTERFACE_MAPPING_ERROR|TRUE_BUSINESS_CHANGE,5.9867,,N010|N023|N024|N027,,,"{""candidates_considered"":[{""category"":""TRUE_BUSINESS_CHANGE"",""change_id"":""C0088"",""score"":5.9867},{""category"":""INTERFACE_MAPPING_ERROR"",""change_id"":""C0067"",""score"":5.2267},{""category"":""TRUE_BUSINESS_CHANGE"",""change_id"":""C0087"",""score"":5.0667},{""category"":""TRUE_BUSINESS_CHANGE"",""change_id"":""C0066"",""score"":4.7067},{""category"":""INTERFACE_MAPPING_ERROR"",""change_id"":""C0065"",""score"":4.1067}]}"
ANOM000184,N027,SCHEMA_V2,MISSING_RATE_SHIFT,2026-02-09T08:00:00Z,2026-03-05T16:00:00Z,ABSTAIN,INSUFFICIENT_EVIDENCE,C0088|C0068|C0067,TRUE_BUSINESS_CHANGE|TRUE_BUSINESS_CHANGE|INTERFACE_MAPPING_ERROR,5.4267,,N010|N023|N024|N027,,,"{""candidates_considered"":[{""category"":""TRUE_BUSINESS_CHANGE"",""change_id"":""C0088"",""score"":5.4267},{""category"":""TRUE_BUSINESS_CHANGE"",""change_id"":""C0068"",""score"":5.2667},{""category"":""INTERFACE_MAPPING_ERROR"",""change_id"":""C0067"",""score"":4.6667},{""category"":""TRUE_BUSINESS_CHANGE"",""change_id"":""C0087"",""score"":4.5067},{""category"":""TRUE_BUSINESS_CHANGE"",""change_id"":""C0066"",""score"":4.1467}]}"
ANOM000185,N027,SCHEMA_V2,MISSING_RATE_SHIFT,2026-02-23T08:00:00Z,2026-03-19T16:00:00Z,ABSTAIN,INSUFFICIENT_EVIDENCE,C0089|C0069|C0088,TRUE_BUSINESS_CHANGE|INTERFACE_MAPPING_ERROR|TRUE_BUSINESS_CHANGE,5.8267,,N010|N023|N024|N027,,,"{""candidates_considered"":[{""category"":""TRUE_BUSINESS_CHANGE"",""change_id"":""C0089"",""score"":5.8267},{""category"":""INTERFACE_MAPPING_ERROR"",""change_id"":""C0069"",""score"":5.1867},{""category"":""TRUE_BUSINESS_CHANGE"",""change_id"":""C0088"",""score"":4.8667},{""category"":""TRUE_BUSINESS_CHANGE"",""change_id"":""C0068"",""score"":4.7067},{""category"":""INTERFACE_MAPPING_ERROR"",""change_id"":""C0067"",""score"":4.1067}]}"
ANOM000186,N027,SCHEMA_V2,MISSING_RATE_SHIFT,2026-03-09T08:00:00Z,2026-04-02T16:00:00Z,ABSTAIN,INSUFFICIENT_EVIDENCE,C0090|C0089|C0070,TRUE_BUSINESS_CHANGE|TRUE_BUSINESS_CHANGE|TRUE_BUSINESS_CHANGE,6.1467,,N010|N023|N024|N027,,,"{""candidates_considered"":[{""category"":""TRUE_BUSINESS_CHANGE"",""change_id"":""C0090"",""score"":6.1467},{""category"":""TRUE_BUSINESS_CHANGE"",""change_id"":""C0089"",""score"":5.2667},{""category"":""TRUE_BUSINESS_CHANGE"",""change_id"":""C0070"",""score"":5.2267},{""category"":""INTERFACE_MAPPING_ERROR"",""change_id"":""C0069"",""score"":4.6267},{""category"":""TRUE_BUSINESS_CHANGE"",""change_id"":""C0068"",""score"":4.1467}]}"
ANOM000187,N028,SCHEMA_V2,MISSING_RATE_SHIFT,2025-12-29T08:00:00Z,2026-01-22T16:00:00Z,ABSTAIN,AMBIGUOUS_CANDIDATES,C0078|C0077,EXTRACTION_FAILURE,15.5467,15.3467,N030|N029|N028,,,"{""tied_candidates"":[{""category"":""EXTRACTION_FAILURE"",""change_id"":""C0078"",""effective_at"":""2026-01-17T00:00:00Z"",""score"":15.5467},{""category"":""EXTRACTION_FAILURE"",""change_id"":""C0077"",""effective_at"":""2026-01-12T00:00:00Z"",""score"":15.3467}]}"
ANOM000188,N028,SCHEMA_V2,MISSING_RATE_SHIFT,2026-01-12T08:00:00Z,2026-02-05T16:00:00Z,ABSTAIN,LINEAGE_UNRESOLVED,,,,,N029|N028,N029,,"{""details"":""node N029 expects upstream input but no incoming edge is valid at 2026-01-12T08:00:00Z"",""lineage_failure"":""break""}"
ANOM000189,N028,SCHEMA_V2,MISSING_RATE_SHIFT,2026-01-26T08:00:00Z,2026-02-19T16:00:00Z,ABSTAIN,LINEAGE_UNRESOLVED,,,,,N029|N028,N029,,"{""details"":""node N029 expects upstream input but no incoming edge is valid at 2026-01-26T08:00:00Z"",""lineage_failure"":""break""}"
ANOM000190,N028,SCHEMA_V2,FORMAT_VIOLATION,2026-03-23T08:00:00Z,2026-04-16T16:00:00Z,ABSTAIN,INSUFFICIENT_EVIDENCE,,,,,N006|N001|N029|N028,,,"{""candidates_considered"":[]}"
ANOM000191,N028,SCHEMA_V2,FORMAT_VIOLATION,2026-04-06T08:00:00Z,2026-04-30T16:00:00Z,ABSTAIN,INSUFFICIENT_EVIDENCE,,,,,N006|N001|N029|N028,,,"{""candidates_considered"":[]}"
ANOM000192,N030,SCHEMA_V1,FORMAT_VIOLATION,2026-06-08T08:00:00Z,2026-06-25T16:00:00Z,ABSTAIN,INSUFFICIENT_EVIDENCE,,,,,N030,,,"{""candidates_considered"":[]}"
ANOM000193,N031,SCHEMA_V1,FORMAT_VIOLATION,2025-03-31T08:00:00Z,2025-04-24T16:00:00Z,ABSTAIN,INSUFFICIENT_EVIDENCE,,,,,N030|N031,,,"{""candidates_considered"":[]}"
ANOM000194,N031,SCHEMA_V1,FORMAT_VIOLATION,2025-04-14T08:00:00Z,2025-05-08T16:00:00Z,ABSTAIN,INSUFFICIENT_EVIDENCE,,,,,N030|N031,,,"{""candidates_considered"":[]}"
ANOM000195,N032,SCHEMA_V2,MISSING_RATE_SHIFT,2025-09-08T08:00:00Z,2025-10-02T16:00:00Z,ABSTAIN,INSUFFICIENT_EVIDENCE,C0093|C0092,TRUE_BUSINESS_CHANGE|TRUE_BUSINESS_CHANGE,5.8667,,N030|N031|N032,,,"{""candidates_considered"":[{""category"":""TRUE_BUSINESS_CHANGE"",""change_id"":""C0093"",""score"":5.8667},{""category"":""TRUE_BUSINESS_CHANGE"",""change_id"":""C0092"",""score"":4.8267}]}"
ANOM000196,N032,SCHEMA_V2,MISSING_RATE_SHIFT,2025-09-22T08:00:00Z,2025-10-16T16:00:00Z,ABSTAIN,INSUFFICIENT_EVIDENCE,C0094|C0093,TRUE_BUSINESS_CHANGE|TRUE_BUSINESS_CHANGE,6.3867,,N030|N031|N032,,,"{""candidates_considered"":[{""category"":""TRUE_BUSINESS_CHANGE"",""change_id"":""C0094"",""score"":6.3867},{""category"":""TRUE_BUSINESS_CHANGE"",""change_id"":""C0093"",""score"":5.3067}]}"
ANOM000197,N032,SCHEMA_V2,MISSING_RATE_SHIFT,2025-10-20T08:00:00Z,2025-11-13T16:00:00Z,ABSTAIN,INSUFFICIENT_EVIDENCE,C0095|C0094,TRUE_BUSINESS_CHANGE|TRUE_BUSINESS_CHANGE,6.3867,,N030|N031|N032,,,"{""candidates_considered"":[{""category"":""TRUE_BUSINESS_CHANGE"",""change_id"":""C0095"",""score"":6.3867},{""category"":""TRUE_BUSINESS_CHANGE"",""change_id"":""C0094"",""score"":5.2667}]}"
ANOM000198,N032,SCHEMA_V2,MISSING_RATE_SHIFT,2025-11-03T08:00:00Z,2025-11-27T16:00:00Z,ABSTAIN,INSUFFICIENT_EVIDENCE,C0095|C0094,TRUE_BUSINESS_CHANGE|TRUE_BUSINESS_CHANGE,5.8267,,N030|N031|N032,,,"{""candidates_considered"":[{""category"":""TRUE_BUSINESS_CHANGE"",""change_id"":""C0095"",""score"":5.8267},{""category"":""TRUE_BUSINESS_CHANGE"",""change_id"":""C0094"",""score"":4.7067}]}"
ANOM000199,N032,SCHEMA_V2,MISSING_RATE_SHIFT,2025-12-01T08:00:00Z,2025-12-25T16:00:00Z,ABSTAIN,INSUFFICIENT_EVIDENCE,C0096|C0095,TRUE_BUSINESS_CHANGE|TRUE_BUSINESS_CHANGE,5.7467,,N030|N031|N032,,,"{""candidates_considered"":[{""category"":""TRUE_BUSINESS_CHANGE"",""change_id"":""C0096"",""score"":5.7467},{""category"":""TRUE_BUSINESS_CHANGE"",""change_id"":""C0095"",""score"":4.7067}]}"
ANOM000200,N032,SCHEMA_V2,MISSING_RATE_SHIFT,2025-12-15T08:00:00Z,2026-01-08T16:00:00Z,ABSTAIN,INSUFFICIENT_EVIDENCE,C0097|C0096,TRUE_BUSINESS_CHANGE|TRUE_BUSINESS_CHANGE,6.4267,,N030|N031|N032,,,"{""candidates_considered"":[{""category"":""TRUE_BUSINESS_CHANGE"",""change_id"":""C0097"",""score"":6.4267},{""category"":""TRUE_BUSINESS_CHANGE"",""change_id"":""C0096"",""score"":5.1867}]}"
ANOM000201,N032,SCHEMA_V2,MISSING_RATE_SHIFT,2026-01-12T08:00:00Z,2026-02-05T16:00:00Z,ABSTAIN,INSUFFICIENT_EVIDENCE,C0097,TRUE_BUSINESS_CHANGE,5.3067,,N030|N031|N032,,,"{""candidates_considered"":[{""category"":""TRUE_BUSINESS_CHANGE"",""change_id"":""C0097"",""score"":5.3067}]}"
ANOM000202,N032,SCHEMA_V2,FORMAT_VIOLATION,2026-01-12T08:00:00Z,2026-02-05T16:00:00Z,ABSTAIN,INSUFFICIENT_EVIDENCE,C0097,TRUE_BUSINESS_CHANGE,5.3067,,N030|N031|N032,,,"{""candidates_considered"":[{""category"":""TRUE_BUSINESS_CHANGE"",""change_id"":""C0097"",""score"":5.3067}]}"
ANOM000203,N032,SCHEMA_V2,MISSING_RATE_SHIFT,2026-01-26T08:00:00Z,2026-02-19T16:00:00Z,ABSTAIN,INSUFFICIENT_EVIDENCE,C0098|C0097,TRUE_BUSINESS_CHANGE|TRUE_BUSINESS_CHANGE,6.0267,,N030|N031|N032,,,"{""candidates_considered"":[{""category"":""TRUE_BUSINESS_CHANGE"",""change_id"":""C0098"",""score"":6.0267},{""category"":""TRUE_BUSINESS_CHANGE"",""change_id"":""C0097"",""score"":4.7467}]}"
ANOM000204,N032,SCHEMA_V2,FORMAT_VIOLATION,2026-01-26T08:00:00Z,2026-02-19T16:00:00Z,ABSTAIN,INSUFFICIENT_EVIDENCE,C0098|C0097,TRUE_BUSINESS_CHANGE|TRUE_BUSINESS_CHANGE,6.0267,,N030|N031|N032,,,"{""candidates_considered"":[{""category"":""TRUE_BUSINESS_CHANGE"",""change_id"":""C0098"",""score"":6.0267},{""category"":""TRUE_BUSINESS_CHANGE"",""change_id"":""C0097"",""score"":4.7467}]}"
ANOM000205,N032,SCHEMA_V2,MISSING_RATE_SHIFT,2026-02-23T08:00:00Z,2026-03-19T16:00:00Z,ABSTAIN,INSUFFICIENT_EVIDENCE,C0099|C0098,TRUE_BUSINESS_CHANGE|TRUE_BUSINESS_CHANGE,6.1867,,N030|N031|N032,,,"{""candidates_considered"":[{""category"":""TRUE_BUSINESS_CHANGE"",""change_id"":""C0099"",""score"":6.1867},{""category"":""TRUE_BUSINESS_CHANGE"",""change_id"":""C0098"",""score"":4.9067}]}"
ANOM000206,N032,SCHEMA_V2,MISSING_RATE_SHIFT,2026-03-09T08:00:00Z,2026-04-02T16:00:00Z,ABSTAIN,INSUFFICIENT_EVIDENCE,C0099,TRUE_BUSINESS_CHANGE,5.6267,,N030|N031|N032,,,"{""candidates_considered"":[{""category"":""TRUE_BUSINESS_CHANGE"",""change_id"":""C0099"",""score"":5.6267}]}"
ANOM000207,N032,SCHEMA_V2,MISSING_RATE_SHIFT,2026-04-06T08:00:00Z,2026-04-30T16:00:00Z,ABSTAIN,INSUFFICIENT_EVIDENCE,C0100,TRUE_BUSINESS_CHANGE,5.5467,,N030|N031|N032,,,"{""candidates_considered"":[{""category"":""TRUE_BUSINESS_CHANGE"",""change_id"":""C0100"",""score"":5.5467}]}"
ANOM000208,N032,SCHEMA_V2,MISSING_RATE_SHIFT,2026-04-20T08:00:00Z,2026-05-14T16:00:00Z,ABSTAIN,INSUFFICIENT_EVIDENCE,C0101|C0100,TRUE_BUSINESS_CHANGE|TRUE_BUSINESS_CHANGE,6.0667,,N030|N031|N032,,,"{""candidates_considered"":[{""category"":""TRUE_BUSINESS_CHANGE"",""change_id"":""C0101"",""score"":6.0667},{""category"":""TRUE_BUSINESS_CHANGE"",""change_id"":""C0100"",""score"":4.9867}]}"
ANOM000209,N032,SCHEMA_V2,FORMAT_VIOLATION,2026-06-01T08:00:00Z,2026-06-25T16:00:00Z,ABSTAIN,INSUFFICIENT_EVIDENCE,,,,,N030|N031|N032,,,"{""candidates_considered"":[]}"
ANOM000210,N032,SCHEMA_V2,FORMAT_VIOLATION,2026-06-15T08:00:00Z,2026-06-25T16:00:00Z,ABSTAIN,INSUFFICIENT_EVIDENCE,,,,,N030|N031|N032,,,"{""candidates_considered"":[]}"
