observation_id,node_id,observed_at_utc,raw_value,parsed_value,reported_unit,source_system,record_version
OBS000001,N002,2025-02-01T16:00:00Z,2.5361,2.5361,,ETL,rv-5
OBS000002,N002,2025-02-05T16:00:00Z,2.1517,2.1517,,ETL,rv-4
OBS000003,N002,2025-02-09T16:00:00Z,2.1572,2.1572,,ETL,rv-7
OBS000004,N002,2025-02-13T16:00:00Z,2.3140,2.3140,,ETL,rv-7
OBS000005,N002,2025-02-17T08:00:00Z,2.1379,2.1379,,ETL,rv-6
OBS000006,N002,2025-02-20T16:00:00Z,2.0973,2.0973,,ETL,rv-5
OBS000007,N002,2025-02-24T08:00:00Z,2.4804,2.4804,,ETL,rv-6
OBS000008,N002,2025-02-27T16:00:00Z,2.1521,2.1521,,ETL,rv-1
OBS000009,N002,2025-03-03T08:00:00Z,2.0776,2.0776,,ETL,rv-4
OBS000010,N002,2025-03-06T16:00:00Z,2.3242,2.3242,,ETL,rv-1
OBS000011,N002,2025-03-10T08:00:00Z,1.9378,1.9378,,ETL,rv-7
OBS000012,N002,2025-03-13T16:00:00Z,2.2036,2.2036,,ETL,rv-6
OBS000013,N002,2025-03-17T08:00:00Z,2.0822,2.0822,,ETL,rv-2
OBS000014,N002,2025-03-20T16:00:00Z,2.4722,2.4722,,ETL,rv-8
OBS000015,N002,2025-03-24T08:00:00Z,,,,ETL,rv-6
OBS000016,N002,2025-03-27T16:00:00Z,,,,ETL,rv-6
OBS000017,N002,2025-03-31T08:00:00Z,,,,ETL,rv-6
OBS000018,N002,2025-04-03T16:00:00Z,,,,ETL,rv-6
OBS000019,N002,2025-04-07T08:00:00Z,,,,ETL,rv-2
OBS000020,N002,2025-04-10T16:00:00Z,,,,ETL,rv-8
OBS000021,N002,2025-04-14T08:00:00Z,,,,ETL,rv-7
OBS000022,N002,2025-04-17T16:00:00Z,2.3694,2.3694,,ETL,rv-1
OBS000023,N002,2025-04-21T08:00:00Z,1.8522,1.8522,,ETL,rv-6
OBS000024,N002,2025-04-24T16:00:00Z,2.5054,2.5054,,ETL,rv-2
OBS000025,N002,2025-04-28T08:00:00Z,2.4533,2.4533,,ETL,rv-7
OBS000026,N002,2025-05-01T16:00:00Z,1.9231,1.9231,,ETL,rv-2
OBS000027,N002,2025-05-05T08:00:00Z,1.9869,1.9869,,ETL,rv-6
OBS000028,N002,2025-05-08T16:00:00Z,2.2862,2.2862,,ETL,rv-5
OBS000029,N002,2025-05-12T08:00:00Z,2.5586,2.5586,,ETL,rv-8
OBS000030,N002,2025-05-15T16:00:00Z,2.7402,2.7402,,ETL,rv-6
OBS000031,N002,2025-05-19T08:00:00Z,1.8668,1.8668,,ETL,rv-6
OBS000032,N002,2025-05-22T16:00:00Z,2.1485,2.1485,,ETL,rv-8
OBS000033,N002,2025-05-26T08:00:00Z,2.0299,2.0299,,ETL,rv-6
OBS000034,N002,2025-05-29T16:00:00Z,2.4447,2.4447,,ETL,rv-5
OBS000035,N005,2025-02-01T16:00:00Z,2.5600,2.5600,,REPORT,rv-6
OBS000036,N005,2025-02-05T16:00:00Z,2.2823,2.2823,,REPORT,rv-8
OBS000037,N005,2025-02-09T16:00:00Z,2.4263,2.4263,,REPORT,rv-6
OBS000038,N005,2025-02-13T16:00:00Z,2.3442,2.3442,,REPORT,rv-5
OBS000039,N005,2025-02-17T08:00:00Z,2.3239,2.3239,,REPORT,rv-2
OBS000040,N005,2025-02-20T16:00:00Z,2.2306,2.2306,,REPORT,rv-7
OBS000041,N005,2025-02-24T08:00:00Z,#!,2.2979,,REPORT,rv-7
OBS000042,N005,2025-02-27T16:00:00Z,#ERR,2.2416,,REPORT,rv-6
OBS000043,N005,2025-03-03T08:00:00Z,88.0,88.0,,REPORT,rv-2
OBS000044,N005,2025-03-06T16:00:00Z,2.4563,2.4563,,REPORT,rv-2
OBS000045,N005,2025-03-10T08:00:00Z,2.2225,2.2225,,REPORT,rv-6
OBS000046,N005,2025-03-13T16:00:00Z,1.6027,1.6027,,REPORT,rv-6
OBS000047,N005,2025-03-17T08:00:00Z,2.5545,2.5545,,REPORT,rv-5
OBS000048,N005,2025-03-20T16:00:00Z,#!,2.5841,,REPORT,rv-7
OBS000049,N005,2025-03-24T08:00:00Z,#ERR,2.2381,,REPORT,rv-3
OBS000050,N005,2025-03-27T16:00:00Z,88.0,88.0,,REPORT,rv-5
OBS000051,N005,2025-03-31T08:00:00Z,2.0435,2.0435,,REPORT,rv-3
OBS000052,N005,2025-04-03T16:00:00Z,2.5348,2.5348,,REPORT,rv-3
OBS000053,N005,2025-04-07T08:00:00Z,2.3067,2.3067,,REPORT,rv-5
OBS000054,N005,2025-04-10T16:00:00Z,2.0401,2.0401,,REPORT,rv-8
OBS000055,N005,2025-04-14T08:00:00Z,"1,23",1.8421,,REPORT,rv-2
OBS000056,N005,2025-04-17T16:00:00Z,88.0,88.0,,REPORT,rv-5
OBS000057,N005,2025-04-21T08:00:00Z,2.0759,2.0759,,REPORT,rv-5
OBS000058,N005,2025-04-24T16:00:00Z,2.6522,2.6522,,REPORT,rv-4
OBS000059,N005,2025-04-28T08:00:00Z,2.4326,2.4326,,REPORT,rv-5
OBS000060,N005,2025-05-01T16:00:00Z,2.0553,2.0553,,REPORT,rv-2
OBS000061,N005,2025-05-05T08:00:00Z,1.8361,1.8361,,REPORT,rv-4
OBS000062,N005,2025-05-08T16:00:00Z,2.4645,2.4645,,REPORT,rv-3
OBS000063,N005,2025-05-12T08:00:00Z,2.2064,2.2064,,REPORT,rv-5
OBS000064,N005,2025-05-15T16:00:00Z,2.4318,2.4318,,REPORT,rv-8
OBS000065,N005,2025-05-19T08:00:00Z,2.3132,2.3132,,REPORT,rv-2
OBS000066,N005,2025-05-22T16:00:00Z,2.1412,2.1412,,REPORT,rv-5
OBS000067,N005,2025-05-26T08:00:00Z,2.5112,2.5112,,REPORT,rv-8
OBS000068,N005,2025-05-29T16:00:00Z,2.2108,2.2108,,REPORT,rv-2
OBS000069,N009,2025-02-01T16:00:00Z,mg/dL,,mg/dL,REPORT,rv-8
OBS000070,N009,2025-02-05T16:00:00Z,mg/dL,,mg/dL,REPORT,rv-4
OBS000071,N009,2025-02-09T16:00:00Z,mg/dL,,mg/dL,REPORT,rv-7
OBS000072,N009,2025-02-13T16:00:00Z,mg/dL,,mg/dL,REPORT,rv-3
OBS000073,N009,2025-02-17T08:00:00Z,mg/dL,,mg/dL,REPORT,rv-2
OBS000074,N009,2025-02-20T16:00:00Z,ug/dL,,ug/dL,REPORT,rv-4
OBS000075,N009,2025-02-24T08:00:00Z,"9,9",,ug/dL,REPORT,rv-7
OBS000076,N009,2025-02-27T16:00:00Z,ug/dL,,ug/dL,REPORT,rv-8
OBS000077,N009,2025-03-03T08:00:00Z,ug/dL,,ug/dL,REPORT,rv-3
OBS000078,N009,2025-03-06T16:00:00Z,ug/dL,,ug/dL,REPORT,rv-1
OBS000079,N009,2025-03-10T08:00:00Z,ug/dL,,ug/dL,REPORT,rv-8
OBS000080,N009,2025-03-13T16:00:00Z,ug/dL,,ug/dL,REPORT,rv-1
OBS000081,N009,2025-03-17T08:00:00Z,mg/dL,,mg/dL,REPORT,rv-5
OBS000082,N009,2025-03-20T16:00:00Z,mg/dL,,mg/dL,REPORT,rv-7
OBS000083,N009,2025-03-24T08:00:00Z,mg/dL,,mg/dL,REPORT,rv-2
OBS000084,N009,2025-03-27T16:00:00Z,mg/dL,,mg/dL,REPORT,rv-7
OBS000085,N009,2025-03-31T08:00:00Z,mg/dL,,mg/dL,REPORT,rv-5
OBS000086,N009,2025-04-03T16:00:00Z,mg/dL,,mg/dL,REPORT,rv-2
OBS000087,N009,2025-04-07T08:00:00Z,mg/dL,,mg/dL,REPORT,rv-1
OBS000088,N009,2025-04-10T16:00:00Z,mg/dL,,mg/dL,REPORT,rv-8
OBS000089,N009,2025-04-14T08:00:00Z,mg/dL,,mg/dL,REPORT,rv-6
OBS000090,N009,2025-04-17T16:00:00Z,mg/dL,,mg/dL,REPORT,rv-1
OBS000091,N009,2025-04-21T08:00:00Z,mg/dL,,mg/dL,REPORT,rv-6
OBS000092,N009,2025-04-24T16:00:00Z,mg/dL,,mg/dL,REPORT,rv-7
OBS000093,N009,2025-04-28T08:00:00Z,mg/dL,,mg/dL,REPORT,rv-1
OBS000094,N009,2025-05-01T16:00:00Z,mg/dL,,mg/dL,REPORT,rv-7
OBS000095,N009,2025-05-05T08:00:00Z,mg/dL,,mg/dL,REPORT,rv-4
OBS000096,N009,2025-05-08T16:00:00Z,mg/dL,,mg/dL,REPORT,rv-1
OBS000097,N009,2025-05-12T08:00:00Z,mg/dL,,mg/dL,REPORT,rv-7
OBS000098,N009,2025-05-15T16:00:00Z,mg/dL,,mg/dL,REPORT,rv-4
OBS000099,N009,2025-05-19T08:00:00Z,mg/dL,,mg/dL,REPORT,rv-7
OBS000100,N009,2025-05-22T16:00:00Z,"9,9",,mg/dL,REPORT,rv-6
OBS000101,N009,2025-05-26T08:00:00Z,mg/dL,,mg/dL,REPORT,rv-8
OBS000102,N009,2025-05-29T16:00:00Z,mg/dL,,mg/dL,REPORT,rv-7
OBS000103,N010,2025-02-01T16:00:00Z,PLT,,,LIS,rv-7
OBS000104,N010,2025-02-05T16:00:00Z,ALT,,,LIS,rv-8
OBS000105,N010,2025-02-09T16:00:00Z,ALT,,,LIS,rv-3
OBS000106,N010,2025-02-13T16:00:00Z,TSH,,,LIS,rv-7
OBS000107,N010,2025-02-17T08:00:00Z,TSH,,,LIS,rv-1
OBS000108,N010,2025-02-20T16:00:00Z,GLUC,,,LIS,rv-7
OBS000109,N010,2025-02-24T08:00:00Z,AST,,,LIS,rv-1
OBS000110,N010,2025-02-27T16:00:00Z,ALT,,,LIS,rv-5
OBS000111,N010,2025-03-03T08:00:00Z,PLT,,,LIS,rv-7
OBS000112,N010,2025-03-06T16:00:00Z,CREA,,,LIS,rv-7
OBS000113,N010,2025-03-10T08:00:00Z,HGB,,,LIS,rv-2
OBS000114,N010,2025-03-13T16:00:00Z,TSH,,,LIS,rv-6
OBS000115,N010,2025-03-17T08:00:00Z,HGB,,,LIS,rv-3
OBS000116,N010,2025-03-20T16:00:00Z,HGB,,,LIS,rv-8
OBS000117,N010,2025-03-24T08:00:00Z,GLUC,,,LIS,rv-5
OBS000118,N010,2025-03-27T16:00:00Z,GLUC,,,LIS,rv-7
OBS000119,N010,2025-03-31T08:00:00Z,TSH,,,LIS,rv-8
OBS000120,N010,2025-04-03T16:00:00Z,ALT,,,LIS,rv-8
OBS000121,N010,2025-04-07T08:00:00Z,HGB,,,LIS,rv-3
OBS000122,N010,2025-04-10T16:00:00Z,CREA,,,LIS,rv-4
OBS000123,N010,2025-04-14T08:00:00Z,AST,,,LIS,rv-8
OBS000124,N010,2025-04-17T16:00:00Z,AST,,,LIS,rv-1
OBS000125,N010,2025-04-21T08:00:00Z,CREA,,,LIS,rv-2
OBS000126,N010,2025-04-24T16:00:00Z,AST,,,LIS,rv-5
OBS000127,N010,2025-04-28T08:00:00Z,HGB,,,LIS,rv-6
OBS000128,N010,2025-05-01T16:00:00Z,GLUC,,,LIS,rv-5
OBS000129,N010,2025-05-05T08:00:00Z,GLUC,,,LIS,rv-4
OBS000130,N010,2025-05-08T16:00:00Z,TSH,,,LIS,rv-3
OBS000131,N010,2025-05-12T08:00:00Z,GLUC,,,LIS,rv-5
OBS000132,N010,2025-05-15T16:00:00Z,ALT,,,LIS,rv-7
OBS000133,N010,2025-05-19T08:00:00Z,WBC,,,LIS,rv-7
OBS000134,N010,2025-05-22T16:00:00Z,TSH,,,LIS,rv-8
OBS000135,N010,2025-05-26T08:00:00Z,AST,,,LIS,rv-4
OBS000136,N010,2025-05-29T16:00:00Z,PLT,,,LIS,rv-2
OBS000137,N010,2025-06-02T08:00:00Z,PLT,,,LIS,rv-2
OBS000138,N010,2025-06-05T16:00:00Z,AST,,,LIS,rv-3
OBS000139,N010,2025-06-09T08:00:00Z,PLT,,,LIS,rv-5
OBS000140,N010,2025-06-12T16:00:00Z,GLUC,,,LIS,rv-5
OBS000141,N010,2025-06-16T08:00:00Z,AST,,,LIS,rv-1
OBS000142,N010,2025-06-19T16:00:00Z,PLT,,,LIS,rv-1
OBS000143,N010,2025-06-23T08:00:00Z,AST,,,LIS,rv-4
OBS000144,N010,2025-06-26T16:00:00Z,PLT,,,LIS,rv-4
OBS000145,N010,2025-06-30T08:00:00Z,ALT,,,LIS,rv-3
OBS000146,N010,2025-07-03T16:00:00Z,CREA,,,LIS,rv-1
OBS000147,N010,2025-07-07T08:00:00Z,AST,,,LIS,rv-7
OBS000148,N010,2025-07-10T16:00:00Z,ALT,,,LIS,rv-4
OBS000149,N010,2025-07-14T08:00:00Z,GLUC,,,LIS,rv-7
OBS000150,N010,2025-07-17T16:00:00Z,##,,,LIS,rv-4
OBS000151,N010,2025-07-21T08:00:00Z,TSH,,,LIS,rv-5
OBS000152,N010,2025-07-24T16:00:00Z,TSH,,,LIS,rv-5
OBS000153,N010,2025-07-28T08:00:00Z,HGB,,,LIS,rv-1
OBS000154,N010,2025-07-31T16:00:00Z,ALT,,,LIS,rv-2
OBS000155,N010,2025-08-04T08:00:00Z,WBC,,,LIS,rv-8
OBS000156,N010,2025-08-07T16:00:00Z,HGB,,,LIS,rv-7
OBS000157,N010,2025-08-11T08:00:00Z,AST,,,LIS,rv-2
OBS000158,N010,2025-08-14T16:00:00Z,CREA,,,LIS,rv-8
OBS000159,N010,2025-08-18T08:00:00Z,GLUC,,,LIS,rv-5
OBS000160,N010,2025-08-21T16:00:00Z,TSH,,,LIS,rv-5
OBS000161,N010,2025-08-25T08:00:00Z,WBC,,,LIS,rv-6
OBS000162,N010,2025-08-28T16:00:00Z,PLT,,,LIS,rv-1
OBS000163,N010,2025-09-01T08:00:00Z,HGB,,,LIS,rv-5
OBS000164,N010,2025-09-04T16:00:00Z,WBC,,,LIS,rv-4
OBS000165,N010,2025-09-08T08:00:00Z,HGB,,,LIS,rv-1
OBS000166,N010,2025-09-11T16:00:00Z,ALT,,,LIS,rv-8
OBS000167,N010,2025-09-15T08:00:00Z,GLUC,,,LIS,rv-3
OBS000168,N010,2025-09-18T16:00:00Z,ALT,,,LIS,rv-5
OBS000169,N010,2025-09-22T08:00:00Z,WBC,,,LIS,rv-5
OBS000170,N010,2025-09-25T16:00:00Z,ALT,,,LIS,rv-4
OBS000171,N010,2025-09-29T08:00:00Z,WBC,,,LIS,rv-6
OBS000172,N010,2025-10-02T16:00:00Z,##,,,LIS,rv-6
OBS000173,N010,2025-10-06T08:00:00Z,HGB,,,LIS,rv-3
OBS000174,N010,2025-10-09T16:00:00Z,CREA,,,LIS,rv-1
OBS000175,N010,2025-10-13T08:00:00Z,CREA,,,LIS,rv-2
OBS000176,N010,2025-10-16T16:00:00Z,TSH,,,LIS,rv-3
OBS000177,N010,2025-10-20T08:00:00Z,PLT,,,LIS,rv-5
OBS000178,N010,2025-10-23T16:00:00Z,TSH,,,LIS,rv-1
OBS000179,N010,2025-10-27T08:00:00Z,HGB,,,LIS,rv-3
OBS000180,N010,2025-10-30T16:00:00Z,AST,,,LIS,rv-6
OBS000181,N010,2025-11-03T08:00:00Z,HGB,,,LIS,rv-3
OBS000182,N010,2025-11-06T16:00:00Z,HGB,,,LIS,rv-6
OBS000183,N010,2025-11-10T08:00:00Z,GLUC,,,LIS,rv-5
OBS000184,N010,2025-11-13T16:00:00Z,PLT,,,LIS,rv-4
OBS000185,N010,2025-11-17T08:00:00Z,TSH,,,LIS,rv-2
OBS000186,N010,2025-11-20T16:00:00Z,GLUC,,,LIS,rv-3
OBS000187,N010,2025-11-24T08:00:00Z,AST,,,LIS,rv-4
OBS000188,N010,2025-11-27T16:00:00Z,HGB,,,LIS,rv-7
OBS000189,N010,2025-12-01T08:00:00Z,WBC,,,LIS,rv-5
OBS000190,N010,2025-12-04T16:00:00Z,HGB,,,LIS,rv-7
OBS000191,N010,2025-12-08T08:00:00Z,AST,,,LIS,rv-8
OBS000192,N010,2025-12-11T16:00:00Z,WBC,,,LIS,rv-8
OBS000193,N010,2025-12-15T08:00:00Z,WBC,,,LIS,rv-4
OBS000194,N010,2025-12-18T16:00:00Z,WBC,,,LIS,rv-1
OBS000195,N010,2025-12-22T08:00:00Z,PLT,,,LIS,rv-4
OBS000196,N010,2025-12-25T16:00:00Z,AST,,,LIS,rv-8
OBS000197,N010,2025-12-29T08:00:00Z,WBC,,,LIS,rv-3
OBS000198,N010,2026-01-01T16:00:00Z,WBC,,,LIS,rv-2
OBS000199,N010,2026-01-05T08:00:00Z,HGB,,,LIS,rv-4
OBS000200,N010,2026-01-08T16:00:00Z,PLT,,,LIS,rv-5
OBS000201,N010,2026-01-12T08:00:00Z,HGB,,,LIS,rv-3
OBS000202,N010,2026-01-15T16:00:00Z,HGB,,,LIS,rv-8
OBS000203,N010,2026-01-19T08:00:00Z,TSH,,,LIS,rv-3
OBS000204,N010,2026-01-22T16:00:00Z,PLT,,,LIS,rv-2
OBS000205,N010,2026-01-26T08:00:00Z,AST,,,LIS,rv-7
OBS000206,N010,2026-01-29T16:00:00Z,PLT,,,LIS,rv-6
OBS000207,N010,2026-02-02T08:00:00Z,ALT,,,LIS,rv-6
OBS000208,N010,2026-02-05T16:00:00Z,WBC,,,LIS,rv-4
OBS000209,N010,2026-02-09T08:00:00Z,WBC,,,LIS,rv-2
OBS000210,N010,2026-02-12T16:00:00Z,WBC,,,LIS,rv-5
OBS000211,N010,2026-02-16T08:00:00Z,TSH,,,LIS,rv-4
OBS000212,N010,2026-02-19T16:00:00Z,WBC,,,LIS,rv-7
OBS000213,N010,2026-02-23T08:00:00Z,PLT,,,LIS,rv-4
OBS000214,N010,2026-02-26T16:00:00Z,TSH,,,LIS,rv-8
OBS000215,N010,2026-03-02T08:00:00Z,WBC,,,LIS,rv-6
OBS000216,N010,2026-03-05T16:00:00Z,WBC,,,LIS,rv-1
OBS000217,N010,2026-03-09T08:00:00Z,GLUC,,,LIS,rv-3
OBS000218,N010,2026-03-12T16:00:00Z,GLUC,,,LIS,rv-3
OBS000219,N010,2026-03-16T08:00:00Z,ALT,,,LIS,rv-5
OBS000220,N010,2026-03-19T16:00:00Z,TSH,,,LIS,rv-6
OBS000221,N010,2026-03-23T08:00:00Z,PLT,,,LIS,rv-7
OBS000222,N010,2026-03-26T16:00:00Z,AST,,,LIS,rv-6
OBS000223,N010,2026-03-30T08:00:00Z,ALT,,,LIS,rv-4
OBS000224,N010,2026-04-02T16:00:00Z,HGB,,,LIS,rv-7
OBS000225,N010,2026-04-06T08:00:00Z,ALT,,,LIS,rv-4
OBS000226,N010,2026-04-09T16:00:00Z,CREA,,,LIS,rv-1
OBS000227,N010,2026-04-13T08:00:00Z,ALT,,,LIS,rv-5
OBS000228,N010,2026-04-16T16:00:00Z,ALT,,,LIS,rv-8
OBS000229,N010,2026-04-20T08:00:00Z,CREA,,,LIS,rv-3
OBS000230,N010,2026-04-23T16:00:00Z,GLUC,,,LIS,rv-8
OBS000231,N010,2026-04-27T08:00:00Z,GLUC,,,LIS,rv-3
OBS000232,N010,2026-04-30T16:00:00Z,ALT,,,LIS,rv-6
OBS000233,N010,2026-05-04T08:00:00Z,WBC,,,LIS,rv-2
OBS000234,N010,2026-05-07T16:00:00Z,WBC,,,LIS,rv-1
OBS000235,N010,2026-05-11T08:00:00Z,PLT,,,LIS,rv-2
OBS000236,N010,2026-05-14T16:00:00Z,HGB,,,LIS,rv-6
OBS000237,N010,2026-05-18T08:00:00Z,TSH,,,LIS,rv-2
OBS000238,N010,2026-05-21T16:00:00Z,AST,,,LIS,rv-8
OBS000239,N010,2026-05-25T08:00:00Z,ALT,,,LIS,rv-4
OBS000240,N010,2026-05-28T16:00:00Z,GLUC,,,LIS,rv-2
OBS000241,N010,2026-06-01T08:00:00Z,ALT,,,LIS,rv-7
OBS000242,N010,2026-06-04T16:00:00Z,AST,,,LIS,rv-6
OBS000243,N010,2026-06-08T08:00:00Z,GLUC,,,LIS,rv-7
OBS000244,N010,2026-06-11T16:00:00Z,PLT,,,LIS,rv-7
OBS000245,N010,2026-06-15T08:00:00Z,HGB,,,LIS,rv-2
OBS000246,N010,2026-06-18T16:00:00Z,AST,,,LIS,rv-3
OBS000247,N010,2026-06-22T08:00:00Z,TSH,,,LIS,rv-8
OBS000248,N010,2026-06-25T16:00:00Z,ALT,,,LIS,rv-7
OBS000249,N012,2025-02-01T16:00:00Z,CREA,,,REPORT,rv-4
OBS000250,N012,2025-02-05T16:00:00Z,TSH,,,REPORT,rv-4
OBS000251,N012,2025-02-09T16:00:00Z,CREA,,,REPORT,rv-6
OBS000252,N012,2025-02-13T16:00:00Z,ALT,,,REPORT,rv-8
OBS000253,N012,2025-02-17T08:00:00Z,ALT,,,REPORT,rv-5
OBS000254,N012,2025-02-20T16:00:00Z,HGB,,,REPORT,rv-3
OBS000255,N012,2025-02-24T08:00:00Z,CREA,,,REPORT,rv-8
OBS000256,N012,2025-02-27T16:00:00Z,WBC,,,REPORT,rv-5
OBS000257,N012,2025-03-03T08:00:00Z,WBC,,,REPORT,rv-1
OBS000258,N012,2025-03-06T16:00:00Z,WBC,,,REPORT,rv-6
OBS000259,N012,2025-03-10T08:00:00Z,ALT,,,REPORT,rv-5
OBS000260,N012,2025-03-13T16:00:00Z,PLT,,,REPORT,rv-5
OBS000261,N012,2025-03-17T08:00:00Z,WBC,,,REPORT,rv-6
OBS000262,N012,2025-03-20T16:00:00Z,HGB,,,REPORT,rv-8
OBS000263,N012,2025-03-24T08:00:00Z,ALT,,,REPORT,rv-1
OBS000264,N012,2025-03-27T16:00:00Z,CREA,,,REPORT,rv-1
OBS000265,N012,2025-03-31T08:00:00Z,PLT,,,REPORT,rv-8
OBS000266,N012,2025-04-03T16:00:00Z,GLUC,,,REPORT,rv-8
OBS000267,N012,2025-04-07T08:00:00Z,WBC,,,REPORT,rv-2
OBS000268,N012,2025-04-10T16:00:00Z,WBC,,,REPORT,rv-1
OBS000269,N012,2025-04-14T08:00:00Z,ALT,,,REPORT,rv-7
OBS000270,N012,2025-04-17T16:00:00Z,WBC,,,REPORT,rv-5
OBS000271,N012,2025-04-21T08:00:00Z,TSH,,,REPORT,rv-4
OBS000272,N012,2025-04-24T16:00:00Z,TSH,,,REPORT,rv-2
OBS000273,N012,2025-04-28T08:00:00Z,PLT,,,REPORT,rv-5
OBS000274,N012,2025-05-01T16:00:00Z,HGB,,,REPORT,rv-7
OBS000275,N012,2025-05-05T08:00:00Z,HGB,,,REPORT,rv-2
OBS000276,N012,2025-05-08T16:00:00Z,TSH,,,REPORT,rv-5
OBS000277,N012,2025-05-12T08:00:00Z,PLT,,,REPORT,rv-6
OBS000278,N012,2025-05-15T16:00:00Z,TSH,,,REPORT,rv-5
OBS000279,N012,2025-05-19T08:00:00Z,GLUC,,,REPORT,rv-5
OBS000280,N012,2025-05-22T16:00:00Z,CREA,,,REPORT,rv-5
OBS000281,N012,2025-05-26T08:00:00Z,PLT,,,REPORT,rv-8
OBS000282,N012,2025-05-29T16:00:00Z,ALT,,,REPORT,rv-2
OBS000283,N013,2025-02-01T16:00:00Z,0.45-4.12,,,LIS,rv-3
OBS000284,N013,2025-02-05T16:00:00Z,0.45-4.12,,,LIS,rv-7
OBS000285,N013,2025-02-09T16:00:00Z,0.45-4.12,,,LIS,rv-6
OBS000286,N013,2025-02-13T16:00:00Z,0.45-4.12,,,LIS,rv-2
OBS000287,N013,2025-02-17T08:00:00Z,0.45-4.12,,,LIS,rv-2
OBS000288,N013,2025-02-20T16:00:00Z,0.45-4.12,,,LIS,rv-7
OBS000289,N013,2025-02-24T08:00:00Z,0.45-4.12,,,LIS,rv-2
OBS000290,N013,2025-02-27T16:00:00Z,0.45-4.12,,,LIS,rv-2
OBS000291,N013,2025-03-03T08:00:00Z,0.45-4.12,,,LIS,rv-3
OBS000292,N013,2025-03-06T16:00:00Z,0.45-4.12,,,LIS,rv-5
OBS000293,N013,2025-03-10T08:00:00Z,0.45-4.12,,,LIS,rv-6
OBS000294,N013,2025-03-13T16:00:00Z,0.45-4.12,,,LIS,rv-5
OBS000295,N013,2025-03-17T08:00:00Z,0.45-4.12,,,LIS,rv-6
OBS000296,N013,2025-03-20T16:00:00Z,0.45-4.12,,,LIS,rv-7
OBS000297,N013,2025-03-24T08:00:00Z,0.45-4.12,,,LIS,rv-1
OBS000298,N013,2025-03-27T16:00:00Z,0.45-4.12,,,LIS,rv-7
OBS000299,N013,2025-03-31T08:00:00Z,0.45-4.12,,,LIS,rv-7
OBS000300,N013,2025-04-03T16:00:00Z,0.45-4.12,,,LIS,rv-2
OBS000301,N013,2025-04-07T08:00:00Z,0.45-4.12,,,LIS,rv-3
OBS000302,N013,2025-04-10T16:00:00Z,0.45-4.12,,,LIS,rv-3
OBS000303,N013,2025-04-14T08:00:00Z,0.45-4.12,,,LIS,rv-6
OBS000304,N013,2025-04-17T16:00:00Z,0.45-4.12,,,LIS,rv-8
OBS000305,N013,2025-04-21T08:00:00Z,0.45-4.12,,,LIS,rv-1
OBS000306,N013,2025-04-24T16:00:00Z,0.45-4.12,,,LIS,rv-3
OBS000307,N013,2025-04-28T08:00:00Z,0.45-4.12,,,LIS,rv-1
OBS000308,N013,2025-05-01T16:00:00Z,0.45-4.12,,,LIS,rv-5
OBS000309,N013,2025-05-05T08:00:00Z,0.45-4.12,,,LIS,rv-7
OBS000310,N013,2025-05-08T16:00:00Z,0.45-4.12,,,LIS,rv-6
OBS000311,N013,2025-05-12T08:00:00Z,0.45-4.12,,,LIS,rv-7
OBS000312,N013,2025-05-15T16:00:00Z,0.45-4.12,,,LIS,rv-4
OBS000313,N013,2025-05-19T08:00:00Z,0.45-4.12,,,LIS,rv-8
OBS000314,N013,2025-05-22T16:00:00Z,0.45-4.12,,,LIS,rv-4
OBS000315,N013,2025-05-26T08:00:00Z,0.45-4.12,,,LIS,rv-8
OBS000316,N013,2025-05-29T16:00:00Z,0.45-4.12,,,LIS,rv-3
OBS000317,N013,2025-06-02T08:00:00Z,0.45-4.12,,,LIS,rv-3
OBS000318,N013,2025-06-05T16:00:00Z,0.45-4.12,,,LIS,rv-1
OBS000319,N013,2025-06-09T08:00:00Z,0.45-4.12,,,LIS,rv-7
OBS000320,N013,2025-06-12T16:00:00Z,0.45-4.12,,,LIS,rv-1
OBS000321,N013,2025-06-16T08:00:00Z,0.45-4.12,,,LIS,rv-7
OBS000322,N013,2025-06-19T16:00:00Z,0.45-4.12,,,LIS,rv-8
OBS000323,N013,2025-06-23T08:00:00Z,0.45-4.12,,,LIS,rv-8
OBS000324,N013,2025-06-26T16:00:00Z,0.45-4.12,,,LIS,rv-2
OBS000325,N013,2025-06-30T08:00:00Z,0.45-4.12,,,LIS,rv-2
OBS000326,N013,2025-07-03T16:00:00Z,0.45-4.12,,,LIS,rv-4
OBS000327,N013,2025-07-07T08:00:00Z,0.45-4.12,,,LIS,rv-6
OBS000328,N013,2025-07-10T16:00:00Z,0.45-4.12,,,LIS,rv-2
OBS000329,N013,2025-07-14T08:00:00Z,0.45-4.12,,,LIS,rv-8
OBS000330,N013,2025-07-17T16:00:00Z,0.45-4.12,,,LIS,rv-7
OBS000331,N013,2025-07-21T08:00:00Z,0.45-4.12,,,LIS,rv-6
OBS000332,N013,2025-07-24T16:00:00Z,0.45-4.12,,,LIS,rv-8
OBS000333,N013,2025-07-28T08:00:00Z,0.45-4.12,,,LIS,rv-3
OBS000334,N013,2025-07-31T16:00:00Z,0.45-4.12,,,LIS,rv-6
OBS000335,N013,2025-08-04T08:00:00Z,0.45-4.12,,,LIS,rv-3
OBS000336,N013,2025-08-07T16:00:00Z,0.45-4.12,,,LIS,rv-2
OBS000337,N013,2025-08-11T08:00:00Z,0.45-4.12,,,LIS,rv-3
OBS000338,N013,2025-08-14T16:00:00Z,0.45-4.12,,,LIS,rv-5
OBS000339,N013,2025-08-18T08:00:00Z,0.45-4.12,,,LIS,rv-6
OBS000340,N013,2025-08-21T16:00:00Z,0.45-4.12,,,LIS,rv-7
OBS000341,N013,2025-08-25T08:00:00Z,0.45-4.12,,,LIS,rv-7
OBS000342,N013,2025-08-28T16:00:00Z,0.45-4.12,,,LIS,rv-7
OBS000343,N013,2025-09-01T08:00:00Z,0.45-4.12,,,LIS,rv-1
OBS000344,N013,2025-09-04T16:00:00Z,0.45-4.12,,,LIS,rv-6
OBS000345,N013,2025-09-08T08:00:00Z,0.45-4.12,,,LIS,rv-7
OBS000346,N013,2025-09-11T16:00:00Z,0.45-4.12,,,LIS,rv-4
OBS000347,N013,2025-09-15T08:00:00Z,0.45-4.12,,,LIS,rv-7
OBS000348,N013,2025-09-18T16:00:00Z,0.45-4.12,,,LIS,rv-8
OBS000349,N013,2025-09-22T08:00:00Z,0.45-4.12,,,LIS,rv-3
OBS000350,N013,2025-09-25T16:00:00Z,0.45-4.12,,,LIS,rv-2
OBS000351,N013,2025-09-29T08:00:00Z,0.45-4.12,,,LIS,rv-8
OBS000352,N013,2025-10-02T16:00:00Z,0.45-4.12,,,LIS,rv-3
OBS000353,N013,2025-10-06T08:00:00Z,0.45-4.12,,,LIS,rv-2
OBS000354,N013,2025-10-09T16:00:00Z,0.45-4.12,,,LIS,rv-6
OBS000355,N013,2025-10-13T08:00:00Z,0.45-4.12,,,LIS,rv-6
OBS000356,N013,2025-10-16T16:00:00Z,0.45-4.12,,,LIS,rv-4
OBS000357,N013,2025-10-20T08:00:00Z,0.45-4.12,,,LIS,rv-8
OBS000358,N013,2025-10-23T16:00:00Z,0.45-4.12,,,LIS,rv-2
OBS000359,N013,2025-10-27T08:00:00Z,0.45-4.12,,,LIS,rv-8
OBS000360,N013,2025-10-30T16:00:00Z,0.45-4.12,,,LIS,rv-6
OBS000361,N013,2025-11-03T08:00:00Z,0.45-4.12,,,LIS,rv-3
OBS000362,N013,2025-11-06T16:00:00Z,0.45-4.12,,,LIS,rv-5
OBS000363,N013,2025-11-10T08:00:00Z,0.45-4.12,,,LIS,rv-8
OBS000364,N013,2025-11-13T16:00:00Z,0.45-4.12,,,LIS,rv-5
OBS000365,N013,2025-11-17T08:00:00Z,0.45-4.12,,,LIS,rv-4
OBS000366,N013,2025-11-20T16:00:00Z,0.45-4.12,,,LIS,rv-3
OBS000367,N013,2025-11-24T08:00:00Z,0.45-4.12,,,LIS,rv-8
OBS000368,N013,2025-11-27T16:00:00Z,0.45-4.12,,,LIS,rv-2
OBS000369,N013,2025-12-01T08:00:00Z,0.45-4.12,,,LIS,rv-6
OBS000370,N013,2025-12-04T16:00:00Z,0.45-4.12,,,LIS,rv-2
OBS000371,N013,2025-12-08T08:00:00Z,0.45-4.12,,,LIS,rv-4
OBS000372,N013,2025-12-11T16:00:00Z,0.45-4.12,,,LIS,rv-7
OBS000373,N013,2025-12-15T08:00:00Z,0.45-4.12,,,LIS,rv-1
OBS000374,N013,2025-12-18T16:00:00Z,0.45-4.12,,,LIS,rv-4
OBS000375,N013,2025-12-22T08:00:00Z,0.45-4.12,,,LIS,rv-3
OBS000376,N013,2025-12-25T16:00:00Z,0.45-4.12,,,LIS,rv-2
OBS000377,N013,2025-12-29T08:00:00Z,0.45-4.12,,,LIS,rv-2
OBS000378,N013,2026-01-01T16:00:00Z,0.45-4.12,,,LIS,rv-6
OBS000379,N013,2026-01-05T08:00:00Z,0.45-4.12,,,LIS,rv-2
OBS000380,N013,2026-01-08T16:00:00Z,0.45-4.12,,,LIS,rv-1
OBS000381,N013,2026-01-12T08:00:00Z,0.45-4.12,,,LIS,rv-8
OBS000382,N013,2026-01-15T16:00:00Z,0.45-4.12,,,LIS,rv-5
OBS000383,N013,2026-01-19T08:00:00Z,0.45-4.12,,,LIS,rv-6
OBS000384,N013,2026-01-22T16:00:00Z,0.45-4.12,,,LIS,rv-8
OBS000385,N013,2026-01-26T08:00:00Z,0.45-4.12,,,LIS,rv-2
OBS000386,N013,2026-01-29T16:00:00Z,0.45-4.12,,,LIS,rv-4
OBS000387,N013,2026-02-02T08:00:00Z,0.45-4.12,,,LIS,rv-8
OBS000388,N013,2026-02-05T16:00:00Z,0.45-4.12,,,LIS,rv-8
OBS000389,N013,2026-02-09T08:00:00Z,0.45-4.12,,,LIS,rv-5
OBS000390,N013,2026-02-12T16:00:00Z,0.45-4.12,,,LIS,rv-6
OBS000391,N013,2026-02-16T08:00:00Z,0.45-4.12,,,LIS,rv-2
OBS000392,N013,2026-02-19T16:00:00Z,0.45-4.12,,,LIS,rv-7
OBS000393,N013,2026-02-23T08:00:00Z,0.45-4.12,,,LIS,rv-2
OBS000394,N013,2026-02-26T16:00:00Z,0.45-4.12,,,LIS,rv-6
OBS000395,N013,2026-03-02T08:00:00Z,0.45-4.12,,,LIS,rv-3
OBS000396,N013,2026-03-05T16:00:00Z,0.45-4.12,,,LIS,rv-8
OBS000397,N013,2026-03-09T08:00:00Z,0.45-4.12,,,LIS,rv-4
OBS000398,N013,2026-03-12T16:00:00Z,0.45-4.12,,,LIS,rv-2
OBS000399,N013,2026-03-16T08:00:00Z,0.45-4.12,,,LIS,rv-1
OBS000400,N013,2026-03-19T16:00:00Z,0.45-4.12,,,LIS,rv-7
OBS000401,N013,2026-03-23T08:00:00Z,0.45-4.12,,,LIS,rv-8
OBS000402,N013,2026-03-26T16:00:00Z,0.45-4.12,,,LIS,rv-3
OBS000403,N013,2026-03-30T08:00:00Z,0.45-4.12,,,LIS,rv-6
OBS000404,N013,2026-04-02T16:00:00Z,0.45-4.12,,,LIS,rv-6
OBS000405,N013,2026-04-06T08:00:00Z,0.45-4.12,,,LIS,rv-7
OBS000406,N013,2026-04-09T16:00:00Z,0.45-4.12,,,LIS,rv-6
OBS000407,N013,2026-04-13T08:00:00Z,0.45-4.12,,,LIS,rv-4
OBS000408,N013,2026-04-16T16:00:00Z,0.45-4.12,,,LIS,rv-7
OBS000409,N013,2026-04-20T08:00:00Z,0.45-4.12,,,LIS,rv-7
OBS000410,N013,2026-04-23T16:00:00Z,0.45-4.12,,,LIS,rv-5
OBS000411,N013,2026-04-27T08:00:00Z,0.45-4.12,,,LIS,rv-5
OBS000412,N013,2026-04-30T16:00:00Z,0.45-4.12,,,LIS,rv-4
OBS000413,N013,2026-05-04T08:00:00Z,0.45-4.12,,,LIS,rv-4
OBS000414,N013,2026-05-07T16:00:00Z,0.45-4.12,,,LIS,rv-2
OBS000415,N013,2026-05-11T08:00:00Z,0.45-4.12,,,LIS,rv-1
OBS000416,N013,2026-05-14T16:00:00Z,0.45-4.12,,,LIS,rv-1
OBS000417,N013,2026-05-18T08:00:00Z,0.45-4.12,,,LIS,rv-6
OBS000418,N013,2026-05-21T16:00:00Z,0.45-4.12,,,LIS,rv-7
OBS000419,N013,2026-05-25T08:00:00Z,0.45-4.12,,,LIS,rv-7
OBS000420,N013,2026-05-28T16:00:00Z,0.45-4.12,,,LIS,rv-2
OBS000421,N013,2026-06-01T08:00:00Z,0.45-4.12,,,LIS,rv-2
OBS000422,N013,2026-06-04T16:00:00Z,0.45-4.12,,,LIS,rv-6
OBS000423,N013,2026-06-08T08:00:00Z,0.45-4.12,,,LIS,rv-7
OBS000424,N013,2026-06-11T16:00:00Z,0.45-4.12,,,LIS,rv-1
OBS000425,N013,2026-06-15T08:00:00Z,0.45-4.12,,,LIS,rv-5
OBS000426,N013,2026-06-18T16:00:00Z,0.45-4.12,,,LIS,rv-6
OBS000427,N013,2026-06-22T08:00:00Z,0.45-4.12,,,LIS,rv-6
OBS000428,N013,2026-06-25T16:00:00Z,0.45-4.12,,,LIS,rv-6
OBS000429,N014,2025-02-01T16:00:00Z,0.45-4.12,,,REPORT,rv-7
OBS000430,N014,2025-02-05T16:00:00Z,0.45-4.12,,,REPORT,rv-6
OBS000431,N014,2025-02-09T16:00:00Z,0.45-4.12,,,REPORT,rv-6
OBS000432,N014,2025-02-13T16:00:00Z,0.45-4.12,,,REPORT,rv-8
OBS000433,N014,2025-02-17T08:00:00Z,0.45-4.12,,,REPORT,rv-5
OBS000434,N014,2025-02-20T16:00:00Z,0.45-4.12,,,REPORT,rv-8
OBS000435,N014,2025-02-24T08:00:00Z,0.45-4.12,,,REPORT,rv-1
OBS000436,N014,2025-02-27T16:00:00Z,0.45-4.12,,,REPORT,rv-5
OBS000437,N014,2025-03-03T08:00:00Z,0.45-4.12,,,REPORT,rv-4
OBS000438,N014,2025-03-06T16:00:00Z,0.45-4.12,,,REPORT,rv-1
OBS000439,N014,2025-03-10T08:00:00Z,0.45-4.12,,,REPORT,rv-5
OBS000440,N014,2025-03-13T16:00:00Z,0.45-4.12,,,REPORT,rv-5
OBS000441,N014,2025-03-17T08:00:00Z,0.45-4.12,,,REPORT,rv-1
OBS000442,N014,2025-03-20T16:00:00Z,0.45-4.12,,,REPORT,rv-3
OBS000443,N014,2025-03-24T08:00:00Z,0.45-4.12,,,REPORT,rv-7
OBS000444,N014,2025-03-27T16:00:00Z,0.45-4.12,,,REPORT,rv-1
OBS000445,N014,2025-03-31T08:00:00Z,0.45-4.12,,,REPORT,rv-8
OBS000446,N014,2025-04-03T16:00:00Z,0.45-4.12,,,REPORT,rv-5
OBS000447,N014,2025-04-07T08:00:00Z,0.45-4.12,,,REPORT,rv-8
OBS000448,N014,2025-04-10T16:00:00Z,0.45-4.12,,,REPORT,rv-8
OBS000449,N014,2025-04-14T08:00:00Z,0.45-4.12,,,REPORT,rv-3
OBS000450,N014,2025-04-17T16:00:00Z,0.45-4.12,,,REPORT,rv-6
OBS000451,N014,2025-04-21T08:00:00Z,0.45-4.12,,,REPORT,rv-1
OBS000452,N014,2025-04-24T16:00:00Z,0.45-4.12,,,REPORT,rv-2
OBS000453,N014,2025-04-28T08:00:00Z,0.45-4.12,,,REPORT,rv-5
OBS000454,N014,2025-05-01T16:00:00Z,0.45-4.12,,,REPORT,rv-2
OBS000455,N014,2025-05-05T08:00:00Z,0.45-4.12,,,REPORT,rv-2
OBS000456,N014,2025-05-08T16:00:00Z,0.45-4.12,,,REPORT,rv-4
OBS000457,N014,2025-05-12T08:00:00Z,0.45-4.12,,,REPORT,rv-4
OBS000458,N014,2025-05-15T16:00:00Z,0.45-4.12,,,REPORT,rv-5
OBS000459,N014,2025-05-19T08:00:00Z,0.45-4.12,,,REPORT,rv-1
OBS000460,N014,2025-05-22T16:00:00Z,0.45-4.12,,,REPORT,rv-3
OBS000461,N014,2025-05-26T08:00:00Z,0.45-4.12,,,REPORT,rv-8
OBS000462,N014,2025-05-29T16:00:00Z,0.45-4.12,,,REPORT,rv-1
OBS000463,N014,2025-06-02T08:00:00Z,0.45-4.12,,,REPORT,rv-6
OBS000464,N014,2025-06-05T16:00:00Z,0.45-4.12,,,REPORT,rv-7
OBS000465,N014,2025-06-09T08:00:00Z,0.45-4.12,,,REPORT,rv-4
OBS000466,N014,2025-06-12T16:00:00Z,0.45-4.12,,,REPORT,rv-5
OBS000467,N014,2025-06-16T08:00:00Z,0.45-4.12,,,REPORT,rv-3
OBS000468,N014,2025-06-19T16:00:00Z,0.45-4.12,,,REPORT,rv-3
OBS000469,N014,2025-06-23T08:00:00Z,0.45-4.12,,,REPORT,rv-3
OBS000470,N014,2025-06-26T16:00:00Z,0.45-4.12,,,REPORT,rv-6
OBS000471,N014,2025-06-30T08:00:00Z,0.45-4.12,,,REPORT,rv-5
OBS000472,N014,2025-07-03T16:00:00Z,0.45-4.12,,,REPORT,rv-6
OBS000473,N014,2025-07-07T08:00:00Z,0.45-4.12,,,REPORT,rv-5
OBS000474,N014,2025-07-10T16:00:00Z,0.45-4.12,,,REPORT,rv-5
OBS000475,N014,2025-07-14T08:00:00Z,0.45-4.12,,,REPORT,rv-8
OBS000476,N014,2025-07-17T16:00:00Z,0.45-4.12,,,REPORT,rv-1
OBS000477,N014,2025-07-21T08:00:00Z,0.45-4.12,,,REPORT,rv-1
OBS000478,N014,2025-07-24T16:00:00Z,0.45-4.12,,,REPORT,rv-1
OBS000479,N014,2025-07-28T08:00:00Z,0.45-4.12,,,REPORT,rv-2
OBS000480,N014,2025-07-31T16:00:00Z,0.45-4.12,,,REPORT,rv-3
OBS000481,N014,2025-08-04T08:00:00Z,0.45-4.12,,,REPORT,rv-7
OBS000482,N014,2025-08-07T16:00:00Z,0.45-4.12,,,REPORT,rv-7
OBS000483,N014,2025-08-11T08:00:00Z,0.45-4.12,,,REPORT,rv-6
OBS000484,N014,2025-08-14T16:00:00Z,0.45-4.12,,,REPORT,rv-1
OBS000485,N014,2025-08-18T08:00:00Z,0.45-4.12,,,REPORT,rv-3
OBS000486,N014,2025-08-21T16:00:00Z,0.45-4.12,,,REPORT,rv-4
OBS000487,N014,2025-08-25T08:00:00Z,0.45-4.12,,,REPORT,rv-2
OBS000488,N014,2025-08-28T16:00:00Z,0.45-4.12,,,REPORT,rv-6
OBS000489,N014,2025-09-01T08:00:00Z,0.45-4.12,,,REPORT,rv-4
OBS000490,N014,2025-09-04T16:00:00Z,0.45-4.12,,,REPORT,rv-4
OBS000491,N014,2025-09-08T08:00:00Z,0.45-4.12,,,REPORT,rv-5
OBS000492,N014,2025-09-11T16:00:00Z,0.45-4.12,,,REPORT,rv-8
OBS000493,N014,2025-09-15T08:00:00Z,0.45-4.12,,,REPORT,rv-7
OBS000494,N014,2025-09-18T16:00:00Z,0.45-4.12,,,REPORT,rv-4
OBS000495,N014,2025-09-22T08:00:00Z,0.45-4.12,,,REPORT,rv-1
OBS000496,N014,2025-09-25T16:00:00Z,0.45-4.12,,,REPORT,rv-7
OBS000497,N014,2025-09-29T08:00:00Z,0.45-4.12,,,REPORT,rv-6
OBS000498,N014,2025-10-02T16:00:00Z,0.45-4.12,,,REPORT,rv-8
OBS000499,N014,2025-10-06T08:00:00Z,0.45-4.12,,,REPORT,rv-6
OBS000500,N014,2025-10-09T16:00:00Z,#ERR,,,REPORT,rv-6
OBS000501,N014,2025-10-13T08:00:00Z,#!,,,REPORT,rv-8
OBS000502,N014,2025-10-16T16:00:00Z,0.45-4.12,,,REPORT,rv-7
OBS000503,N014,2025-10-20T08:00:00Z,0.45-4.12,,,REPORT,rv-3
OBS000504,N014,2025-10-23T16:00:00Z,0.45-4.12,,,REPORT,rv-3
OBS000505,N014,2025-10-27T08:00:00Z,0.45-4.12,,,REPORT,rv-6
OBS000506,N014,2025-10-30T16:00:00Z,0.45-4.12,,,REPORT,rv-6
OBS000507,N014,2025-11-03T08:00:00Z,0.45-4.12,,,REPORT,rv-6
OBS000508,N014,2025-11-06T16:00:00Z,0.45-4.12,,,REPORT,rv-2
OBS000509,N014,2025-11-10T08:00:00Z,0.45-4.12,,,REPORT,rv-1
OBS000510,N014,2025-11-13T16:00:00Z,0.45-4.12,,,REPORT,rv-3
OBS000511,N014,2025-11-17T08:00:00Z,0.45-4.12,,,REPORT,rv-3
OBS000512,N014,2025-11-20T16:00:00Z,0.45-4.12,,,REPORT,rv-2
OBS000513,N014,2025-11-24T08:00:00Z,0.45-4.12,,,REPORT,rv-6
OBS000514,N014,2025-11-27T16:00:00Z,#ERR,,,REPORT,rv-3
OBS000515,N014,2025-12-01T08:00:00Z,#!,,,REPORT,rv-1
OBS000516,N014,2025-12-04T16:00:00Z,0.45-4.12,,,REPORT,rv-8
OBS000517,N014,2025-12-08T08:00:00Z,0.45-4.12,,,REPORT,rv-2
OBS000518,N014,2025-12-11T16:00:00Z,0.45-4.12,,,REPORT,rv-6
OBS000519,N014,2025-12-15T08:00:00Z,0.45-4.12,,,REPORT,rv-3
OBS000520,N014,2025-12-18T16:00:00Z,0.45-4.12,,,REPORT,rv-6
OBS000521,N014,2025-12-22T08:00:00Z,0.45-4.12,,,REPORT,rv-1
OBS000522,N014,2025-12-25T16:00:00Z,0.45-4.12,,,REPORT,rv-5
OBS000523,N014,2025-12-29T08:00:00Z,0.45-4.12,,,REPORT,rv-5
OBS000524,N014,2026-01-01T16:00:00Z,0.45-4.12,,,REPORT,rv-8
OBS000525,N014,2026-01-05T08:00:00Z,0.45-4.12,,,REPORT,rv-8
OBS000526,N014,2026-01-08T16:00:00Z,0.45-4.12,,,REPORT,rv-2
OBS000527,N014,2026-01-12T08:00:00Z,0.45-4.12,,,REPORT,rv-5
OBS000528,N014,2026-01-15T16:00:00Z,#ERR,,,REPORT,rv-6
OBS000529,N014,2026-01-19T08:00:00Z,0.45-4.12,,,REPORT,rv-2
OBS000530,N014,2026-01-22T16:00:00Z,#!,,,REPORT,rv-4
OBS000531,N014,2026-01-26T08:00:00Z,0.45-4.12,,,REPORT,rv-1
OBS000532,N014,2026-01-29T16:00:00Z,0.45-4.12,,,REPORT,rv-3
OBS000533,N014,2026-02-02T08:00:00Z,0.45-4.12,,,REPORT,rv-4
OBS000534,N014,2026-02-05T16:00:00Z,0.45-4.12,,,REPORT,rv-6
OBS000535,N014,2026-02-09T08:00:00Z,0.45-4.12,,,REPORT,rv-5
OBS000536,N014,2026-02-12T16:00:00Z,0.45-4.12,,,REPORT,rv-1
OBS000537,N014,2026-02-16T08:00:00Z,0.45-4.12,,,REPORT,rv-1
OBS000538,N014,2026-02-19T16:00:00Z,0.45-4.12,,,REPORT,rv-3
OBS000539,N014,2026-02-23T08:00:00Z,0.45-4.12,,,REPORT,rv-3
OBS000540,N014,2026-02-26T16:00:00Z,0.45-4.12,,,REPORT,rv-5
OBS000541,N014,2026-03-02T08:00:00Z,0.45-4.12,,,REPORT,rv-3
OBS000542,N014,2026-03-05T16:00:00Z,0.45-4.12,,,REPORT,rv-7
OBS000543,N014,2026-03-09T08:00:00Z,0.45-4.12,,,REPORT,rv-4
OBS000544,N014,2026-03-12T16:00:00Z,0.45-4.12,,,REPORT,rv-1
OBS000545,N014,2026-03-16T08:00:00Z,0.45-4.12,,,REPORT,rv-2
OBS000546,N014,2026-03-19T16:00:00Z,0.45-4.12,,,REPORT,rv-7
OBS000547,N014,2026-03-23T08:00:00Z,0.45-4.12,,,REPORT,rv-3
OBS000548,N014,2026-03-26T16:00:00Z,0.45-4.12,,,REPORT,rv-1
OBS000549,N014,2026-03-30T08:00:00Z,0.45-4.12,,,REPORT,rv-7
OBS000550,N014,2026-04-02T16:00:00Z,0.45-4.12,,,REPORT,rv-4
OBS000551,N014,2026-04-06T08:00:00Z,0.45-4.12,,,REPORT,rv-4
OBS000552,N014,2026-04-09T16:00:00Z,0.45-4.12,,,REPORT,rv-3
OBS000553,N014,2026-04-13T08:00:00Z,0.45-4.12,,,REPORT,rv-1
OBS000554,N014,2026-04-16T16:00:00Z,0.45-4.12,,,REPORT,rv-6
OBS000555,N014,2026-04-20T08:00:00Z,0.45-4.12,,,REPORT,rv-7
OBS000556,N014,2026-04-23T16:00:00Z,0.45-4.12,,,REPORT,rv-7
OBS000557,N014,2026-04-27T08:00:00Z,0.45-4.12,,,REPORT,rv-7
OBS000558,N014,2026-04-30T16:00:00Z,0.45-4.12,,,REPORT,rv-1
OBS000559,N014,2026-05-04T08:00:00Z,0.45-4.12,,,REPORT,rv-7
OBS000560,N014,2026-05-07T16:00:00Z,0.45-4.12,,,REPORT,rv-1
OBS000561,N014,2026-05-11T08:00:00Z,0.45-4.12,,,REPORT,rv-1
OBS000562,N014,2026-05-14T16:00:00Z,0.45-4.12,,,REPORT,rv-5
OBS000563,N014,2026-05-18T08:00:00Z,0.45-4.12,,,REPORT,rv-1
OBS000564,N014,2026-05-21T16:00:00Z,0.45-4.12,,,REPORT,rv-7
OBS000565,N014,2026-05-25T08:00:00Z,0.45-4.12,,,REPORT,rv-7
OBS000566,N014,2026-05-28T16:00:00Z,0.45-4.12,,,REPORT,rv-8
OBS000567,N014,2026-06-01T08:00:00Z,0.45-4.12,,,REPORT,rv-8
OBS000568,N014,2026-06-04T16:00:00Z,"9,9",,,REPORT,rv-3
OBS000569,N014,2026-06-08T08:00:00Z,0.45-4.12,,,REPORT,rv-2
OBS000570,N014,2026-06-11T16:00:00Z,0.45-4.12,,,REPORT,rv-5
OBS000571,N014,2026-06-15T08:00:00Z,0.45-4.12,,,REPORT,rv-4
OBS000572,N014,2026-06-18T16:00:00Z,0.45-4.12,,,REPORT,rv-3
OBS000573,N014,2026-06-22T08:00:00Z,0.45-4.12,,,REPORT,rv-5
OBS000574,N014,2026-06-25T16:00:00Z,0.45-4.12,,,REPORT,rv-8
OBS000575,N015,2025-02-01T16:00:00Z,N,,,REPORT,rv-2
OBS000576,N015,2025-02-05T16:00:00Z,N,,,REPORT,rv-5
OBS000577,N015,2025-02-09T16:00:00Z,N,,,REPORT,rv-7
OBS000578,N015,2025-02-13T16:00:00Z,N,,,REPORT,rv-5
OBS000579,N015,2025-02-17T08:00:00Z,N,,,REPORT,rv-6
OBS000580,N015,2025-02-20T16:00:00Z,N,,,REPORT,rv-5
OBS000581,N015,2025-02-24T08:00:00Z,L,,,REPORT,rv-2
OBS000582,N015,2025-02-27T16:00:00Z,N,,,REPORT,rv-8
OBS000583,N015,2025-03-03T08:00:00Z,N,,,REPORT,rv-2
OBS000584,N015,2025-03-06T16:00:00Z,N,,,REPORT,rv-2
OBS000585,N015,2025-03-10T08:00:00Z,N,,,REPORT,rv-8
OBS000586,N015,2025-03-13T16:00:00Z,N,,,REPORT,rv-6
OBS000587,N015,2025-03-17T08:00:00Z,N,,,REPORT,rv-3
OBS000588,N015,2025-03-20T16:00:00Z,H,,,REPORT,rv-8
OBS000589,N015,2025-03-24T08:00:00Z,N,,,REPORT,rv-1
OBS000590,N015,2025-03-27T16:00:00Z,N,,,REPORT,rv-2
OBS000591,N015,2025-03-31T08:00:00Z,N,,,REPORT,rv-7
OBS000592,N015,2025-04-03T16:00:00Z,N,,,REPORT,rv-8
OBS000593,N015,2025-04-07T08:00:00Z,N,,,REPORT,rv-4
OBS000594,N015,2025-04-10T16:00:00Z,N,,,REPORT,rv-1
OBS000595,N015,2025-04-14T08:00:00Z,N,,,REPORT,rv-6
OBS000596,N015,2025-04-17T16:00:00Z,N,,,REPORT,rv-6
OBS000597,N015,2025-04-21T08:00:00Z,H,,,REPORT,rv-3
OBS000598,N015,2025-04-24T16:00:00Z,N,,,REPORT,rv-6
OBS000599,N015,2025-04-28T08:00:00Z,N,,,REPORT,rv-5
OBS000600,N015,2025-05-01T16:00:00Z,N,,,REPORT,rv-8
OBS000601,N015,2025-05-05T08:00:00Z,L,,,REPORT,rv-6
OBS000602,N015,2025-05-08T16:00:00Z,L,,,REPORT,rv-8
OBS000603,N015,2025-05-12T08:00:00Z,N,,,REPORT,rv-7
OBS000604,N015,2025-05-15T16:00:00Z,L,,,REPORT,rv-1
OBS000605,N015,2025-05-19T08:00:00Z,N,,,REPORT,rv-8
OBS000606,N015,2025-05-22T16:00:00Z,N,,,REPORT,rv-1
OBS000607,N015,2025-05-26T08:00:00Z,N,,,REPORT,rv-6
OBS000608,N015,2025-05-29T16:00:00Z,N,,,REPORT,rv-3
OBS000609,N015,2025-06-02T08:00:00Z,N,,,REPORT,rv-7
OBS000610,N015,2025-06-05T16:00:00Z,H,,,REPORT,rv-3
OBS000611,N015,2025-06-09T08:00:00Z,N,,,REPORT,rv-7
OBS000612,N015,2025-06-12T16:00:00Z,N,,,REPORT,rv-5
OBS000613,N015,2025-06-16T08:00:00Z,N,,,REPORT,rv-2
OBS000614,N015,2025-06-19T16:00:00Z,N,,,REPORT,rv-8
OBS000615,N015,2025-06-23T08:00:00Z,N,,,REPORT,rv-7
OBS000616,N015,2025-06-26T16:00:00Z,L,,,REPORT,rv-2
OBS000617,N015,2025-06-30T08:00:00Z,N,,,REPORT,rv-4
OBS000618,N015,2025-07-03T16:00:00Z,H,,,REPORT,rv-7
OBS000619,N015,2025-07-07T08:00:00Z,N,,,REPORT,rv-4
OBS000620,N015,2025-07-10T16:00:00Z,N,,,REPORT,rv-5
OBS000621,N015,2025-07-14T08:00:00Z,N,,,REPORT,rv-2
OBS000622,N015,2025-07-17T16:00:00Z,N,,,REPORT,rv-6
OBS000623,N015,2025-07-21T08:00:00Z,N,,,REPORT,rv-7
OBS000624,N015,2025-07-24T16:00:00Z,N,,,REPORT,rv-4
OBS000625,N015,2025-07-28T08:00:00Z,N,,,REPORT,rv-7
OBS000626,N015,2025-07-31T16:00:00Z,H,,,REPORT,rv-8
OBS000627,N015,2025-08-04T08:00:00Z,L,,,REPORT,rv-6
OBS000628,N015,2025-08-07T16:00:00Z,N,,,REPORT,rv-4
OBS000629,N015,2025-08-11T08:00:00Z,N,,,REPORT,rv-7
OBS000630,N015,2025-08-14T16:00:00Z,N,,,REPORT,rv-5
OBS000631,N015,2025-08-18T08:00:00Z,N,,,REPORT,rv-2
OBS000632,N015,2025-08-21T16:00:00Z,H,,,REPORT,rv-5
OBS000633,N015,2025-08-25T08:00:00Z,N,,,REPORT,rv-3
OBS000634,N015,2025-08-28T16:00:00Z,L,,,REPORT,rv-2
OBS000635,N015,2025-09-01T08:00:00Z,N,,,REPORT,rv-2
OBS000636,N015,2025-09-04T16:00:00Z,N,,,REPORT,rv-2
OBS000637,N015,2025-09-08T08:00:00Z,N,,,REPORT,rv-1
OBS000638,N015,2025-09-11T16:00:00Z,N,,,REPORT,rv-4
OBS000639,N015,2025-09-15T08:00:00Z,N,,,REPORT,rv-7
OBS000640,N015,2025-09-18T16:00:00Z,N,,,REPORT,rv-8
OBS000641,N015,2025-09-22T08:00:00Z,N,,,REPORT,rv-4
OBS000642,N015,2025-09-25T16:00:00Z,N,,,REPORT,rv-3
OBS000643,N015,2025-09-29T08:00:00Z,N,,,REPORT,rv-1
OBS000644,N015,2025-10-02T16:00:00Z,N,,,REPORT,rv-8
OBS000645,N015,2025-10-06T08:00:00Z,N,,,REPORT,rv-1
OBS000646,N015,2025-10-09T16:00:00Z,H,,,REPORT,rv-5
OBS000647,N015,2025-10-13T08:00:00Z,N,,,REPORT,rv-4
OBS000648,N015,2025-10-16T16:00:00Z,N,,,REPORT,rv-3
OBS000649,N015,2025-10-20T08:00:00Z,N,,,REPORT,rv-3
OBS000650,N015,2025-10-23T16:00:00Z,N,,,REPORT,rv-5
OBS000651,N015,2025-10-27T08:00:00Z,"1,23",,,REPORT,rv-3
OBS000652,N015,2025-10-30T16:00:00Z,H,,,REPORT,rv-8
OBS000653,N015,2025-11-03T08:00:00Z,N,,,REPORT,rv-5
OBS000654,N015,2025-11-06T16:00:00Z,N,,,REPORT,rv-4
OBS000655,N015,2025-11-10T08:00:00Z,N,,,REPORT,rv-5
OBS000656,N015,2025-11-13T16:00:00Z,N,,,REPORT,rv-5
OBS000657,N015,2025-11-17T08:00:00Z,N,,,REPORT,rv-7
OBS000658,N015,2025-11-20T16:00:00Z,N,,,REPORT,rv-8
OBS000659,N015,2025-11-24T08:00:00Z,N,,,REPORT,rv-2
OBS000660,N015,2025-11-27T16:00:00Z,N,,,REPORT,rv-6
OBS000661,N015,2025-12-01T08:00:00Z,L,,,REPORT,rv-7
OBS000662,N015,2025-12-04T16:00:00Z,H,,,REPORT,rv-1
OBS000663,N015,2025-12-08T08:00:00Z,N,,,REPORT,rv-8
OBS000664,N015,2025-12-11T16:00:00Z,N,,,REPORT,rv-4
OBS000665,N015,2025-12-15T08:00:00Z,N,,,REPORT,rv-7
OBS000666,N015,2025-12-18T16:00:00Z,#ERR,,,REPORT,rv-6
OBS000667,N015,2025-12-22T08:00:00Z,#!,,,REPORT,rv-3
OBS000668,N015,2025-12-25T16:00:00Z,N,,,REPORT,rv-2
OBS000669,N015,2025-12-29T08:00:00Z,H,,,REPORT,rv-7
OBS000670,N015,2026-01-01T16:00:00Z,N,,,REPORT,rv-5
OBS000671,N015,2026-01-05T08:00:00Z,L,,,REPORT,rv-8
OBS000672,N015,2026-01-08T16:00:00Z,H,,,REPORT,rv-3
OBS000673,N015,2026-01-12T08:00:00Z,N,,,REPORT,rv-7
OBS000674,N015,2026-01-15T16:00:00Z,N,,,REPORT,rv-3
OBS000675,N015,2026-01-19T08:00:00Z,N,,,REPORT,rv-8
OBS000676,N015,2026-01-22T16:00:00Z,N,,,REPORT,rv-2
OBS000677,N015,2026-01-26T08:00:00Z,N,,,REPORT,rv-5
OBS000678,N015,2026-01-29T16:00:00Z,N,,,REPORT,rv-2
OBS000679,N015,2026-02-02T08:00:00Z,#!,,,REPORT,rv-1
OBS000680,N015,2026-02-05T16:00:00Z,#!,,,REPORT,rv-5
OBS000681,N015,2026-02-09T08:00:00Z,N,,,REPORT,rv-6
OBS000682,N015,2026-02-12T16:00:00Z,N,,,REPORT,rv-3
OBS000683,N015,2026-02-16T08:00:00Z,N,,,REPORT,rv-2
OBS000684,N015,2026-02-19T16:00:00Z,N,,,REPORT,rv-6
OBS000685,N015,2026-02-23T08:00:00Z,N,,,REPORT,rv-7
OBS000686,N015,2026-02-26T16:00:00Z,N,,,REPORT,rv-2
OBS000687,N015,2026-03-02T08:00:00Z,N,,,REPORT,rv-7
OBS000688,N015,2026-03-05T16:00:00Z,N,,,REPORT,rv-7
OBS000689,N015,2026-03-09T08:00:00Z,N,,,REPORT,rv-4
OBS000690,N015,2026-03-12T16:00:00Z,L,,,REPORT,rv-1
OBS000691,N015,2026-03-16T08:00:00Z,N,,,REPORT,rv-4
OBS000692,N015,2026-03-19T16:00:00Z,N,,,REPORT,rv-4
OBS000693,N015,2026-03-23T08:00:00Z,N,,,REPORT,rv-8
OBS000694,N015,2026-03-26T16:00:00Z,N,,,REPORT,rv-7
OBS000695,N015,2026-03-30T08:00:00Z,N,,,REPORT,rv-3
OBS000696,N015,2026-04-02T16:00:00Z,N,,,REPORT,rv-7
OBS000697,N015,2026-04-06T08:00:00Z,N,,,REPORT,rv-8
OBS000698,N015,2026-04-09T16:00:00Z,H,,,REPORT,rv-1
OBS000699,N015,2026-04-13T08:00:00Z,N,,,REPORT,rv-7
OBS000700,N015,2026-04-16T16:00:00Z,L,,,REPORT,rv-5
OBS000701,N015,2026-04-20T08:00:00Z,N,,,REPORT,rv-5
OBS000702,N015,2026-04-23T16:00:00Z,N,,,REPORT,rv-3
OBS000703,N015,2026-04-27T08:00:00Z,N,,,REPORT,rv-7
OBS000704,N015,2026-04-30T16:00:00Z,N,,,REPORT,rv-7
OBS000705,N015,2026-05-04T08:00:00Z,N,,,REPORT,rv-3
OBS000706,N015,2026-05-07T16:00:00Z,H,,,REPORT,rv-2
OBS000707,N015,2026-05-11T08:00:00Z,N,,,REPORT,rv-2
OBS000708,N015,2026-05-14T16:00:00Z,N,,,REPORT,rv-1
OBS000709,N015,2026-05-18T08:00:00Z,N,,,REPORT,rv-4
OBS000710,N015,2026-05-21T16:00:00Z,N,,,REPORT,rv-5
OBS000711,N015,2026-05-25T08:00:00Z,L,,,REPORT,rv-7
OBS000712,N015,2026-05-28T16:00:00Z,L,,,REPORT,rv-6
OBS000713,N015,2026-06-01T08:00:00Z,N,,,REPORT,rv-7
OBS000714,N015,2026-06-04T16:00:00Z,N,,,REPORT,rv-6
OBS000715,N015,2026-06-08T08:00:00Z,N,,,REPORT,rv-1
OBS000716,N015,2026-06-11T16:00:00Z,H,,,REPORT,rv-1
OBS000717,N015,2026-06-15T08:00:00Z,N,,,REPORT,rv-2
OBS000718,N015,2026-06-18T16:00:00Z,N,,,REPORT,rv-5
OBS000719,N015,2026-06-22T08:00:00Z,N,,,REPORT,rv-5
OBS000720,N015,2026-06-25T16:00:00Z,N,,,REPORT,rv-7
OBS000721,N016,2025-06-01T16:00:00Z,1.9835,1.9835,,ETL,rv-4
OBS000722,N016,2025-06-05T16:00:00Z,2.0734,2.0734,,ETL,rv-6
OBS000723,N016,2025-06-09T08:00:00Z,2.4619,2.4619,,ETL,rv-1
OBS000724,N016,2025-06-12T16:00:00Z,2.6978,2.6978,,ETL,rv-4
OBS000725,N016,2025-06-16T08:00:00Z,2.4419,2.4419,,ETL,rv-7
OBS000726,N016,2025-06-19T16:00:00Z,2.3005,2.3005,,ETL,rv-2
OBS000727,N016,2025-06-23T08:00:00Z,1.8799,1.8799,,ETL,rv-3
OBS000728,N016,2025-06-26T16:00:00Z,1.7568,1.7568,,ETL,rv-8
OBS000729,N016,2025-06-30T08:00:00Z,1.8389,1.8389,,ETL,rv-6
OBS000730,N016,2025-07-03T16:00:00Z,2.6168,2.6168,,ETL,rv-6
OBS000731,N016,2025-07-07T08:00:00Z,1.8376,1.8376,,ETL,rv-6
OBS000732,N016,2025-07-10T16:00:00Z,1.9944,1.9944,,ETL,rv-4
OBS000733,N016,2025-07-14T08:00:00Z,1.6661,1.6661,,ETL,rv-3
OBS000734,N016,2025-07-17T16:00:00Z,1.9582,1.9582,,ETL,rv-2
OBS000735,N016,2025-07-21T08:00:00Z,,,,ETL,rv-8
OBS000736,N016,2025-07-24T16:00:00Z,,,,ETL,rv-7
OBS000737,N016,2025-07-28T08:00:00Z,,,,ETL,rv-7
OBS000738,N016,2025-07-31T16:00:00Z,,,,ETL,rv-1
OBS000739,N016,2025-08-04T08:00:00Z,,,,ETL,rv-8
OBS000740,N016,2025-08-07T16:00:00Z,,,,ETL,rv-8
OBS000741,N016,2025-08-11T08:00:00Z,,,,ETL,rv-3
OBS000742,N016,2025-08-14T16:00:00Z,2.2375,2.2375,,ETL,rv-2
OBS000743,N016,2025-08-18T08:00:00Z,2.3513,2.3513,,ETL,rv-3
OBS000744,N016,2025-08-21T16:00:00Z,2.1758,2.1758,,ETL,rv-5
OBS000745,N016,2025-08-25T08:00:00Z,2.1689,2.1689,,ETL,rv-4
OBS000746,N016,2025-08-28T16:00:00Z,,,,ETL,rv-3
OBS000747,N016,2025-09-01T08:00:00Z,,,,ETL,rv-4
OBS000748,N016,2025-09-04T16:00:00Z,,,,ETL,rv-5
OBS000749,N016,2025-09-08T08:00:00Z,,,,ETL,rv-4
OBS000750,N016,2025-09-11T16:00:00Z,,,,ETL,rv-4
OBS000751,N016,2025-09-15T08:00:00Z,,,,ETL,rv-2
OBS000752,N016,2025-09-18T16:00:00Z,,,,ETL,rv-7
OBS000753,N016,2025-09-22T08:00:00Z,2.1016,2.1016,,ETL,rv-6
OBS000754,N016,2025-09-25T16:00:00Z,2.4085,2.4085,,ETL,rv-5
OBS000755,N016,2025-09-29T08:00:00Z,2.0561,2.0561,,ETL,rv-6
OBS000756,N016,2025-10-02T16:00:00Z,2.0130,2.0130,,ETL,rv-1
OBS000757,N016,2025-10-06T08:00:00Z,,,,ETL,rv-4
OBS000758,N016,2025-10-09T16:00:00Z,,,,ETL,rv-2
OBS000759,N016,2025-10-13T08:00:00Z,,,,ETL,rv-2
OBS000760,N016,2025-10-16T16:00:00Z,,,,ETL,rv-7
OBS000761,N016,2025-10-20T08:00:00Z,,,,ETL,rv-2
OBS000762,N016,2025-10-23T16:00:00Z,,,,ETL,rv-6
OBS000763,N016,2025-10-27T08:00:00Z,,,,ETL,rv-2
OBS000764,N016,2025-10-30T16:00:00Z,2.5827,2.5827,,ETL,rv-4
OBS000765,N016,2025-11-03T08:00:00Z,2.3082,2.3082,,ETL,rv-6
OBS000766,N016,2025-11-06T16:00:00Z,1.9533,1.9533,,ETL,rv-3
OBS000767,N016,2025-11-10T08:00:00Z,,,,ETL,rv-6
OBS000768,N016,2025-11-13T16:00:00Z,,,,ETL,rv-8
OBS000769,N016,2025-11-17T08:00:00Z,,,,ETL,rv-7
OBS000770,N016,2025-11-20T16:00:00Z,,,,ETL,rv-3
OBS000771,N016,2025-11-24T08:00:00Z,,,,ETL,rv-2
OBS000772,N016,2025-11-27T16:00:00Z,,,,ETL,rv-6
OBS000773,N016,2025-12-01T08:00:00Z,,,,ETL,rv-2
OBS000774,N016,2025-12-04T16:00:00Z,2.2418,2.2418,,ETL,rv-6
OBS000775,N016,2025-12-08T08:00:00Z,1.8022,1.8022,,ETL,rv-3
OBS000776,N016,2025-12-11T16:00:00Z,1.9472,1.9472,,ETL,rv-3
OBS000777,N016,2025-12-15T08:00:00Z,2.5677,2.5677,,ETL,rv-2
OBS000778,N016,2025-12-18T16:00:00Z,2.2933,2.2933,,ETL,rv-6
OBS000779,N016,2025-12-22T08:00:00Z,2.2703,2.2703,,ETL,rv-1
OBS000780,N016,2025-12-25T16:00:00Z,,,,ETL,rv-1
OBS000781,N016,2025-12-29T08:00:00Z,,,,ETL,rv-8
OBS000782,N016,2026-01-01T16:00:00Z,,,,ETL,rv-1
OBS000783,N016,2026-01-05T08:00:00Z,,,,ETL,rv-2
OBS000784,N016,2026-01-08T16:00:00Z,,,,ETL,rv-7
OBS000785,N016,2026-01-12T08:00:00Z,,,,ETL,rv-6
OBS000786,N016,2026-01-15T16:00:00Z,,,,ETL,rv-7
OBS000787,N016,2026-01-19T08:00:00Z,2.1837,2.1837,,ETL,rv-8
OBS000788,N016,2026-01-22T16:00:00Z,2.5898,2.5898,,ETL,rv-7
OBS000789,N016,2026-01-26T08:00:00Z,2.1429,2.1429,,ETL,rv-3
OBS000790,N016,2026-01-29T16:00:00Z,2.1171,2.1171,,ETL,rv-7
OBS000791,N016,2026-02-02T08:00:00Z,,,,ETL,rv-1
OBS000792,N016,2026-02-05T16:00:00Z,,,,ETL,rv-6
OBS000793,N016,2026-02-09T08:00:00Z,,,,ETL,rv-8
OBS000794,N016,2026-02-12T16:00:00Z,,,,ETL,rv-3
OBS000795,N016,2026-02-16T08:00:00Z,,,,ETL,rv-5
OBS000796,N016,2026-02-19T16:00:00Z,,,,ETL,rv-1
OBS000797,N016,2026-02-23T08:00:00Z,1.9027,1.9027,,ETL,rv-7
OBS000798,N016,2026-02-26T16:00:00Z,2.0730,2.0730,,ETL,rv-3
OBS000799,N016,2026-03-02T08:00:00Z,2.2200,2.2200,,ETL,rv-1
OBS000800,N016,2026-03-05T16:00:00Z,2.3129,2.3129,,ETL,rv-4
OBS000801,N016,2026-03-09T08:00:00Z,2.2738,2.2738,,ETL,rv-8
OBS000802,N016,2026-03-12T16:00:00Z,2.0971,2.0971,,ETL,rv-4
OBS000803,N016,2026-03-16T08:00:00Z,1.7000,1.7000,,ETL,rv-2
OBS000804,N016,2026-03-19T16:00:00Z,2.1630,2.1630,,ETL,rv-1
OBS000805,N016,2026-03-23T08:00:00Z,2.2756,2.2756,,ETL,rv-4
OBS000806,N016,2026-03-26T16:00:00Z,2.1647,2.1647,,ETL,rv-8
OBS000807,N016,2026-03-30T08:00:00Z,2.0128,2.0128,,ETL,rv-4
OBS000808,N016,2026-04-02T16:00:00Z,2.5065,2.5065,,ETL,rv-3
OBS000809,N016,2026-04-06T08:00:00Z,2.4884,2.4884,,ETL,rv-2
OBS000810,N016,2026-04-09T16:00:00Z,2.2743,2.2743,,ETL,rv-6
OBS000811,N016,2026-04-13T08:00:00Z,##,1.9357,,ETL,rv-5
OBS000812,N016,2026-04-16T16:00:00Z,2.0529,2.0529,,ETL,rv-5
OBS000813,N016,2026-04-20T08:00:00Z,2.6005,2.6005,,ETL,rv-6
OBS000814,N016,2026-04-23T16:00:00Z,2.1517,2.1517,,ETL,rv-4
OBS000815,N016,2026-04-27T08:00:00Z,1.9620,1.9620,,ETL,rv-1
OBS000816,N016,2026-04-30T16:00:00Z,2.2068,2.2068,,ETL,rv-1
OBS000817,N016,2026-05-04T08:00:00Z,1.5045,1.5045,,ETL,rv-1
OBS000818,N016,2026-05-07T16:00:00Z,2.4235,2.4235,,ETL,rv-1
OBS000819,N016,2026-05-11T08:00:00Z,2.1674,2.1674,,ETL,rv-3
OBS000820,N016,2026-05-14T16:00:00Z,2.0465,2.0465,,ETL,rv-1
OBS000821,N016,2026-05-18T08:00:00Z,1.7117,1.7117,,ETL,rv-8
OBS000822,N016,2026-05-21T16:00:00Z,1.8500,1.8500,,ETL,rv-1
OBS000823,N016,2026-05-25T08:00:00Z,2.0893,2.0893,,ETL,rv-4
OBS000824,N016,2026-05-28T16:00:00Z,2.1124,2.1124,,ETL,rv-1
OBS000825,N016,2026-06-01T08:00:00Z,1.7446,1.7446,,ETL,rv-5
OBS000826,N016,2026-06-04T16:00:00Z,1.7750,1.7750,,ETL,rv-1
OBS000827,N016,2026-06-08T08:00:00Z,2.2784,2.2784,,ETL,rv-3
OBS000828,N016,2026-06-11T16:00:00Z,2.4563,2.4563,,ETL,rv-1
OBS000829,N016,2026-06-15T08:00:00Z,2.3520,2.3520,,ETL,rv-5
OBS000830,N016,2026-06-18T16:00:00Z,2.3994,2.3994,,ETL,rv-2
OBS000831,N016,2026-06-22T08:00:00Z,1.7464,1.7464,,ETL,rv-6
OBS000832,N016,2026-06-25T16:00:00Z,1.6552,1.6552,,ETL,rv-7
OBS000833,N017,2025-06-01T16:00:00Z,2.0739,2.0739,,LIS,rv-7
OBS000834,N017,2025-06-05T16:00:00Z,1.5923,1.5923,,LIS,rv-8
OBS000835,N017,2025-06-09T08:00:00Z,2.1991,2.1991,,LIS,rv-3
OBS000836,N017,2025-06-12T16:00:00Z,2.3288,2.3288,,LIS,rv-6
OBS000837,N017,2025-06-16T08:00:00Z,2.1713,2.1713,,LIS,rv-2
OBS000838,N017,2025-06-19T16:00:00Z,1.8858,1.8858,,LIS,rv-8
OBS000839,N017,2025-06-23T08:00:00Z,1.8037,1.8037,,LIS,rv-1
OBS000840,N017,2025-06-26T16:00:00Z,2.3995,2.3995,,LIS,rv-2
OBS000841,N017,2025-06-30T08:00:00Z,2.5497,2.5497,,LIS,rv-4
OBS000842,N017,2025-07-03T16:00:00Z,2.3257,2.3257,,LIS,rv-1
OBS000843,N017,2025-07-07T08:00:00Z,2.5452,2.5452,,LIS,rv-3
OBS000844,N017,2025-07-10T16:00:00Z,2.5181,2.5181,,LIS,rv-8
OBS000845,N017,2025-07-14T08:00:00Z,2.1469,2.1469,,LIS,rv-6
OBS000846,N017,2025-07-17T16:00:00Z,2.8318,2.8318,,LIS,rv-1
OBS000847,N017,2025-07-21T08:00:00Z,2.2050,2.2050,,LIS,rv-4
OBS000848,N017,2025-07-24T16:00:00Z,2.2685,2.2685,,LIS,rv-3
OBS000849,N017,2025-07-28T08:00:00Z,2.2689,2.2689,,LIS,rv-3
OBS000850,N017,2025-07-31T16:00:00Z,2.1230,2.1230,,LIS,rv-5
OBS000851,N017,2025-08-04T08:00:00Z,2.1495,2.1495,,LIS,rv-2
OBS000852,N017,2025-08-07T16:00:00Z,1.8292,1.8292,,LIS,rv-8
OBS000853,N017,2025-08-11T08:00:00Z,2.1830,2.1830,,LIS,rv-5
OBS000854,N017,2025-08-14T16:00:00Z,2.1982,2.1982,,LIS,rv-2
OBS000855,N017,2025-08-18T08:00:00Z,2.5047,2.5047,,LIS,rv-3
OBS000856,N017,2025-08-21T16:00:00Z,2.1978,2.1978,,LIS,rv-6
OBS000857,N017,2025-08-25T08:00:00Z,2.7982,2.7982,,LIS,rv-5
OBS000858,N017,2025-08-28T16:00:00Z,2.6450,2.6450,,LIS,rv-5
OBS000859,N017,2025-09-01T08:00:00Z,2.1015,2.1015,,LIS,rv-8
OBS000860,N017,2025-09-04T16:00:00Z,2.1650,2.1650,,LIS,rv-7
OBS000861,N017,2025-09-08T08:00:00Z,2.2551,2.2551,,LIS,rv-5
OBS000862,N017,2025-09-11T16:00:00Z,4.4131,4.4131,,LIS,rv-6
OBS000863,N017,2025-09-15T08:00:00Z,4.9459,4.9459,,LIS,rv-6
OBS000864,N017,2025-09-18T16:00:00Z,4.6106,4.6106,,LIS,rv-5
OBS000865,N017,2025-09-22T08:00:00Z,4.5924,4.5924,,LIS,rv-5
OBS000866,N017,2025-09-25T16:00:00Z,4.4483,4.4483,,LIS,rv-1
OBS000867,N017,2025-09-29T08:00:00Z,4.8282,4.8282,,LIS,rv-5
OBS000868,N017,2025-10-02T16:00:00Z,4.8280,4.8280,,LIS,rv-2
OBS000869,N017,2025-10-06T08:00:00Z,1.8613,1.8613,,LIS,rv-8
OBS000870,N017,2025-10-09T16:00:00Z,2.0566,2.0566,,LIS,rv-1
OBS000871,N017,2025-10-13T08:00:00Z,2.3169,2.3169,,LIS,rv-5
OBS000872,N017,2025-10-16T16:00:00Z,2.1137,2.1137,,LIS,rv-8
OBS000873,N017,2025-10-20T08:00:00Z,2.0530,2.0530,,LIS,rv-6
OBS000874,N017,2025-10-23T16:00:00Z,2.1111,2.1111,,LIS,rv-4
OBS000875,N017,2025-10-27T08:00:00Z,2.1277,2.1277,,LIS,rv-5
OBS000876,N017,2025-10-30T16:00:00Z,2.6368,2.6368,,LIS,rv-1
OBS000877,N017,2025-11-03T08:00:00Z,2.0678,2.0678,,LIS,rv-2
OBS000878,N017,2025-11-06T16:00:00Z,1.9563,1.9563,,LIS,rv-4
OBS000879,N017,2025-11-10T08:00:00Z,4.7769,4.7769,,LIS,rv-3
OBS000880,N017,2025-11-13T16:00:00Z,4.9614,4.9614,,LIS,rv-4
OBS000881,N017,2025-11-17T08:00:00Z,4.3219,4.3219,,LIS,rv-8
OBS000882,N017,2025-11-20T16:00:00Z,4.8128,4.8128,,LIS,rv-5
OBS000883,N017,2025-11-24T08:00:00Z,4.5373,4.5373,,LIS,rv-5
OBS000884,N017,2025-11-27T16:00:00Z,4.7117,4.7117,,LIS,rv-1
OBS000885,N017,2025-12-01T08:00:00Z,4.6492,4.6492,,LIS,rv-6
OBS000886,N017,2025-12-04T16:00:00Z,2.2654,2.2654,,LIS,rv-5
OBS000887,N017,2025-12-08T08:00:00Z,2.0963,2.0963,,LIS,rv-7
OBS000888,N017,2025-12-11T16:00:00Z,2.1669,2.1669,,LIS,rv-8
OBS000889,N017,2025-12-15T08:00:00Z,2.4946,2.4946,,LIS,rv-7
OBS000890,N017,2025-12-18T16:00:00Z,2.1248,2.1248,,LIS,rv-4
OBS000891,N017,2025-12-22T08:00:00Z,2.4499,2.4499,,LIS,rv-8
OBS000892,N017,2025-12-25T16:00:00Z,1.6794,1.6794,,LIS,rv-5
OBS000893,N017,2025-12-29T08:00:00Z,2.2935,2.2935,,LIS,rv-4
OBS000894,N017,2026-01-01T16:00:00Z,1.8249,1.8249,,LIS,rv-4
OBS000895,N017,2026-01-05T08:00:00Z,2.4588,2.4588,,LIS,rv-6
OBS000896,N017,2026-01-08T16:00:00Z,2.2331,2.2331,,LIS,rv-7
OBS000897,N017,2026-01-12T08:00:00Z,2.2308,2.2308,,LIS,rv-6
OBS000898,N017,2026-01-15T16:00:00Z,2.0627,2.0627,,LIS,rv-3
OBS000899,N017,2026-01-19T08:00:00Z,2.0968,2.0968,,LIS,rv-8
OBS000900,N017,2026-01-22T16:00:00Z,2.3051,2.3051,,LIS,rv-5
OBS000901,N017,2026-01-26T08:00:00Z,5.0044,5.0044,,LIS,rv-4
OBS000902,N017,2026-01-29T16:00:00Z,4.7023,4.7023,,LIS,rv-2
OBS000903,N017,2026-02-02T08:00:00Z,4.8604,4.8604,,LIS,rv-5
OBS000904,N017,2026-02-05T16:00:00Z,4.6648,4.6648,,LIS,rv-6
OBS000905,N017,2026-02-09T08:00:00Z,4.4943,4.4943,,LIS,rv-4
OBS000906,N017,2026-02-12T16:00:00Z,4.6044,4.6044,,LIS,rv-5
OBS000907,N017,2026-02-16T08:00:00Z,4.9550,4.9550,,LIS,rv-4
OBS000908,N017,2026-02-19T16:00:00Z,##,2.4533,,LIS,rv-7
OBS000909,N017,2026-02-23T08:00:00Z,2.3975,2.3975,,LIS,rv-3
OBS000910,N017,2026-02-26T16:00:00Z,2.2988,2.2988,,LIS,rv-6
OBS000911,N017,2026-03-02T08:00:00Z,2.1080,2.1080,,LIS,rv-3
OBS000912,N017,2026-03-05T16:00:00Z,4.6413,4.6413,,LIS,rv-6
OBS000913,N017,2026-03-09T08:00:00Z,4.1192,4.1192,,LIS,rv-8
OBS000914,N017,2026-03-12T16:00:00Z,5.1868,5.1868,,LIS,rv-4
OBS000915,N017,2026-03-16T08:00:00Z,4.6200,4.6200,,LIS,rv-8
OBS000916,N017,2026-03-19T16:00:00Z,4.8180,4.8180,,LIS,rv-2
OBS000917,N017,2026-03-23T08:00:00Z,4.9051,4.9051,,LIS,rv-3
OBS000918,N017,2026-03-26T16:00:00Z,4.6660,4.6660,,LIS,rv-4
OBS000919,N017,2026-03-30T08:00:00Z,2.2856,2.2856,,LIS,rv-8
OBS000920,N017,2026-04-02T16:00:00Z,1.8782,1.8782,,LIS,rv-1
OBS000921,N017,2026-04-06T08:00:00Z,2.5343,2.5343,,LIS,rv-1
OBS000922,N017,2026-04-09T16:00:00Z,4.5985,4.5985,,LIS,rv-1
OBS000923,N017,2026-04-13T08:00:00Z,4.5214,4.5214,,LIS,rv-2
OBS000924,N017,2026-04-16T16:00:00Z,4.7836,4.7836,,LIS,rv-4
OBS000925,N017,2026-04-20T08:00:00Z,4.9915,4.9915,,LIS,rv-5
OBS000926,N017,2026-04-23T16:00:00Z,4.7762,4.7762,,LIS,rv-8
OBS000927,N017,2026-04-27T08:00:00Z,4.9440,4.9440,,LIS,rv-2
OBS000928,N017,2026-04-30T16:00:00Z,4.7433,4.7433,,LIS,rv-4
OBS000929,N017,2026-05-04T08:00:00Z,2.0535,2.0535,,LIS,rv-2
OBS000930,N017,2026-05-07T16:00:00Z,1.7628,1.7628,,LIS,rv-4
OBS000931,N017,2026-05-11T08:00:00Z,2.2032,2.2032,,LIS,rv-7
OBS000932,N017,2026-05-14T16:00:00Z,1.9809,1.9809,,LIS,rv-7
OBS000933,N017,2026-05-18T08:00:00Z,4.9142,4.9142,,LIS,rv-5
OBS000934,N017,2026-05-21T16:00:00Z,4.7578,4.7578,,LIS,rv-5
OBS000935,N017,2026-05-25T08:00:00Z,4.3593,4.3593,,LIS,rv-6
OBS000936,N017,2026-05-28T16:00:00Z,4.4782,4.4782,,LIS,rv-1
OBS000937,N017,2026-06-01T08:00:00Z,4.9728,4.9728,,LIS,rv-1
OBS000938,N017,2026-06-04T16:00:00Z,4.1407,4.1407,,LIS,rv-7
OBS000939,N017,2026-06-08T08:00:00Z,3.9759,3.9759,,LIS,rv-2
OBS000940,N017,2026-06-11T16:00:00Z,2.1559,2.1559,,LIS,rv-7
OBS000941,N017,2026-06-15T08:00:00Z,2.2750,2.2750,,LIS,rv-5
OBS000942,N017,2026-06-18T16:00:00Z,1.9209,1.9209,,LIS,rv-1
OBS000943,N017,2026-06-22T08:00:00Z,1.7981,1.7981,,LIS,rv-2
OBS000944,N017,2026-06-25T16:00:00Z,2.1432,2.1432,,LIS,rv-1
OBS000945,N019,2025-06-01T16:00:00Z,2.3241,2.3241,,REPORT,rv-1
OBS000946,N019,2025-06-05T16:00:00Z,2.4793,2.4793,,REPORT,rv-2
OBS000947,N019,2025-06-09T08:00:00Z,2.2714,2.2714,,REPORT,rv-2
OBS000948,N019,2025-06-12T16:00:00Z,5.0073,5.0073,,REPORT,rv-2
OBS000949,N019,2025-06-16T08:00:00Z,4.7107,4.7107,,REPORT,rv-4
OBS000950,N019,2025-06-19T16:00:00Z,4.3373,4.3373,,REPORT,rv-5
OBS000951,N019,2025-06-23T08:00:00Z,4.3582,4.3582,,REPORT,rv-6
OBS000952,N019,2025-06-26T16:00:00Z,4.3329,4.3329,,REPORT,rv-1
OBS000953,N019,2025-06-30T08:00:00Z,4.3133,4.3133,,REPORT,rv-3
OBS000954,N019,2025-07-03T16:00:00Z,4.3123,4.3123,,REPORT,rv-2
OBS000955,N019,2025-07-07T08:00:00Z,2.4324,2.4324,,REPORT,rv-3
OBS000956,N019,2025-07-10T16:00:00Z,2.0841,2.0841,,REPORT,rv-2
OBS000957,N019,2025-07-14T08:00:00Z,2.1161,2.1161,,REPORT,rv-5
OBS000958,N019,2025-07-17T16:00:00Z,2.3094,2.3094,,REPORT,rv-5
OBS000959,N019,2025-07-21T08:00:00Z,4.5298,4.5298,,REPORT,rv-8
OBS000960,N019,2025-07-24T16:00:00Z,4.5897,4.5897,,REPORT,rv-4
OBS000961,N019,2025-07-28T08:00:00Z,4.2616,4.2616,,REPORT,rv-7
OBS000962,N019,2025-07-31T16:00:00Z,4.3713,4.3713,,REPORT,rv-5
OBS000963,N019,2025-08-04T08:00:00Z,4.3857,4.3857,,REPORT,rv-7
OBS000964,N019,2025-08-07T16:00:00Z,4.8406,4.8406,,REPORT,rv-8
OBS000965,N019,2025-08-11T08:00:00Z,4.3386,4.3386,,REPORT,rv-4
OBS000966,N019,2025-08-14T16:00:00Z,2.0751,2.0751,,REPORT,rv-1
OBS000967,N019,2025-08-18T08:00:00Z,2.6324,2.6324,,REPORT,rv-3
OBS000968,N019,2025-08-21T16:00:00Z,4.4202,4.4202,,REPORT,rv-2
OBS000969,N019,2025-08-25T08:00:00Z,4.5924,4.5924,,REPORT,rv-4
OBS000970,N019,2025-08-28T16:00:00Z,3.9435,3.9435,,REPORT,rv-1
OBS000971,N019,2025-09-01T08:00:00Z,4.9715,4.9715,,REPORT,rv-1
OBS000972,N019,2025-09-04T16:00:00Z,4.5198,4.5198,,REPORT,rv-6
OBS000973,N019,2025-09-08T08:00:00Z,4.2482,4.2482,,REPORT,rv-6
OBS000974,N019,2025-09-11T16:00:00Z,4.5331,4.5331,,REPORT,rv-8
OBS000975,N019,2025-09-15T08:00:00Z,2.2073,2.2073,,REPORT,rv-7
OBS000976,N019,2025-09-18T16:00:00Z,2.1899,2.1899,,REPORT,rv-6
OBS000977,N019,2025-09-22T08:00:00Z,2.5527,2.5527,,REPORT,rv-2
OBS000978,N019,2025-09-25T16:00:00Z,4.8210,4.8210,,REPORT,rv-4
OBS000979,N019,2025-09-29T08:00:00Z,5.0839,5.0839,,REPORT,rv-2
OBS000980,N019,2025-10-02T16:00:00Z,4.4157,4.4157,,REPORT,rv-8
OBS000981,N019,2025-10-06T08:00:00Z,4.9094,4.9094,,REPORT,rv-2
OBS000982,N019,2025-10-09T16:00:00Z,4.4663,4.4663,,REPORT,rv-7
OBS000983,N019,2025-10-13T08:00:00Z,4.6046,4.6046,,REPORT,rv-1
OBS000984,N019,2025-10-16T16:00:00Z,4.5791,4.5791,,REPORT,rv-8
OBS000985,N019,2025-10-20T08:00:00Z,2.2024,2.2024,,REPORT,rv-7
OBS000986,N019,2025-10-23T16:00:00Z,2.8131,2.8131,,REPORT,rv-3
OBS000987,N019,2025-10-27T08:00:00Z,2.2927,2.2927,,REPORT,rv-8
OBS000988,N019,2025-10-30T16:00:00Z,2.1562,2.1562,,REPORT,rv-8
OBS000989,N019,2025-11-03T08:00:00Z,4.5709,4.5709,,REPORT,rv-5
OBS000990,N019,2025-11-06T16:00:00Z,4.3596,4.3596,,REPORT,rv-3
OBS000991,N019,2025-11-10T08:00:00Z,4.6886,4.6886,,REPORT,rv-2
OBS000992,N019,2025-11-13T16:00:00Z,4.4294,4.4294,,REPORT,rv-6
OBS000993,N019,2025-11-17T08:00:00Z,4.5661,4.5661,,REPORT,rv-2
OBS000994,N019,2025-11-20T16:00:00Z,5.0130,5.0130,,REPORT,rv-5
OBS000995,N019,2025-11-24T08:00:00Z,2.5970,2.5970,,REPORT,rv-5
OBS000996,N019,2025-11-27T16:00:00Z,1.9130,1.9130,,REPORT,rv-2
OBS000997,N019,2025-12-01T08:00:00Z,1.9288,1.9288,,REPORT,rv-7
OBS000998,N019,2025-12-04T16:00:00Z,2.3519,2.3519,,REPORT,rv-6
OBS000999,N019,2025-12-08T08:00:00Z,2.2482,2.2482,,REPORT,rv-8
OBS001000,N019,2025-12-11T16:00:00Z,2.9895,2.9895,,REPORT,rv-4
OBS001001,N019,2025-12-15T08:00:00Z,2.2461,2.2461,,REPORT,rv-7
OBS001002,N019,2025-12-18T16:00:00Z,2.4967,2.4967,,REPORT,rv-8
OBS001003,N019,2025-12-22T08:00:00Z,2.5137,2.5137,,REPORT,rv-6
OBS001004,N019,2025-12-25T16:00:00Z,2.3524,2.3524,,REPORT,rv-2
OBS001005,N019,2025-12-29T08:00:00Z,2.1598,2.1598,,REPORT,rv-3
OBS001006,N019,2026-01-01T16:00:00Z,2.4640,2.4640,,REPORT,rv-1
OBS001007,N019,2026-01-05T08:00:00Z,2.0861,2.0861,,REPORT,rv-2
OBS001008,N019,2026-01-08T16:00:00Z,1.9294,1.9294,,REPORT,rv-4
OBS001009,N019,2026-01-12T08:00:00Z,2.1308,2.1308,,REPORT,rv-6
OBS001010,N019,2026-01-15T16:00:00Z,2.0188,2.0188,,REPORT,rv-7
OBS001011,N019,2026-01-19T08:00:00Z,2.2338,2.2338,,REPORT,rv-3
OBS001012,N019,2026-01-22T16:00:00Z,2.0270,2.0270,,REPORT,rv-8
OBS001013,N019,2026-01-26T08:00:00Z,2.6326,2.6326,,REPORT,rv-5
OBS001014,N019,2026-01-29T16:00:00Z,2.3231,2.3231,,REPORT,rv-3
OBS001015,N019,2026-02-02T08:00:00Z,2.4294,2.4294,,REPORT,rv-7
OBS001016,N019,2026-02-05T16:00:00Z,2.0589,2.0589,,REPORT,rv-2
OBS001017,N019,2026-02-09T08:00:00Z,2.2274,2.2274,,REPORT,rv-7
OBS001018,N019,2026-02-12T16:00:00Z,2.3144,2.3144,,REPORT,rv-6
OBS001019,N019,2026-02-16T08:00:00Z,2.3959,2.3959,,REPORT,rv-5
OBS001020,N019,2026-02-19T16:00:00Z,2.0297,2.0297,,REPORT,rv-2
OBS001021,N019,2026-02-23T08:00:00Z,1.9002,1.9002,,REPORT,rv-2
OBS001022,N019,2026-02-26T16:00:00Z,2.7290,2.7290,,REPORT,rv-6
OBS001023,N019,2026-03-02T08:00:00Z,1.7369,1.7369,,REPORT,rv-2
OBS001024,N019,2026-03-05T16:00:00Z,1.8645,1.8645,,REPORT,rv-5
OBS001025,N019,2026-03-09T08:00:00Z,2.0961,2.0961,,REPORT,rv-2
OBS001026,N019,2026-03-12T16:00:00Z,2.3160,2.3160,,REPORT,rv-3
OBS001027,N019,2026-03-16T08:00:00Z,2.3305,2.3305,,REPORT,rv-5
OBS001028,N019,2026-03-19T16:00:00Z,2.3352,2.3352,,REPORT,rv-7
OBS001029,N019,2026-03-23T08:00:00Z,1.9491,1.9491,,REPORT,rv-1
OBS001030,N019,2026-03-26T16:00:00Z,2.4883,2.4883,,REPORT,rv-7
OBS001031,N019,2026-03-30T08:00:00Z,2.4246,2.4246,,REPORT,rv-6
OBS001032,N019,2026-04-02T16:00:00Z,2.4349,2.4349,,REPORT,rv-7
OBS001033,N019,2026-04-06T08:00:00Z,2.2999,2.2999,,REPORT,rv-2
OBS001034,N019,2026-04-09T16:00:00Z,2.3333,2.3333,,REPORT,rv-8
OBS001035,N019,2026-04-13T08:00:00Z,2.5812,2.5812,,REPORT,rv-6
OBS001036,N019,2026-04-16T16:00:00Z,2.3543,2.3543,,REPORT,rv-7
OBS001037,N019,2026-04-20T08:00:00Z,2.4073,2.4073,,REPORT,rv-8
OBS001038,N019,2026-04-23T16:00:00Z,2.1735,2.1735,,REPORT,rv-6
OBS001039,N019,2026-04-27T08:00:00Z,2.1271,2.1271,,REPORT,rv-3
OBS001040,N019,2026-04-30T16:00:00Z,1.8036,1.8036,,REPORT,rv-4
OBS001041,N019,2026-05-04T08:00:00Z,2.5714,2.5714,,REPORT,rv-1
OBS001042,N019,2026-05-07T16:00:00Z,2.2547,2.2547,,REPORT,rv-3
OBS001043,N019,2026-05-11T08:00:00Z,2.1518,2.1518,,REPORT,rv-1
OBS001044,N019,2026-05-14T16:00:00Z,2.5770,2.5770,,REPORT,rv-3
OBS001045,N019,2026-05-18T08:00:00Z,2.4024,2.4024,,REPORT,rv-2
OBS001046,N019,2026-05-21T16:00:00Z,2.2188,2.2188,,REPORT,rv-5
OBS001047,N019,2026-05-25T08:00:00Z,1.9310,1.9310,,REPORT,rv-8
OBS001048,N019,2026-05-28T16:00:00Z,2.3946,2.3946,,REPORT,rv-7
OBS001049,N019,2026-06-01T08:00:00Z,1.9022,1.9022,,REPORT,rv-2
OBS001050,N019,2026-06-04T16:00:00Z,1.9030,1.9030,,REPORT,rv-7
OBS001051,N019,2026-06-08T08:00:00Z,2.4970,2.4970,,REPORT,rv-4
OBS001052,N019,2026-06-11T16:00:00Z,2.2272,2.2272,,REPORT,rv-1
OBS001053,N019,2026-06-15T08:00:00Z,1.8874,1.8874,,REPORT,rv-1
OBS001054,N019,2026-06-18T16:00:00Z,2.0729,2.0729,,REPORT,rv-6
OBS001055,N019,2026-06-22T08:00:00Z,2.3309,2.3309,,REPORT,rv-2
OBS001056,N019,2026-06-25T16:00:00Z,2.2839,2.2839,,REPORT,rv-2
OBS001057,N022,2025-06-01T16:00:00Z,mg/dL,,mg/dL,REPORT,rv-5
OBS001058,N022,2025-06-05T16:00:00Z,mg/dL,,mg/dL,REPORT,rv-2
OBS001059,N022,2025-06-09T08:00:00Z,mg/dL,,mg/dL,REPORT,rv-4
OBS001060,N022,2025-06-12T16:00:00Z,mg/dL,,mg/dL,REPORT,rv-6
OBS001061,N022,2025-06-16T08:00:00Z,mg/dL,,mg/dL,REPORT,rv-5
OBS001062,N022,2025-06-19T16:00:00Z,mg/dL,,mg/dL,REPORT,rv-6
OBS001063,N022,2025-06-23T08:00:00Z,mg/dL,,mg/dL,REPORT,rv-2
OBS001064,N022,2025-06-26T16:00:00Z,mg/dL,,mg/dL,REPORT,rv-8
OBS001065,N022,2025-06-30T08:00:00Z,mg/dL,,mg/dL,REPORT,rv-2
OBS001066,N022,2025-07-03T16:00:00Z,mg/dL,,mg/dL,REPORT,rv-7
OBS001067,N022,2025-07-07T08:00:00Z,ug/dL,,ug/dL,REPORT,rv-6
OBS001068,N022,2025-07-10T16:00:00Z,ug/dL,,ug/dL,REPORT,rv-8
OBS001069,N022,2025-07-14T08:00:00Z,ug/dL,,ug/dL,REPORT,rv-2
OBS001070,N022,2025-07-17T16:00:00Z,ug/dL,,ug/dL,REPORT,rv-3
OBS001071,N022,2025-07-21T08:00:00Z,ug/dL,,ug/dL,REPORT,rv-1
OBS001072,N022,2025-07-24T16:00:00Z,ug/dL,,ug/dL,REPORT,rv-6
OBS001073,N022,2025-07-28T08:00:00Z,ug/dL,,ug/dL,REPORT,rv-2
OBS001074,N022,2025-07-31T16:00:00Z,mg/dL,,mg/dL,REPORT,rv-5
OBS001075,N022,2025-08-04T08:00:00Z,mg/dL,,mg/dL,REPORT,rv-3
OBS001076,N022,2025-08-07T16:00:00Z,mg/dL,,mg/dL,REPORT,rv-3
OBS001077,N022,2025-08-11T08:00:00Z,mg/dL,,mg/dL,REPORT,rv-3
OBS001078,N022,2025-08-14T16:00:00Z,ng/mL,,ng/mL,REPORT,rv-5
OBS001079,N022,2025-08-18T08:00:00Z,ng/mL,,ng/mL,REPORT,rv-4
OBS001080,N022,2025-08-21T16:00:00Z,ng/mL,,ng/mL,REPORT,rv-8
OBS001081,N022,2025-08-25T08:00:00Z,ng/mL,,ng/mL,REPORT,rv-6
OBS001082,N022,2025-08-28T16:00:00Z,ng/mL,,ng/mL,REPORT,rv-5
OBS001083,N022,2025-09-01T08:00:00Z,ng/mL,,ng/mL,REPORT,rv-4
OBS001084,N022,2025-09-04T16:00:00Z,ng/mL,,ng/mL,REPORT,rv-4
OBS001085,N022,2025-09-08T08:00:00Z,mg/dL,,mg/dL,REPORT,rv-2
OBS001086,N022,2025-09-11T16:00:00Z,mg/dL,,mg/dL,REPORT,rv-2
OBS001087,N022,2025-09-15T08:00:00Z,U/L,,U/L,REPORT,rv-5
OBS001088,N022,2025-09-18T16:00:00Z,U/L,,U/L,REPORT,rv-2
OBS001089,N022,2025-09-22T08:00:00Z,U/L,,U/L,REPORT,rv-6
OBS001090,N022,2025-09-25T16:00:00Z,U/L,,U/L,REPORT,rv-8
OBS001091,N022,2025-09-29T08:00:00Z,U/L,,U/L,REPORT,rv-7
OBS001092,N022,2025-10-02T16:00:00Z,U/L,,U/L,REPORT,rv-1
OBS001093,N022,2025-10-06T08:00:00Z,U/L,,U/L,REPORT,rv-1
OBS001094,N022,2025-10-09T16:00:00Z,mg/dL,,mg/dL,REPORT,rv-1
OBS001095,N022,2025-10-13T08:00:00Z,mg/dL,,mg/dL,REPORT,rv-2
OBS001096,N022,2025-10-16T16:00:00Z,x10E9/L,,x10E9/L,REPORT,rv-1
OBS001097,N022,2025-10-20T08:00:00Z,x10E9/L,,x10E9/L,REPORT,rv-8
OBS001098,N022,2025-10-23T16:00:00Z,x10E9/L,,x10E9/L,REPORT,rv-6
OBS001099,N022,2025-10-27T08:00:00Z,x10E9/L,,x10E9/L,REPORT,rv-3
OBS001100,N022,2025-10-30T16:00:00Z,x10E9/L,,x10E9/L,REPORT,rv-7
OBS001101,N022,2025-11-03T08:00:00Z,x10E9/L,,x10E9/L,REPORT,rv-7
OBS001102,N022,2025-11-06T16:00:00Z,x10E9/L,,x10E9/L,REPORT,rv-8
OBS001103,N022,2025-11-10T08:00:00Z,mg/dL,,mg/dL,REPORT,rv-1
OBS001104,N022,2025-11-13T16:00:00Z,mg/dL,,mg/dL,REPORT,rv-6
OBS001105,N022,2025-11-17T08:00:00Z,mg/dL,,mg/dL,REPORT,rv-5
OBS001106,N022,2025-11-20T16:00:00Z,ug/dL,,ug/dL,REPORT,rv-2
OBS001107,N022,2025-11-24T08:00:00Z,ug/dL,,ug/dL,REPORT,rv-6
OBS001108,N022,2025-11-27T16:00:00Z,ug/dL,,ug/dL,REPORT,rv-7
OBS001109,N022,2025-12-01T08:00:00Z,ug/dL,,ug/dL,REPORT,rv-1
OBS001110,N022,2025-12-04T16:00:00Z,ug/dL,,ug/dL,REPORT,rv-7
OBS001111,N022,2025-12-08T08:00:00Z,ug/dL,,ug/dL,REPORT,rv-1
OBS001112,N022,2025-12-11T16:00:00Z,ug/dL,,ug/dL,REPORT,rv-4
OBS001113,N022,2025-12-15T08:00:00Z,mg/dL,,mg/dL,REPORT,rv-3
OBS001114,N022,2025-12-18T16:00:00Z,mg/dL,,mg/dL,REPORT,rv-5
OBS001115,N022,2025-12-22T08:00:00Z,ng/mL,,ng/mL,REPORT,rv-3
OBS001116,N022,2025-12-25T16:00:00Z,ng/mL,,ng/mL,REPORT,rv-6
OBS001117,N022,2025-12-29T08:00:00Z,ng/mL,,ng/mL,REPORT,rv-2
OBS001118,N022,2026-01-01T16:00:00Z,ng/mL,,ng/mL,REPORT,rv-7
OBS001119,N022,2026-01-05T08:00:00Z,ng/mL,,ng/mL,REPORT,rv-6
OBS001120,N022,2026-01-08T16:00:00Z,ng/mL,,ng/mL,REPORT,rv-5
OBS001121,N022,2026-01-12T08:00:00Z,ng/mL,,ng/mL,REPORT,rv-4
OBS001122,N022,2026-01-15T16:00:00Z,mg/dL,,mg/dL,REPORT,rv-6
OBS001123,N022,2026-01-19T08:00:00Z,mg/dL,,mg/dL,REPORT,rv-7
OBS001124,N022,2026-01-22T16:00:00Z,U/L,,U/L,REPORT,rv-3
OBS001125,N022,2026-01-26T08:00:00Z,U/L,,U/L,REPORT,rv-6
OBS001126,N022,2026-01-29T16:00:00Z,U/L,,U/L,REPORT,rv-5
OBS001127,N022,2026-02-02T08:00:00Z,U/L,,U/L,REPORT,rv-1
OBS001128,N022,2026-02-05T16:00:00Z,U/L,,U/L,REPORT,rv-6
OBS001129,N022,2026-02-09T08:00:00Z,U/L,,U/L,REPORT,rv-7
OBS001130,N022,2026-02-12T16:00:00Z,U/L,,U/L,REPORT,rv-6
OBS001131,N022,2026-02-16T08:00:00Z,mg/dL,,mg/dL,REPORT,rv-2
OBS001132,N022,2026-02-19T16:00:00Z,mg/dL,,mg/dL,REPORT,rv-8
OBS001133,N022,2026-02-23T08:00:00Z,x10E9/L,,x10E9/L,REPORT,rv-2
OBS001134,N022,2026-02-26T16:00:00Z,x10E9/L,,x10E9/L,REPORT,rv-2
OBS001135,N022,2026-03-02T08:00:00Z,x10E9/L,,x10E9/L,REPORT,rv-2
OBS001136,N022,2026-03-05T16:00:00Z,##,,x10E9/L,REPORT,rv-8
OBS001137,N022,2026-03-09T08:00:00Z,x10E9/L,,x10E9/L,REPORT,rv-7
OBS001138,N022,2026-03-12T16:00:00Z,x10E9/L,,x10E9/L,REPORT,rv-7
OBS001139,N022,2026-03-16T08:00:00Z,"9,9",,x10E9/L,REPORT,rv-2
OBS001140,N022,2026-03-19T16:00:00Z,mg/dL,,mg/dL,REPORT,rv-4
OBS001141,N022,2026-03-23T08:00:00Z,mg/dL,,mg/dL,REPORT,rv-6
OBS001142,N022,2026-03-26T16:00:00Z,mg/dL,,mg/dL,REPORT,rv-7
OBS001143,N022,2026-03-30T08:00:00Z,ug/dL,,ug/dL,REPORT,rv-6
OBS001144,N022,2026-04-02T16:00:00Z,ug/dL,,ug/dL,REPORT,rv-5
OBS001145,N022,2026-04-06T08:00:00Z,ug/dL,,ug/dL,REPORT,rv-2
OBS001146,N022,2026-04-09T16:00:00Z,ug/dL,,ug/dL,REPORT,rv-8
OBS001147,N022,2026-04-13T08:00:00Z,ug/dL,,ug/dL,REPORT,rv-7
OBS001148,N022,2026-04-16T16:00:00Z,ug/dL,,ug/dL,REPORT,rv-2
OBS001149,N022,2026-04-20T08:00:00Z,ug/dL,,ug/dL,REPORT,rv-5
OBS001150,N022,2026-04-23T16:00:00Z,"9,9",,mg/dL,REPORT,rv-6
OBS001151,N022,2026-04-27T08:00:00Z,mg/dL,,mg/dL,REPORT,rv-6
OBS001152,N022,2026-04-30T16:00:00Z,mg/dL,,mg/dL,REPORT,rv-4
OBS001153,N022,2026-05-04T08:00:00Z,mg/dL,,mg/dL,REPORT,rv-3
OBS001154,N022,2026-05-07T16:00:00Z,mg/dL,,mg/dL,REPORT,rv-2
OBS001155,N022,2026-05-11T08:00:00Z,mg/dL,,mg/dL,REPORT,rv-8
OBS001156,N022,2026-05-14T16:00:00Z,mg/dL,,mg/dL,REPORT,rv-8
OBS001157,N022,2026-05-18T08:00:00Z,mg/dL,,mg/dL,REPORT,rv-4
OBS001158,N022,2026-05-21T16:00:00Z,mg/dL,,mg/dL,REPORT,rv-6
OBS001159,N022,2026-05-25T08:00:00Z,mg/dL,,mg/dL,REPORT,rv-4
OBS001160,N022,2026-05-28T16:00:00Z,mg/dL,,mg/dL,REPORT,rv-2
OBS001161,N022,2026-06-01T08:00:00Z,mg/dL,,mg/dL,REPORT,rv-6
OBS001162,N022,2026-06-04T16:00:00Z,mg/dL,,mg/dL,REPORT,rv-5
OBS001163,N022,2026-06-08T08:00:00Z,mg/dL,,mg/dL,REPORT,rv-6
OBS001164,N022,2026-06-11T16:00:00Z,mg/dL,,mg/dL,REPORT,rv-8
OBS001165,N022,2026-06-15T08:00:00Z,mg/dL,,mg/dL,REPORT,rv-6
OBS001166,N022,2026-06-18T16:00:00Z,mg/dL,,mg/dL,REPORT,rv-7
OBS001167,N022,2026-06-22T08:00:00Z,mg/dL,,mg/dL,REPORT,rv-2
OBS001168,N022,2026-06-25T16:00:00Z,mg/dL,,mg/dL,REPORT,rv-6
OBS001169,N024,2025-06-01T16:00:00Z,GLUC,,,REPORT,rv-5
OBS001170,N024,2025-06-05T16:00:00Z,PLT,,,REPORT,rv-5
OBS001171,N024,2025-06-09T08:00:00Z,GLUC,,,REPORT,rv-2
OBS001172,N024,2025-06-12T16:00:00Z,AST,,,REPORT,rv-6
OBS001173,N024,2025-06-16T08:00:00Z,CREA,,,REPORT,rv-6
OBS001174,N024,2025-06-19T16:00:00Z,HGB,,,REPORT,rv-8
OBS001175,N024,2025-06-23T08:00:00Z,CREA,,,REPORT,rv-2
OBS001176,N024,2025-06-26T16:00:00Z,"1,23",,,REPORT,rv-1
OBS001177,N024,2025-06-30T08:00:00Z,#ERR,,,REPORT,rv-8
OBS001178,N024,2025-07-03T16:00:00Z,WBC,,,REPORT,rv-6
OBS001179,N024,2025-07-07T08:00:00Z,CREA,,,REPORT,rv-1
OBS001180,N024,2025-07-10T16:00:00Z,ALT,,,REPORT,rv-6
OBS001181,N024,2025-07-14T08:00:00Z,AST,,,REPORT,rv-8
OBS001182,N024,2025-07-17T16:00:00Z,CREA,,,REPORT,rv-6
OBS001183,N024,2025-07-21T08:00:00Z,GLUC,,,REPORT,rv-5
OBS001184,N024,2025-07-24T16:00:00Z,TSH,,,REPORT,rv-3
OBS001185,N024,2025-07-28T08:00:00Z,#ERR,,,REPORT,rv-7
OBS001186,N024,2025-07-31T16:00:00Z,ALT,,,REPORT,rv-1
OBS001187,N024,2025-08-04T08:00:00Z,#ERR,,,REPORT,rv-7
OBS001188,N024,2025-08-07T16:00:00Z,AST,,,REPORT,rv-7
OBS001189,N024,2025-08-11T08:00:00Z,ALT,,,REPORT,rv-1
OBS001190,N024,2025-08-14T16:00:00Z,HGB,,,REPORT,rv-2
OBS001191,N024,2025-08-18T08:00:00Z,CREA,,,REPORT,rv-2
OBS001192,N024,2025-08-21T16:00:00Z,HGB,,,REPORT,rv-1
OBS001193,N024,2025-08-25T08:00:00Z,PLT,,,REPORT,rv-4
OBS001194,N024,2025-08-28T16:00:00Z,"1,23",,,REPORT,rv-5
OBS001195,N024,2025-09-01T08:00:00Z,#!,,,REPORT,rv-8
OBS001196,N024,2025-09-04T16:00:00Z,WBC,,,REPORT,rv-4
OBS001197,N024,2025-09-08T08:00:00Z,HGB,,,REPORT,rv-5
OBS001198,N024,2025-09-11T16:00:00Z,TSH,,,REPORT,rv-8
OBS001199,N024,2025-09-15T08:00:00Z,ALT,,,REPORT,rv-5
OBS001200,N024,2025-09-18T16:00:00Z,TSH,,,REPORT,rv-6
OBS001201,N024,2025-09-22T08:00:00Z,CREA,,,REPORT,rv-7
OBS001202,N024,2025-09-25T16:00:00Z,AST,,,REPORT,rv-4
OBS001203,N024,2025-09-29T08:00:00Z,#ERR,,,REPORT,rv-6
OBS001204,N024,2025-10-02T16:00:00Z,#ERR,,,REPORT,rv-8
OBS001205,N024,2025-10-06T08:00:00Z,AST,,,REPORT,rv-5
OBS001206,N024,2025-10-09T16:00:00Z,GLUC,,,REPORT,rv-8
OBS001207,N024,2025-10-13T08:00:00Z,CREA,,,REPORT,rv-8
OBS001208,N024,2025-10-16T16:00:00Z,WBC,,,REPORT,rv-7
OBS001209,N024,2025-10-20T08:00:00Z,PLT,,,REPORT,rv-1
OBS001210,N024,2025-10-23T16:00:00Z,AST,,,REPORT,rv-4
OBS001211,N024,2025-10-27T08:00:00Z,"1,23",,,REPORT,rv-2
OBS001212,N024,2025-10-30T16:00:00Z,#!,,,REPORT,rv-7
OBS001213,N024,2025-11-03T08:00:00Z,TSH,,,REPORT,rv-6
OBS001214,N024,2025-11-06T16:00:00Z,CREA,,,REPORT,rv-4
OBS001215,N024,2025-11-10T08:00:00Z,TSH,,,REPORT,rv-8
OBS001216,N024,2025-11-13T16:00:00Z,AST,,,REPORT,rv-8
OBS001217,N024,2025-11-17T08:00:00Z,HGB,,,REPORT,rv-2
OBS001218,N024,2025-11-20T16:00:00Z,??,,,REPORT,rv-3
OBS001219,N024,2025-11-24T08:00:00Z,"1,23",,,REPORT,rv-4
OBS001220,N024,2025-11-27T16:00:00Z,WBC,,,REPORT,rv-3
OBS001221,N024,2025-12-01T08:00:00Z,GLUC,,,REPORT,rv-3
OBS001222,N024,2025-12-04T16:00:00Z,GLUC,,,REPORT,rv-5
OBS001223,N024,2025-12-08T08:00:00Z,TSH,,,REPORT,rv-4
OBS001224,N024,2025-12-11T16:00:00Z,CREA,,,REPORT,rv-6
OBS001225,N024,2025-12-15T08:00:00Z,ALT,,,REPORT,rv-3
OBS001226,N024,2025-12-18T16:00:00Z,#!,,,REPORT,rv-5
OBS001227,N024,2025-12-22T08:00:00Z,"1,23",,,REPORT,rv-1
OBS001228,N024,2025-12-25T16:00:00Z,WBC,,,REPORT,rv-3
OBS001229,N024,2025-12-29T08:00:00Z,PLT,,,REPORT,rv-1
OBS001230,N024,2026-01-01T16:00:00Z,ALT,,,REPORT,rv-6
OBS001231,N024,2026-01-05T08:00:00Z,TSH,,,REPORT,rv-6
OBS001232,N024,2026-01-08T16:00:00Z,HGB,,,REPORT,rv-5
OBS001233,N024,2026-01-12T08:00:00Z,GLUC,,,REPORT,rv-8
OBS001234,N024,2026-01-15T16:00:00Z,#!,,,REPORT,rv-7
OBS001235,N024,2026-01-19T08:00:00Z,AST,,,REPORT,rv-2
OBS001236,N024,2026-01-22T16:00:00Z,??,,,REPORT,rv-4
OBS001237,N024,2026-01-26T08:00:00Z,HGB,,,REPORT,rv-4
OBS001238,N024,2026-01-29T16:00:00Z,TSH,,,REPORT,rv-1
OBS001239,N024,2026-02-02T08:00:00Z,TSH,,,REPORT,rv-6
OBS001240,N024,2026-02-05T16:00:00Z,PLT,,,REPORT,rv-1
OBS001241,N024,2026-02-09T08:00:00Z,PLT,,,REPORT,rv-6
OBS001242,N024,2026-02-12T16:00:00Z,WBC,,,REPORT,rv-3
OBS001243,N024,2026-02-16T08:00:00Z,#ERR,,,REPORT,rv-3
OBS001244,N024,2026-02-19T16:00:00Z,#!,,,REPORT,rv-2
OBS001245,N024,2026-02-23T08:00:00Z,HGB,,,REPORT,rv-1
OBS001246,N024,2026-02-26T16:00:00Z,WBC,,,REPORT,rv-1
OBS001247,N024,2026-03-02T08:00:00Z,TSH,,,REPORT,rv-3
OBS001248,N024,2026-03-05T16:00:00Z,CREA,,,REPORT,rv-3
OBS001249,N024,2026-03-09T08:00:00Z,??,,,REPORT,rv-6
OBS001250,N024,2026-03-12T16:00:00Z,#ERR,,,REPORT,rv-3
OBS001251,N024,2026-03-16T08:00:00Z,ALT,,,REPORT,rv-7
OBS001252,N024,2026-03-19T16:00:00Z,WBC,,,REPORT,rv-8
OBS001253,N024,2026-03-23T08:00:00Z,AST,,,REPORT,rv-2
OBS001254,N024,2026-03-26T16:00:00Z,CREA,,,REPORT,rv-6
OBS001255,N024,2026-03-30T08:00:00Z,CREA,,,REPORT,rv-4
OBS001256,N024,2026-04-02T16:00:00Z,ALT,,,REPORT,rv-5
OBS001257,N024,2026-04-06T08:00:00Z,#!,,,REPORT,rv-2
OBS001258,N024,2026-04-09T16:00:00Z,"1,23",,,REPORT,rv-7
OBS001259,N024,2026-04-13T08:00:00Z,AST,,,REPORT,rv-6
OBS001260,N024,2026-04-16T16:00:00Z,HGB,,,REPORT,rv-7
OBS001261,N024,2026-04-20T08:00:00Z,GLUC,,,REPORT,rv-2
OBS001262,N024,2026-04-23T16:00:00Z,HGB,,,REPORT,rv-2
OBS001263,N024,2026-04-27T08:00:00Z,ALT,,,REPORT,rv-5
OBS001264,N024,2026-04-30T16:00:00Z,WBC,,,REPORT,rv-3
OBS001265,N024,2026-05-04T08:00:00Z,ALT,,,REPORT,rv-5
OBS001266,N024,2026-05-07T16:00:00Z,#ERR,,,REPORT,rv-8
OBS001267,N024,2026-05-11T08:00:00Z,#!,,,REPORT,rv-7
OBS001268,N024,2026-05-14T16:00:00Z,ALT,,,REPORT,rv-6
OBS001269,N024,2026-05-18T08:00:00Z,ALT,,,REPORT,rv-4
OBS001270,N024,2026-05-21T16:00:00Z,AST,,,REPORT,rv-1
OBS001271,N024,2026-05-25T08:00:00Z,AST,,,REPORT,rv-4
OBS001272,N024,2026-05-28T16:00:00Z,CREA,,,REPORT,rv-2
OBS001273,N024,2026-06-01T08:00:00Z,WBC,,,REPORT,rv-5
OBS001274,N024,2026-06-04T16:00:00Z,PLT,,,REPORT,rv-3
OBS001275,N024,2026-06-08T08:00:00Z,CREA,,,REPORT,rv-6
OBS001276,N024,2026-06-11T16:00:00Z,PLT,,,REPORT,rv-7
OBS001277,N024,2026-06-15T08:00:00Z,ALT,,,REPORT,rv-7
OBS001278,N024,2026-06-18T16:00:00Z,WBC,,,REPORT,rv-8
OBS001279,N024,2026-06-22T08:00:00Z,HGB,,,REPORT,rv-7
OBS001280,N024,2026-06-25T16:00:00Z,CREA,,,REPORT,rv-8
OBS001281,N027,2025-06-01T16:00:00Z,PLA,,,REPORT,rv-1
OBS001282,N027,2025-06-05T16:00:00Z,PLA,,,REPORT,rv-5
OBS001283,N027,2025-06-09T08:00:00Z,SER,,,REPORT,rv-6
OBS001284,N027,2025-06-12T16:00:00Z,SER,,,REPORT,rv-4
OBS001285,N027,2025-06-16T08:00:00Z,SER,,,REPORT,rv-3
OBS001286,N027,2025-06-19T16:00:00Z,SER,,,REPORT,rv-3
OBS001287,N027,2025-06-23T08:00:00Z,SER,,,REPORT,rv-6
OBS001288,N027,2025-06-26T16:00:00Z,SER,,,REPORT,rv-3
OBS001289,N027,2025-06-30T08:00:00Z,SER,,,REPORT,rv-1
OBS001290,N027,2025-07-03T16:00:00Z,SER,,,REPORT,rv-6
OBS001291,N027,2025-07-07T08:00:00Z,SER,,,REPORT,rv-3
OBS001292,N027,2025-07-10T16:00:00Z,SER,,,REPORT,rv-8
OBS001293,N027,2025-07-14T08:00:00Z,SER,,,REPORT,rv-1
OBS001294,N027,2025-07-17T16:00:00Z,SER,,,REPORT,rv-6
OBS001295,N027,2025-07-21T08:00:00Z,WHL,,,REPORT,rv-6
OBS001296,N027,2025-07-24T16:00:00Z,SER,,,REPORT,rv-1
OBS001297,N027,2025-07-28T08:00:00Z,SER,,,REPORT,rv-7
OBS001298,N027,2025-07-31T16:00:00Z,SER,,,REPORT,rv-7
OBS001299,N027,2025-08-04T08:00:00Z,PLA,,,REPORT,rv-1
OBS001300,N027,2025-08-07T16:00:00Z,SER,,,REPORT,rv-8
OBS001301,N027,2025-08-11T08:00:00Z,SER,,,REPORT,rv-5
OBS001302,N027,2025-08-14T16:00:00Z,SER,,,REPORT,rv-7
OBS001303,N027,2025-08-18T08:00:00Z,PLA,,,REPORT,rv-8
OBS001304,N027,2025-08-21T16:00:00Z,PLA,,,REPORT,rv-6
OBS001305,N027,2025-08-25T08:00:00Z,PLA,,,REPORT,rv-8
OBS001306,N027,2025-08-28T16:00:00Z,?8,,,REPORT,rv-8
OBS001307,N027,2025-09-01T08:00:00Z,SER,,,REPORT,rv-3
OBS001308,N027,2025-09-04T16:00:00Z,SER,,,REPORT,rv-6
OBS001309,N027,2025-09-08T08:00:00Z,,,,REPORT,rv-1
OBS001310,N027,2025-09-11T16:00:00Z,,,,REPORT,rv-5
OBS001311,N027,2025-09-15T08:00:00Z,WHL,,,REPORT,rv-5
OBS001312,N027,2025-09-18T16:00:00Z,SER,,,REPORT,rv-2
OBS001313,N027,2025-09-22T08:00:00Z,WHL,,,REPORT,rv-6
OBS001314,N027,2025-09-25T16:00:00Z,PLA,,,REPORT,rv-3
OBS001315,N027,2025-09-29T08:00:00Z,SER,,,REPORT,rv-6
OBS001316,N027,2025-10-02T16:00:00Z,WHL,,,REPORT,rv-5
OBS001317,N027,2025-10-06T08:00:00Z,SER,,,REPORT,rv-2
OBS001318,N027,2025-10-09T16:00:00Z,SER,,,REPORT,rv-7
OBS001319,N027,2025-10-13T08:00:00Z,,,,REPORT,rv-5
OBS001320,N027,2025-10-16T16:00:00Z,,,,REPORT,rv-5
OBS001321,N027,2025-10-20T08:00:00Z,,,,REPORT,rv-8
OBS001322,N027,2025-10-23T16:00:00Z,SER,,,REPORT,rv-2
OBS001323,N027,2025-10-27T08:00:00Z,SER,,,REPORT,rv-5
OBS001324,N027,2025-10-30T16:00:00Z,SER,,,REPORT,rv-3
OBS001325,N027,2025-11-03T08:00:00Z,WHL,,,REPORT,rv-3
OBS001326,N027,2025-11-06T16:00:00Z,SER,,,REPORT,rv-6
OBS001327,N027,2025-11-10T08:00:00Z,SER,,,REPORT,rv-8
OBS001328,N027,2025-11-13T16:00:00Z,SER,,,REPORT,rv-3
OBS001329,N027,2025-11-17T08:00:00Z,SER,,,REPORT,rv-5
OBS001330,N027,2025-11-20T16:00:00Z,SER,,,REPORT,rv-4
OBS001331,N027,2025-11-24T08:00:00Z,,,,REPORT,rv-7
OBS001332,N027,2025-11-27T16:00:00Z,,,,REPORT,rv-7
OBS001333,N027,2025-12-01T08:00:00Z,,,,REPORT,rv-2
OBS001334,N027,2025-12-04T16:00:00Z,SER,,,REPORT,rv-4
OBS001335,N027,2025-12-08T08:00:00Z,SER,,,REPORT,rv-1
OBS001336,N027,2025-12-11T16:00:00Z,SER,,,REPORT,rv-2
OBS001337,N027,2025-12-15T08:00:00Z,PLA,,,REPORT,rv-7
OBS001338,N027,2025-12-18T16:00:00Z,SER,,,REPORT,rv-6
OBS001339,N027,2025-12-22T08:00:00Z,SER,,,REPORT,rv-2
OBS001340,N027,2025-12-25T16:00:00Z,SER,,,REPORT,rv-2
OBS001341,N027,2025-12-29T08:00:00Z,SER,,,REPORT,rv-8
OBS001342,N027,2026-01-01T16:00:00Z,,,,REPORT,rv-8
OBS001343,N027,2026-01-05T08:00:00Z,,,,REPORT,rv-4
OBS001344,N027,2026-01-08T16:00:00Z,,,,REPORT,rv-6
OBS001345,N027,2026-01-12T08:00:00Z,SER,,,REPORT,rv-2
OBS001346,N027,2026-01-15T16:00:00Z,SER,,,REPORT,rv-2
OBS001347,N027,2026-01-19T08:00:00Z,SER,,,REPORT,rv-7
OBS001348,N027,2026-01-22T16:00:00Z,SER,,,REPORT,rv-1
OBS001349,N027,2026-01-26T08:00:00Z,SER,,,REPORT,rv-8
OBS001350,N027,2026-01-29T16:00:00Z,SER,,,REPORT,rv-5
OBS001351,N027,2026-02-02T08:00:00Z,PLA,,,REPORT,rv-1
OBS001352,N027,2026-02-05T16:00:00Z,SER,,,REPORT,rv-3
OBS001353,N027,2026-02-09T08:00:00Z,,,,REPORT,rv-7
OBS001354,N027,2026-02-12T16:00:00Z,,,,REPORT,rv-7
OBS001355,N027,2026-02-16T08:00:00Z,,,,REPORT,rv-4
OBS001356,N027,2026-02-19T16:00:00Z,PLA,,,REPORT,rv-3
OBS001357,N027,2026-02-23T08:00:00Z,SER,,,REPORT,rv-7
OBS001358,N027,2026-02-26T16:00:00Z,SER,,,REPORT,rv-7
OBS001359,N027,2026-03-02T08:00:00Z,SER,,,REPORT,rv-2
OBS001360,N027,2026-03-05T16:00:00Z,SER,,,REPORT,rv-6
OBS001361,N027,2026-03-09T08:00:00Z,SER,,,REPORT,rv-1
OBS001362,N027,2026-03-12T16:00:00Z,SER,,,REPORT,rv-8
OBS001363,N027,2026-03-16T08:00:00Z,,,,REPORT,rv-4
OBS001364,N027,2026-03-19T16:00:00Z,,,,REPORT,rv-6
OBS001365,N027,2026-03-23T08:00:00Z,,,,REPORT,rv-7
OBS001366,N027,2026-03-26T16:00:00Z,SER,,,REPORT,rv-8
OBS001367,N027,2026-03-30T08:00:00Z,SER,,,REPORT,rv-8
OBS001368,N027,2026-04-02T16:00:00Z,SER,,,REPORT,rv-4
OBS001369,N027,2026-04-06T08:00:00Z,SER,,,REPORT,rv-7
OBS001370,N027,2026-04-09T16:00:00Z,SER,,,REPORT,rv-4
OBS001371,N027,2026-04-13T08:00:00Z,SER,,,REPORT,rv-6
OBS001372,N027,2026-04-16T16:00:00Z,PLA,,,REPORT,rv-2
OBS001373,N027,2026-04-20T08:00:00Z,SER,,,REPORT,rv-4
OBS001374,N027,2026-04-23T16:00:00Z,SER,,,REPORT,rv-5
OBS001375,N027,2026-04-27T08:00:00Z,SER,,,REPORT,rv-1
OBS001376,N027,2026-04-30T16:00:00Z,PLA,,,REPORT,rv-6
OBS001377,N027,2026-05-04T08:00:00Z,PLA,,,REPORT,rv-4
OBS001378,N027,2026-05-07T16:00:00Z,WHL,,,REPORT,rv-8
OBS001379,N027,2026-05-11T08:00:00Z,SER,,,REPORT,rv-3
OBS001380,N027,2026-05-14T16:00:00Z,PLA,,,REPORT,rv-2
OBS001381,N027,2026-05-18T08:00:00Z,SER,,,REPORT,rv-3
OBS001382,N027,2026-05-21T16:00:00Z,SER,,,REPORT,rv-8
OBS001383,N027,2026-05-25T08:00:00Z,SER,,,REPORT,rv-6
OBS001384,N027,2026-05-28T16:00:00Z,WHL,,,REPORT,rv-3
OBS001385,N027,2026-06-01T08:00:00Z,PLA,,,REPORT,rv-6
OBS001386,N027,2026-06-04T16:00:00Z,SER,,,REPORT,rv-3
OBS001387,N027,2026-06-08T08:00:00Z,SER,,,REPORT,rv-1
OBS001388,N027,2026-06-11T16:00:00Z,SER,,,REPORT,rv-6
OBS001389,N027,2026-06-15T08:00:00Z,PLA,,,REPORT,rv-5
OBS001390,N027,2026-06-18T16:00:00Z,SER,,,REPORT,rv-6
OBS001391,N027,2026-06-22T08:00:00Z,SER,,,REPORT,rv-6
OBS001392,N027,2026-06-25T16:00:00Z,PLA,,,REPORT,rv-8
OBS001393,N028,2025-06-01T16:00:00Z,LOT-39127,,,REPORT,rv-3
OBS001394,N028,2025-06-05T16:00:00Z,LOT-97569,,,REPORT,rv-5
OBS001395,N028,2025-06-09T08:00:00Z,LOT-60908,,,REPORT,rv-1
OBS001396,N028,2025-06-12T16:00:00Z,LOT-99543,,,REPORT,rv-6
OBS001397,N028,2025-06-16T08:00:00Z,LOT-91369,,,REPORT,rv-5
OBS001398,N028,2025-06-19T16:00:00Z,LOT-19259,,,REPORT,rv-1
OBS001399,N028,2025-06-23T08:00:00Z,LOT-18498,,,REPORT,rv-4
OBS001400,N028,2025-06-26T16:00:00Z,LOT-78207,,,REPORT,rv-1
OBS001401,N028,2025-06-30T08:00:00Z,LOT-47906,,,REPORT,rv-1
OBS001402,N028,2025-07-03T16:00:00Z,LOT-50419,,,REPORT,rv-3
OBS001403,N028,2025-07-07T08:00:00Z,LOT-37615,,,REPORT,rv-7
OBS001404,N028,2025-07-10T16:00:00Z,LOT-45537,,,REPORT,rv-4
OBS001405,N028,2025-07-14T08:00:00Z,LOT-50389,,,REPORT,rv-8
OBS001406,N028,2025-07-17T16:00:00Z,LOT-16201,,,REPORT,rv-4
OBS001407,N028,2025-07-21T08:00:00Z,LOT-35977,,,REPORT,rv-4
OBS001408,N028,2025-07-24T16:00:00Z,LOT-36243,,,REPORT,rv-7
OBS001409,N028,2025-07-28T08:00:00Z,LOT-17128,,,REPORT,rv-1
OBS001410,N028,2025-07-31T16:00:00Z,LOT-76520,,,REPORT,rv-8
OBS001411,N028,2025-08-04T08:00:00Z,LOT-76121,,,REPORT,rv-3
OBS001412,N028,2025-08-07T16:00:00Z,LOT-59902,,,REPORT,rv-5
OBS001413,N028,2025-08-11T08:00:00Z,LOT-21359,,,REPORT,rv-1
OBS001414,N028,2025-08-14T16:00:00Z,LOT-21411,,,REPORT,rv-5
OBS001415,N028,2025-08-18T08:00:00Z,LOT-34994,,,REPORT,rv-1
OBS001416,N028,2025-08-21T16:00:00Z,LOT-60180,,,REPORT,rv-3
OBS001417,N028,2025-08-25T08:00:00Z,LOT-62408,,,REPORT,rv-2
OBS001418,N028,2025-08-28T16:00:00Z,LOT-75557,,,REPORT,rv-7
OBS001419,N028,2025-09-01T08:00:00Z,LOT-90699,,,REPORT,rv-4
OBS001420,N028,2025-09-04T16:00:00Z,LOT-93865,,,REPORT,rv-1
OBS001421,N028,2025-09-08T08:00:00Z,LOT-81358,,,REPORT,rv-4
OBS001422,N028,2025-09-11T16:00:00Z,LOT-30823,,,REPORT,rv-5
OBS001423,N028,2025-09-15T08:00:00Z,LOT-94643,,,REPORT,rv-6
OBS001424,N028,2025-09-18T16:00:00Z,LOT-77841,,,REPORT,rv-3
OBS001425,N028,2025-09-22T08:00:00Z,LOT-13495,,,REPORT,rv-5
OBS001426,N028,2025-09-25T16:00:00Z,LOT-64121,,,REPORT,rv-2
OBS001427,N028,2025-09-29T08:00:00Z,LOT-26198,,,REPORT,rv-7
OBS001428,N028,2025-10-02T16:00:00Z,LOT-59987,,,REPORT,rv-6
OBS001429,N028,2025-10-06T08:00:00Z,LOT-12955,,,REPORT,rv-4
OBS001430,N028,2025-10-09T16:00:00Z,LOT-96454,,,REPORT,rv-2
OBS001431,N028,2025-10-13T08:00:00Z,LOT-53981,,,REPORT,rv-3
OBS001432,N028,2025-10-16T16:00:00Z,LOT-72107,,,REPORT,rv-7
OBS001433,N028,2025-10-20T08:00:00Z,LOT-81389,,,REPORT,rv-2
OBS001434,N028,2025-10-23T16:00:00Z,LOT-92332,,,REPORT,rv-5
OBS001435,N028,2025-10-27T08:00:00Z,LOT-94037,,,REPORT,rv-5
OBS001436,N028,2025-10-30T16:00:00Z,LOT-67503,,,REPORT,rv-2
OBS001437,N028,2025-11-03T08:00:00Z,LOT-82365,,,REPORT,rv-1
OBS001438,N028,2025-11-06T16:00:00Z,LOT-14392,,,REPORT,rv-4
OBS001439,N028,2025-11-10T08:00:00Z,LOT-11165,,,REPORT,rv-6
OBS001440,N028,2025-11-13T16:00:00Z,LOT-44055,,,REPORT,rv-4
OBS001441,N028,2025-11-17T08:00:00Z,LOT-93253,,,REPORT,rv-7
OBS001442,N028,2025-11-20T16:00:00Z,LOT-76250,,,REPORT,rv-7
OBS001443,N028,2025-11-24T08:00:00Z,LOT-40367,,,REPORT,rv-6
OBS001444,N028,2025-11-27T16:00:00Z,LOT-39777,,,REPORT,rv-2
OBS001445,N028,2025-12-01T08:00:00Z,LOT-82397,,,REPORT,rv-1
OBS001446,N028,2025-12-04T16:00:00Z,LOT-96679,,,REPORT,rv-6
OBS001447,N028,2025-12-08T08:00:00Z,LOT-73913,,,REPORT,rv-2
OBS001448,N028,2025-12-11T16:00:00Z,LOT-55997,,,REPORT,rv-7
OBS001449,N028,2025-12-15T08:00:00Z,LOT-42525,,,REPORT,rv-2
OBS001450,N028,2025-12-18T16:00:00Z,LOT-26225,,,REPORT,rv-2
OBS001451,N028,2025-12-22T08:00:00Z,LOT-61503,,,REPORT,rv-2
OBS001452,N028,2025-12-25T16:00:00Z,LOT-32876,,,REPORT,rv-5
OBS001453,N028,2025-12-29T08:00:00Z,LOT-66098,,,REPORT,rv-1
OBS001454,N028,2026-01-01T16:00:00Z,LOT-93893,,,REPORT,rv-8
OBS001455,N028,2026-01-05T08:00:00Z,LOT-34917,,,REPORT,rv-2
OBS001456,N028,2026-01-08T16:00:00Z,,,,REPORT,rv-2
OBS001457,N028,2026-01-12T08:00:00Z,,,,REPORT,rv-3
OBS001458,N028,2026-01-15T16:00:00Z,,,,REPORT,rv-8
OBS001459,N028,2026-01-19T08:00:00Z,,,,REPORT,rv-7
OBS001460,N028,2026-01-22T16:00:00Z,,,,REPORT,rv-3
OBS001461,N028,2026-01-26T08:00:00Z,,,,REPORT,rv-4
OBS001462,N028,2026-01-29T16:00:00Z,,,,REPORT,rv-8
OBS001463,N028,2026-02-02T08:00:00Z,,,,REPORT,rv-3
OBS001464,N028,2026-02-05T16:00:00Z,LOT-79243,,,REPORT,rv-1
OBS001465,N028,2026-02-09T08:00:00Z,LOT-24397,,,REPORT,rv-4
OBS001466,N028,2026-02-12T16:00:00Z,LOT-85261,,,REPORT,rv-8
OBS001467,N028,2026-02-16T08:00:00Z,LOT-37302,,,REPORT,rv-3
OBS001468,N028,2026-02-19T16:00:00Z,LOT-31079,,,REPORT,rv-1
OBS001469,N028,2026-02-23T08:00:00Z,LOT-84362,,,REPORT,rv-1
OBS001470,N028,2026-02-26T16:00:00Z,LOT-95002,,,REPORT,rv-6
OBS001471,N028,2026-03-02T08:00:00Z,LOT-85854,,,REPORT,rv-4
OBS001472,N028,2026-03-05T16:00:00Z,LOT-77981,,,REPORT,rv-1
OBS001473,N028,2026-03-09T08:00:00Z,LOT-38530,,,REPORT,rv-1
OBS001474,N028,2026-03-12T16:00:00Z,LOT-90955,,,REPORT,rv-2
OBS001475,N028,2026-03-16T08:00:00Z,LOT-43025,,,REPORT,rv-8
OBS001476,N028,2026-03-19T16:00:00Z,LOT-82769,,,REPORT,rv-3
OBS001477,N028,2026-03-23T08:00:00Z,LOT-80159,,,REPORT,rv-6
OBS001478,N028,2026-03-26T16:00:00Z,LOT-81542,,,REPORT,rv-4
OBS001479,N028,2026-03-30T08:00:00Z,LOT-97598,,,REPORT,rv-2
OBS001480,N028,2026-04-02T16:00:00Z,LOT-26405,,,REPORT,rv-4
OBS001481,N028,2026-04-06T08:00:00Z,LOT-52536,,,REPORT,rv-7
OBS001482,N028,2026-04-09T16:00:00Z,##,,,REPORT,rv-6
OBS001483,N028,2026-04-13T08:00:00Z,LOT-67087,,,REPORT,rv-6
OBS001484,N028,2026-04-16T16:00:00Z,LOT-57262,,,REPORT,rv-6
OBS001485,N028,2026-04-20T08:00:00Z,LOT-96303,,,REPORT,rv-3
OBS001486,N028,2026-04-23T16:00:00Z,LOT-90380,,,REPORT,rv-7
OBS001487,N028,2026-04-27T08:00:00Z,LOT-20326,,,REPORT,rv-5
OBS001488,N028,2026-04-30T16:00:00Z,LOT-36735,,,REPORT,rv-5
OBS001489,N028,2026-05-04T08:00:00Z,LOT-16572,,,REPORT,rv-8
OBS001490,N028,2026-05-07T16:00:00Z,LOT-30433,,,REPORT,rv-5
OBS001491,N028,2026-05-11T08:00:00Z,LOT-64097,,,REPORT,rv-7
OBS001492,N028,2026-05-14T16:00:00Z,LOT-17756,,,REPORT,rv-4
OBS001493,N028,2026-05-18T08:00:00Z,LOT-86377,,,REPORT,rv-1
OBS001494,N028,2026-05-21T16:00:00Z,LOT-26414,,,REPORT,rv-1
OBS001495,N028,2026-05-25T08:00:00Z,LOT-87154,,,REPORT,rv-1
OBS001496,N028,2026-05-28T16:00:00Z,LOT-28249,,,REPORT,rv-4
OBS001497,N028,2026-06-01T08:00:00Z,LOT-15240,,,REPORT,rv-1
OBS001498,N028,2026-06-04T16:00:00Z,LOT-34461,,,REPORT,rv-1
OBS001499,N028,2026-06-08T08:00:00Z,LOT-98961,,,REPORT,rv-4
OBS001500,N028,2026-06-11T16:00:00Z,LOT-15344,,,REPORT,rv-7
OBS001501,N028,2026-06-15T08:00:00Z,LOT-92573,,,REPORT,rv-3
OBS001502,N028,2026-06-18T16:00:00Z,LOT-97486,,,REPORT,rv-7
OBS001503,N028,2026-06-22T08:00:00Z,LOT-16169,,,REPORT,rv-7
OBS001504,N028,2026-06-25T16:00:00Z,LOT-40911,,,REPORT,rv-4
OBS001505,N029,2025-06-01T16:00:00Z,LOT-54227,,,ETL,rv-2
OBS001506,N029,2025-06-05T16:00:00Z,LOT-93650,,,ETL,rv-2
OBS001507,N029,2025-06-09T08:00:00Z,LOT-98412,,,ETL,rv-4
OBS001508,N029,2025-06-12T16:00:00Z,LOT-96789,,,ETL,rv-2
OBS001509,N029,2025-06-16T08:00:00Z,LOT-80885,,,ETL,rv-7
OBS001510,N029,2025-06-19T16:00:00Z,LOT-63196,,,ETL,rv-8
OBS001511,N029,2025-06-23T08:00:00Z,LOT-40907,,,ETL,rv-3
OBS001512,N029,2025-06-26T16:00:00Z,LOT-24590,,,ETL,rv-8
OBS001513,N029,2025-06-30T08:00:00Z,LOT-75738,,,ETL,rv-6
OBS001514,N029,2025-07-03T16:00:00Z,LOT-47758,,,ETL,rv-5
OBS001515,N029,2025-07-07T08:00:00Z,LOT-63828,,,ETL,rv-8
OBS001516,N029,2025-07-10T16:00:00Z,LOT-50992,,,ETL,rv-6
OBS001517,N029,2025-07-14T08:00:00Z,LOT-54008,,,ETL,rv-3
OBS001518,N029,2025-07-17T16:00:00Z,LOT-20328,,,ETL,rv-8
OBS001519,N029,2025-07-21T08:00:00Z,LOT-82292,,,ETL,rv-2
OBS001520,N029,2025-07-24T16:00:00Z,LOT-84358,,,ETL,rv-5
OBS001521,N029,2025-07-28T08:00:00Z,LOT-20332,,,ETL,rv-3
OBS001522,N029,2025-07-31T16:00:00Z,LOT-43201,,,ETL,rv-8
OBS001523,N029,2025-08-04T08:00:00Z,LOT-93227,,,ETL,rv-1
OBS001524,N029,2025-08-07T16:00:00Z,LOT-82631,,,ETL,rv-7
OBS001525,N029,2025-08-11T08:00:00Z,LOT-41557,,,ETL,rv-6
OBS001526,N029,2025-08-14T16:00:00Z,LOT-19152,,,ETL,rv-1
OBS001527,N029,2025-08-18T08:00:00Z,LOT-27885,,,ETL,rv-6
OBS001528,N029,2025-08-21T16:00:00Z,LOT-87507,,,ETL,rv-3
OBS001529,N029,2025-08-25T08:00:00Z,LOT-58741,,,ETL,rv-1
OBS001530,N029,2025-08-28T16:00:00Z,LOT-62766,,,ETL,rv-5
OBS001531,N029,2025-09-01T08:00:00Z,LOT-57843,,,ETL,rv-5
OBS001532,N029,2025-09-04T16:00:00Z,LOT-44847,,,ETL,rv-2
OBS001533,N029,2025-09-08T08:00:00Z,LOT-83058,,,ETL,rv-4
OBS001534,N029,2025-09-11T16:00:00Z,LOT-51935,,,ETL,rv-3
OBS001535,N029,2025-09-15T08:00:00Z,LOT-40819,,,ETL,rv-7
OBS001536,N029,2025-09-18T16:00:00Z,LOT-72890,,,ETL,rv-1
OBS001537,N029,2025-09-22T08:00:00Z,LOT-57712,,,ETL,rv-4
OBS001538,N029,2025-09-25T16:00:00Z,LOT-69848,,,ETL,rv-5
OBS001539,N029,2025-09-29T08:00:00Z,LOT-74250,,,ETL,rv-6
OBS001540,N029,2025-10-02T16:00:00Z,LOT-23536,,,ETL,rv-2
OBS001541,N029,2025-10-06T08:00:00Z,LOT-39764,,,ETL,rv-4
OBS001542,N029,2025-10-09T16:00:00Z,LOT-71441,,,ETL,rv-5
OBS001543,N029,2025-10-13T08:00:00Z,LOT-11135,,,ETL,rv-8
OBS001544,N029,2025-10-16T16:00:00Z,LOT-94280,,,ETL,rv-3
OBS001545,N029,2025-10-20T08:00:00Z,LOT-76471,,,ETL,rv-4
OBS001546,N029,2025-10-23T16:00:00Z,LOT-49120,,,ETL,rv-5
OBS001547,N029,2025-10-27T08:00:00Z,LOT-54120,,,ETL,rv-6
OBS001548,N029,2025-10-30T16:00:00Z,LOT-70868,,,ETL,rv-1
OBS001549,N029,2025-11-03T08:00:00Z,LOT-72089,,,ETL,rv-6
OBS001550,N029,2025-11-06T16:00:00Z,LOT-97382,,,ETL,rv-7
OBS001551,N029,2025-11-10T08:00:00Z,LOT-10326,,,ETL,rv-7
OBS001552,N029,2025-11-13T16:00:00Z,LOT-82913,,,ETL,rv-4
OBS001553,N029,2025-11-17T08:00:00Z,LOT-23222,,,ETL,rv-3
OBS001554,N029,2025-11-20T16:00:00Z,LOT-98401,,,ETL,rv-4
OBS001555,N029,2025-11-24T08:00:00Z,LOT-93645,,,ETL,rv-5
OBS001556,N029,2025-11-27T16:00:00Z,LOT-20182,,,ETL,rv-5
OBS001557,N029,2025-12-01T08:00:00Z,LOT-76555,,,ETL,rv-8
OBS001558,N029,2025-12-04T16:00:00Z,LOT-88168,,,ETL,rv-5
OBS001559,N029,2025-12-08T08:00:00Z,LOT-89149,,,ETL,rv-5
OBS001560,N029,2025-12-11T16:00:00Z,LOT-13965,,,ETL,rv-8
OBS001561,N029,2025-12-15T08:00:00Z,LOT-79402,,,ETL,rv-4
OBS001562,N029,2025-12-18T16:00:00Z,LOT-27215,,,ETL,rv-4
OBS001563,N029,2025-12-22T08:00:00Z,LOT-12598,,,ETL,rv-3
OBS001564,N029,2025-12-25T16:00:00Z,LOT-62861,,,ETL,rv-1
OBS001565,N029,2025-12-29T08:00:00Z,LOT-23257,,,ETL,rv-7
OBS001566,N029,2026-01-01T16:00:00Z,LOT-87846,,,ETL,rv-6
OBS001567,N029,2026-01-05T08:00:00Z,LOT-73913,,,ETL,rv-2
OBS001568,N029,2026-01-08T16:00:00Z,LOT-11905,,,ETL,rv-7
OBS001569,N029,2026-01-12T08:00:00Z,LOT-24815,,,ETL,rv-3
OBS001570,N029,2026-01-15T16:00:00Z,LOT-23764,,,ETL,rv-8
OBS001571,N029,2026-01-19T08:00:00Z,LOT-56241,,,ETL,rv-2
OBS001572,N029,2026-01-22T16:00:00Z,LOT-22624,,,ETL,rv-4
OBS001573,N029,2026-01-26T08:00:00Z,LOT-25096,,,ETL,rv-5
OBS001574,N029,2026-01-29T16:00:00Z,LOT-99652,,,ETL,rv-4
OBS001575,N029,2026-02-02T08:00:00Z,LOT-17981,,,ETL,rv-8
OBS001576,N029,2026-02-05T16:00:00Z,LOT-59676,,,ETL,rv-5
OBS001577,N029,2026-02-09T08:00:00Z,LOT-55245,,,ETL,rv-1
OBS001578,N029,2026-02-12T16:00:00Z,LOT-90473,,,ETL,rv-1
OBS001579,N029,2026-02-16T08:00:00Z,LOT-90079,,,ETL,rv-6
OBS001580,N029,2026-02-19T16:00:00Z,LOT-15550,,,ETL,rv-8
OBS001581,N029,2026-02-23T08:00:00Z,LOT-89647,,,ETL,rv-1
OBS001582,N029,2026-02-26T16:00:00Z,LOT-44514,,,ETL,rv-1
OBS001583,N029,2026-03-02T08:00:00Z,LOT-62808,,,ETL,rv-4
OBS001584,N029,2026-03-05T16:00:00Z,LOT-34036,,,ETL,rv-2
OBS001585,N029,2026-03-09T08:00:00Z,LOT-19942,,,ETL,rv-7
OBS001586,N029,2026-03-12T16:00:00Z,LOT-47392,,,ETL,rv-8
OBS001587,N029,2026-03-16T08:00:00Z,LOT-60490,,,ETL,rv-4
OBS001588,N029,2026-03-19T16:00:00Z,LOT-90849,,,ETL,rv-3
OBS001589,N029,2026-03-23T08:00:00Z,LOT-74394,,,ETL,rv-7
OBS001590,N029,2026-03-26T16:00:00Z,LOT-20921,,,ETL,rv-8
OBS001591,N029,2026-03-30T08:00:00Z,LOT-53462,,,ETL,rv-3
OBS001592,N029,2026-04-02T16:00:00Z,LOT-23265,,,ETL,rv-4
OBS001593,N029,2026-04-06T08:00:00Z,LOT-80297,,,ETL,rv-4
OBS001594,N029,2026-04-09T16:00:00Z,LOT-85967,,,ETL,rv-5
OBS001595,N029,2026-04-13T08:00:00Z,LOT-35902,,,ETL,rv-3
OBS001596,N029,2026-04-16T16:00:00Z,LOT-64246,,,ETL,rv-6
OBS001597,N029,2026-04-20T08:00:00Z,LOT-86532,,,ETL,rv-2
OBS001598,N029,2026-04-23T16:00:00Z,LOT-47393,,,ETL,rv-5
OBS001599,N029,2026-04-27T08:00:00Z,LOT-73371,,,ETL,rv-6
OBS001600,N029,2026-04-30T16:00:00Z,LOT-53055,,,ETL,rv-8
OBS001601,N029,2026-05-04T08:00:00Z,LOT-74017,,,ETL,rv-2
OBS001602,N029,2026-05-07T16:00:00Z,LOT-11615,,,ETL,rv-3
OBS001603,N029,2026-05-11T08:00:00Z,LOT-97074,,,ETL,rv-4
OBS001604,N029,2026-05-14T16:00:00Z,LOT-24013,,,ETL,rv-8
OBS001605,N029,2026-05-18T08:00:00Z,LOT-17250,,,ETL,rv-5
OBS001606,N029,2026-05-21T16:00:00Z,LOT-23943,,,ETL,rv-6
OBS001607,N029,2026-05-25T08:00:00Z,LOT-46833,,,ETL,rv-3
OBS001608,N029,2026-05-28T16:00:00Z,LOT-92697,,,ETL,rv-8
OBS001609,N029,2026-06-01T08:00:00Z,LOT-73887,,,ETL,rv-1
OBS001610,N029,2026-06-04T16:00:00Z,LOT-72050,,,ETL,rv-8
OBS001611,N029,2026-06-08T08:00:00Z,LOT-89337,,,ETL,rv-3
OBS001612,N029,2026-06-11T16:00:00Z,LOT-95690,,,ETL,rv-6
OBS001613,N029,2026-06-15T08:00:00Z,LOT-52524,,,ETL,rv-3
OBS001614,N029,2026-06-18T16:00:00Z,LOT-78552,,,ETL,rv-6
OBS001615,N029,2026-06-22T08:00:00Z,LOT-37927,,,ETL,rv-2
OBS001616,N029,2026-06-25T16:00:00Z,LOT-44139,,,ETL,rv-1
OBS001617,N030,2025-02-01T16:00:00Z,AC-679869,,,LIS,rv-4
OBS001618,N030,2025-02-05T16:00:00Z,AC-301216,,,LIS,rv-8
OBS001619,N030,2025-02-09T16:00:00Z,AC-977491,,,LIS,rv-4
OBS001620,N030,2025-02-13T16:00:00Z,AC-748345,,,LIS,rv-3
OBS001621,N030,2025-02-17T08:00:00Z,AC-216333,,,LIS,rv-5
OBS001622,N030,2025-02-20T16:00:00Z,AC-918229,,,LIS,rv-2
OBS001623,N030,2025-02-24T08:00:00Z,AC-712519,,,LIS,rv-3
OBS001624,N030,2025-02-27T16:00:00Z,AC-429367,,,LIS,rv-3
OBS001625,N030,2025-03-03T08:00:00Z,AC-447056,,,LIS,rv-7
OBS001626,N030,2025-03-06T16:00:00Z,AC-868000,,,LIS,rv-4
OBS001627,N030,2025-03-10T08:00:00Z,AC-673458,,,LIS,rv-4
OBS001628,N030,2025-03-13T16:00:00Z,AC-348710,,,LIS,rv-1
OBS001629,N030,2025-03-17T08:00:00Z,AC-796066,,,LIS,rv-6
OBS001630,N030,2025-03-20T16:00:00Z,AC-761803,,,LIS,rv-2
OBS001631,N030,2025-03-24T08:00:00Z,AC-946806,,,LIS,rv-7
OBS001632,N030,2025-03-27T16:00:00Z,AC-157450,,,LIS,rv-7
OBS001633,N030,2025-03-31T08:00:00Z,AC-503872,,,LIS,rv-7
OBS001634,N030,2025-04-03T16:00:00Z,AC-956460,,,LIS,rv-7
OBS001635,N030,2025-04-07T08:00:00Z,AC-193386,,,LIS,rv-5
OBS001636,N030,2025-04-10T16:00:00Z,AC-279372,,,LIS,rv-7
OBS001637,N030,2025-04-14T08:00:00Z,AC-220718,,,LIS,rv-6
OBS001638,N030,2025-04-17T16:00:00Z,AC-462793,,,LIS,rv-8
OBS001639,N030,2025-04-21T08:00:00Z,AC-736594,,,LIS,rv-7
OBS001640,N030,2025-04-24T16:00:00Z,AC-679493,,,LIS,rv-2
OBS001641,N030,2025-04-28T08:00:00Z,AC-934248,,,LIS,rv-4
OBS001642,N030,2025-05-01T16:00:00Z,AC-615871,,,LIS,rv-4
OBS001643,N030,2025-05-05T08:00:00Z,AC-502023,,,LIS,rv-8
OBS001644,N030,2025-05-08T16:00:00Z,AC-892244,,,LIS,rv-6
OBS001645,N030,2025-05-12T08:00:00Z,AC-397889,,,LIS,rv-4
OBS001646,N030,2025-05-15T16:00:00Z,AC-540318,,,LIS,rv-4
OBS001647,N030,2025-05-19T08:00:00Z,AC-881657,,,LIS,rv-7
OBS001648,N030,2025-05-22T16:00:00Z,AC-273932,,,LIS,rv-2
OBS001649,N030,2025-05-26T08:00:00Z,AC-887469,,,LIS,rv-4
OBS001650,N030,2025-05-29T16:00:00Z,AC-121182,,,LIS,rv-8
OBS001651,N030,2025-06-02T08:00:00Z,AC-351064,,,LIS,rv-6
OBS001652,N030,2025-06-05T16:00:00Z,AC-385798,,,LIS,rv-2
OBS001653,N030,2025-06-09T08:00:00Z,AC-544814,,,LIS,rv-7
OBS001654,N030,2025-06-12T16:00:00Z,AC-897912,,,LIS,rv-5
OBS001655,N030,2025-06-16T08:00:00Z,AC-311585,,,LIS,rv-8
OBS001656,N030,2025-06-19T16:00:00Z,AC-106778,,,LIS,rv-4
OBS001657,N030,2025-06-23T08:00:00Z,AC-464426,,,LIS,rv-6
OBS001658,N030,2025-06-26T16:00:00Z,AC-734814,,,LIS,rv-6
OBS001659,N030,2025-06-30T08:00:00Z,AC-477812,,,LIS,rv-5
OBS001660,N030,2025-07-03T16:00:00Z,AC-941426,,,LIS,rv-1
OBS001661,N030,2025-07-07T08:00:00Z,AC-423198,,,LIS,rv-3
OBS001662,N030,2025-07-10T16:00:00Z,AC-793603,,,LIS,rv-3
OBS001663,N030,2025-07-14T08:00:00Z,AC-892457,,,LIS,rv-7
OBS001664,N030,2025-07-17T16:00:00Z,AC-660874,,,LIS,rv-4
OBS001665,N030,2025-07-21T08:00:00Z,AC-565407,,,LIS,rv-3
OBS001666,N030,2025-07-24T16:00:00Z,AC-190902,,,LIS,rv-6
OBS001667,N030,2025-07-28T08:00:00Z,AC-987761,,,LIS,rv-8
OBS001668,N030,2025-07-31T16:00:00Z,AC-847149,,,LIS,rv-1
OBS001669,N030,2025-08-04T08:00:00Z,AC-837183,,,LIS,rv-7
OBS001670,N030,2025-08-07T16:00:00Z,AC-878009,,,LIS,rv-5
OBS001671,N030,2025-08-11T08:00:00Z,AC-494105,,,LIS,rv-2
OBS001672,N030,2025-08-14T16:00:00Z,AC-938495,,,LIS,rv-1
OBS001673,N030,2025-08-18T08:00:00Z,AC-450033,,,LIS,rv-4
OBS001674,N030,2025-08-21T16:00:00Z,AC-326783,,,LIS,rv-4
OBS001675,N030,2025-08-25T08:00:00Z,AC-593461,,,LIS,rv-5
OBS001676,N030,2025-08-28T16:00:00Z,AC-914731,,,LIS,rv-2
OBS001677,N030,2025-09-01T08:00:00Z,AC-240818,,,LIS,rv-8
OBS001678,N030,2025-09-04T16:00:00Z,AC-848893,,,LIS,rv-2
OBS001679,N030,2025-09-08T08:00:00Z,AC-219254,,,LIS,rv-4
OBS001680,N030,2025-09-11T16:00:00Z,AC-664114,,,LIS,rv-2
OBS001681,N030,2025-09-15T08:00:00Z,AC-394143,,,LIS,rv-5
OBS001682,N030,2025-09-18T16:00:00Z,AC-111991,,,LIS,rv-6
OBS001683,N030,2025-09-22T08:00:00Z,AC-512843,,,LIS,rv-1
OBS001684,N030,2025-09-25T16:00:00Z,AC-474741,,,LIS,rv-5
OBS001685,N030,2025-09-29T08:00:00Z,AC-548175,,,LIS,rv-8
OBS001686,N030,2025-10-02T16:00:00Z,AC-359259,,,LIS,rv-8
OBS001687,N030,2025-10-06T08:00:00Z,AC-568966,,,LIS,rv-8
OBS001688,N030,2025-10-09T16:00:00Z,AC-792663,,,LIS,rv-1
OBS001689,N030,2025-10-13T08:00:00Z,AC-854396,,,LIS,rv-2
OBS001690,N030,2025-10-16T16:00:00Z,AC-879617,,,LIS,rv-7
OBS001691,N030,2025-10-20T08:00:00Z,AC-647796,,,LIS,rv-6
OBS001692,N030,2025-10-23T16:00:00Z,AC-714635,,,LIS,rv-7
OBS001693,N030,2025-10-27T08:00:00Z,AC-335641,,,LIS,rv-1
OBS001694,N030,2025-10-30T16:00:00Z,AC-771356,,,LIS,rv-3
OBS001695,N030,2025-11-03T08:00:00Z,AC-575097,,,LIS,rv-4
OBS001696,N030,2025-11-06T16:00:00Z,AC-704015,,,LIS,rv-7
OBS001697,N030,2025-11-10T08:00:00Z,AC-518900,,,LIS,rv-5
OBS001698,N030,2025-11-13T16:00:00Z,AC-547754,,,LIS,rv-7
OBS001699,N030,2025-11-17T08:00:00Z,AC-308492,,,LIS,rv-6
OBS001700,N030,2025-11-20T16:00:00Z,AC-639606,,,LIS,rv-4
OBS001701,N030,2025-11-24T08:00:00Z,AC-346491,,,LIS,rv-7
OBS001702,N030,2025-11-27T16:00:00Z,AC-103596,,,LIS,rv-2
OBS001703,N030,2025-12-01T08:00:00Z,AC-394442,,,LIS,rv-5
OBS001704,N030,2025-12-04T16:00:00Z,AC-381899,,,LIS,rv-8
OBS001705,N030,2025-12-08T08:00:00Z,AC-202009,,,LIS,rv-4
OBS001706,N030,2025-12-11T16:00:00Z,AC-768019,,,LIS,rv-3
OBS001707,N030,2025-12-15T08:00:00Z,AC-927240,,,LIS,rv-2
OBS001708,N030,2025-12-18T16:00:00Z,AC-954978,,,LIS,rv-3
OBS001709,N030,2025-12-22T08:00:00Z,AC-513772,,,LIS,rv-8
OBS001710,N030,2025-12-25T16:00:00Z,AC-608724,,,LIS,rv-4
OBS001711,N030,2025-12-29T08:00:00Z,AC-750869,,,LIS,rv-8
OBS001712,N030,2026-01-01T16:00:00Z,AC-852951,,,LIS,rv-5
OBS001713,N030,2026-01-05T08:00:00Z,AC-462629,,,LIS,rv-4
OBS001714,N030,2026-01-08T16:00:00Z,AC-549255,,,LIS,rv-5
OBS001715,N030,2026-01-12T08:00:00Z,AC-262846,,,LIS,rv-2
OBS001716,N030,2026-01-15T16:00:00Z,AC-374058,,,LIS,rv-7
OBS001717,N030,2026-01-19T08:00:00Z,AC-349127,,,LIS,rv-5
OBS001718,N030,2026-01-22T16:00:00Z,AC-679539,,,LIS,rv-2
OBS001719,N030,2026-01-26T08:00:00Z,AC-847207,,,LIS,rv-5
OBS001720,N030,2026-01-29T16:00:00Z,AC-316079,,,LIS,rv-6
OBS001721,N030,2026-02-02T08:00:00Z,AC-977342,,,LIS,rv-2
OBS001722,N030,2026-02-05T16:00:00Z,AC-345556,,,LIS,rv-3
OBS001723,N030,2026-02-09T08:00:00Z,AC-858257,,,LIS,rv-5
OBS001724,N030,2026-02-12T16:00:00Z,AC-864922,,,LIS,rv-6
OBS001725,N030,2026-02-16T08:00:00Z,AC-578019,,,LIS,rv-5
OBS001726,N030,2026-02-19T16:00:00Z,AC-982929,,,LIS,rv-6
OBS001727,N030,2026-02-23T08:00:00Z,AC-487051,,,LIS,rv-3
OBS001728,N030,2026-02-26T16:00:00Z,AC-923626,,,LIS,rv-4
OBS001729,N030,2026-03-02T08:00:00Z,AC-595878,,,LIS,rv-4
OBS001730,N030,2026-03-05T16:00:00Z,AC-222023,,,LIS,rv-3
OBS001731,N030,2026-03-09T08:00:00Z,AC-330771,,,LIS,rv-6
OBS001732,N030,2026-03-12T16:00:00Z,AC-747429,,,LIS,rv-1
OBS001733,N030,2026-03-16T08:00:00Z,AC-480673,,,LIS,rv-7
OBS001734,N030,2026-03-19T16:00:00Z,AC-613795,,,LIS,rv-5
OBS001735,N030,2026-03-23T08:00:00Z,AC-372430,,,LIS,rv-1
OBS001736,N030,2026-03-26T16:00:00Z,AC-330499,,,LIS,rv-6
OBS001737,N030,2026-03-30T08:00:00Z,AC-569172,,,LIS,rv-1
OBS001738,N030,2026-04-02T16:00:00Z,AC-125720,,,LIS,rv-8
OBS001739,N030,2026-04-06T08:00:00Z,AC-523840,,,LIS,rv-4
OBS001740,N030,2026-04-09T16:00:00Z,AC-522437,,,LIS,rv-1
OBS001741,N030,2026-04-13T08:00:00Z,AC-862445,,,LIS,rv-2
OBS001742,N030,2026-04-16T16:00:00Z,AC-389575,,,LIS,rv-6
OBS001743,N030,2026-04-20T08:00:00Z,AC-418830,,,LIS,rv-8
OBS001744,N030,2026-04-23T16:00:00Z,AC-104190,,,LIS,rv-8
OBS001745,N030,2026-04-27T08:00:00Z,AC-681296,,,LIS,rv-6
OBS001746,N030,2026-04-30T16:00:00Z,AC-122447,,,LIS,rv-6
OBS001747,N030,2026-05-04T08:00:00Z,AC-736452,,,LIS,rv-5
OBS001748,N030,2026-05-07T16:00:00Z,AC-971636,,,LIS,rv-3
OBS001749,N030,2026-05-11T08:00:00Z,AC-320160,,,LIS,rv-3
OBS001750,N030,2026-05-14T16:00:00Z,AC-505358,,,LIS,rv-1
OBS001751,N030,2026-05-18T08:00:00Z,AC-857114,,,LIS,rv-3
OBS001752,N030,2026-05-21T16:00:00Z,AC-160561,,,LIS,rv-4
OBS001753,N030,2026-05-25T08:00:00Z,AC-816012,,,LIS,rv-4
OBS001754,N030,2026-05-28T16:00:00Z,AC-341141,,,LIS,rv-7
OBS001755,N030,2026-06-01T08:00:00Z,AC-279563,,,LIS,rv-4
OBS001756,N030,2026-06-04T16:00:00Z,AC-955896,,,LIS,rv-5
OBS001757,N030,2026-06-08T08:00:00Z,AC-490373,,,LIS,rv-6
OBS001758,N030,2026-06-11T16:00:00Z,AC-338054,,,LIS,rv-6
OBS001759,N030,2026-06-15T08:00:00Z,AC-685666,,,LIS,rv-6
OBS001760,N030,2026-06-18T16:00:00Z,AC-194022,,,LIS,rv-6
OBS001761,N030,2026-06-22T08:00:00Z,AC-906018,,,LIS,rv-5
OBS001762,N030,2026-06-25T16:00:00Z,?8,,,LIS,rv-4
OBS001763,N031,2025-02-01T16:00:00Z,2025-02-01T16:00:00Z,,,LIS,rv-1
OBS001764,N031,2025-02-05T16:00:00Z,2025-02-05T16:00:00Z,,,LIS,rv-8
OBS001765,N031,2025-02-09T16:00:00Z,2025-02-09T16:00:00Z,,,LIS,rv-7
OBS001766,N031,2025-02-13T16:00:00Z,2025-02-13T16:00:00Z,,,LIS,rv-4
OBS001767,N031,2025-02-17T08:00:00Z,2025-02-17T08:00:00Z,,,LIS,rv-7
OBS001768,N031,2025-02-20T16:00:00Z,2025-02-20T16:00:00Z,,,LIS,rv-8
OBS001769,N031,2025-02-24T08:00:00Z,2025-02-24T08:00:00Z,,,LIS,rv-7
OBS001770,N031,2025-02-27T16:00:00Z,2025-02-27T16:00:00Z,,,LIS,rv-6
OBS001771,N031,2025-03-03T08:00:00Z,2025-03-03T08:00:00Z,,,LIS,rv-5
OBS001772,N031,2025-03-06T16:00:00Z,2025-03-06T16:00:00Z,,,LIS,rv-3
OBS001773,N031,2025-03-10T08:00:00Z,2025-03-10T08:00:00Z,,,LIS,rv-3
OBS001774,N031,2025-03-13T16:00:00Z,2025-03-13T16:00:00Z,,,LIS,rv-7
OBS001775,N031,2025-03-17T08:00:00Z,2025-03-17T08:00:00Z,,,LIS,rv-3
OBS001776,N031,2025-03-20T16:00:00Z,2025-03-20T16:00:00Z,,,LIS,rv-2
OBS001777,N031,2025-03-24T08:00:00Z,2025-03-24T08:00:00Z,,,LIS,rv-4
OBS001778,N031,2025-03-27T16:00:00Z,2025-03-27T16:00:00Z,,,LIS,rv-1
OBS001779,N031,2025-03-31T08:00:00Z,2025-03-31T08:00:00Z,,,LIS,rv-2
OBS001780,N031,2025-04-03T16:00:00Z,2025-04-03T16:00:00Z,,,LIS,rv-8
OBS001781,N031,2025-04-07T08:00:00Z,2025-04-07T08:00:00Z,,,LIS,rv-2
OBS001782,N031,2025-04-10T16:00:00Z,2025-04-10T16:00:00Z,,,LIS,rv-8
OBS001783,N031,2025-04-14T08:00:00Z,##,,,LIS,rv-4
OBS001784,N031,2025-04-17T16:00:00Z,2025-04-17T16:00:00Z,,,LIS,rv-2
OBS001785,N031,2025-04-21T08:00:00Z,2025-04-21T08:00:00Z,,,LIS,rv-8
OBS001786,N031,2025-04-24T16:00:00Z,2025-04-24T16:00:00Z,,,LIS,rv-6
OBS001787,N031,2025-04-28T08:00:00Z,2025-04-28T08:00:00Z,,,LIS,rv-6
OBS001788,N031,2025-05-01T16:00:00Z,2025-05-01T16:00:00Z,,,LIS,rv-3
OBS001789,N031,2025-05-05T08:00:00Z,2025-05-05T08:00:00Z,,,LIS,rv-6
OBS001790,N031,2025-05-08T16:00:00Z,2025-05-08T16:00:00Z,,,LIS,rv-5
OBS001791,N031,2025-05-12T08:00:00Z,2025-05-12T08:00:00Z,,,LIS,rv-5
OBS001792,N031,2025-05-15T16:00:00Z,2025-05-15T16:00:00Z,,,LIS,rv-8
OBS001793,N031,2025-05-19T08:00:00Z,2025-05-19T08:00:00Z,,,LIS,rv-4
OBS001794,N031,2025-05-22T16:00:00Z,2025-05-22T16:00:00Z,,,LIS,rv-4
OBS001795,N031,2025-05-26T08:00:00Z,2025-05-26T08:00:00Z,,,LIS,rv-1
OBS001796,N031,2025-05-29T16:00:00Z,2025-05-29T16:00:00Z,,,LIS,rv-1
OBS001797,N031,2025-06-02T08:00:00Z,2025-06-02T08:00:00Z,,,LIS,rv-3
OBS001798,N031,2025-06-05T16:00:00Z,2025-06-05T16:00:00Z,,,LIS,rv-5
OBS001799,N031,2025-06-09T08:00:00Z,2025-06-09T08:00:00Z,,,LIS,rv-1
OBS001800,N031,2025-06-12T16:00:00Z,2025-06-12T16:00:00Z,,,LIS,rv-5
OBS001801,N031,2025-06-16T08:00:00Z,2025-06-16T08:00:00Z,,,LIS,rv-4
OBS001802,N031,2025-06-19T16:00:00Z,2025-06-19T16:00:00Z,,,LIS,rv-8
OBS001803,N031,2025-06-23T08:00:00Z,2025-06-23T08:00:00Z,,,LIS,rv-1
OBS001804,N031,2025-06-26T16:00:00Z,2025-06-26T16:00:00Z,,,LIS,rv-5
OBS001805,N031,2025-06-30T08:00:00Z,2025-06-30T08:00:00Z,,,LIS,rv-5
OBS001806,N031,2025-07-03T16:00:00Z,2025-07-03T16:00:00Z,,,LIS,rv-8
OBS001807,N031,2025-07-07T08:00:00Z,2025-07-07T08:00:00Z,,,LIS,rv-3
OBS001808,N031,2025-07-10T16:00:00Z,2025-07-10T16:00:00Z,,,LIS,rv-3
OBS001809,N031,2025-07-14T08:00:00Z,2025-07-14T08:00:00Z,,,LIS,rv-6
OBS001810,N031,2025-07-17T16:00:00Z,2025-07-17T16:00:00Z,,,LIS,rv-8
OBS001811,N031,2025-07-21T08:00:00Z,2025-07-21T08:00:00Z,,,LIS,rv-8
OBS001812,N031,2025-07-24T16:00:00Z,2025-07-24T16:00:00Z,,,LIS,rv-7
OBS001813,N031,2025-07-28T08:00:00Z,2025-07-28T08:00:00Z,,,LIS,rv-2
OBS001814,N031,2025-07-31T16:00:00Z,2025-07-31T16:00:00Z,,,LIS,rv-1
OBS001815,N031,2025-08-04T08:00:00Z,2025-08-04T08:00:00Z,,,LIS,rv-3
OBS001816,N031,2025-08-07T16:00:00Z,2025-08-07T16:00:00Z,,,LIS,rv-2
OBS001817,N031,2025-08-11T08:00:00Z,2025-08-11T08:00:00Z,,,LIS,rv-8
OBS001818,N031,2025-08-14T16:00:00Z,2025-08-14T16:00:00Z,,,LIS,rv-5
OBS001819,N031,2025-08-18T08:00:00Z,2025-08-18T08:00:00Z,,,LIS,rv-1
OBS001820,N031,2025-08-21T16:00:00Z,2025-08-21T16:00:00Z,,,LIS,rv-1
OBS001821,N031,2025-08-25T08:00:00Z,2025-08-25T08:00:00Z,,,LIS,rv-8
OBS001822,N031,2025-08-28T16:00:00Z,2025-08-28T16:00:00Z,,,LIS,rv-1
OBS001823,N031,2025-09-01T08:00:00Z,2025-09-01T08:00:00Z,,,LIS,rv-1
OBS001824,N031,2025-09-04T16:00:00Z,2025-09-04T16:00:00Z,,,LIS,rv-1
OBS001825,N031,2025-09-08T08:00:00Z,2025-09-08T08:00:00Z,,,LIS,rv-3
OBS001826,N031,2025-09-11T16:00:00Z,2025-09-11T16:00:00Z,,,LIS,rv-3
OBS001827,N031,2025-09-15T08:00:00Z,2025-09-15T08:00:00Z,,,LIS,rv-5
OBS001828,N031,2025-09-18T16:00:00Z,2025-09-18T16:00:00Z,,,LIS,rv-2
OBS001829,N031,2025-09-22T08:00:00Z,2025-09-22T08:00:00Z,,,LIS,rv-7
OBS001830,N031,2025-09-25T16:00:00Z,2025-09-25T16:00:00Z,,,LIS,rv-7
OBS001831,N031,2025-09-29T08:00:00Z,2025-09-29T08:00:00Z,,,LIS,rv-4
OBS001832,N031,2025-10-02T16:00:00Z,2025-10-02T16:00:00Z,,,LIS,rv-7
OBS001833,N031,2025-10-06T08:00:00Z,2025-10-06T08:00:00Z,,,LIS,rv-7
OBS001834,N031,2025-10-09T16:00:00Z,2025-10-09T16:00:00Z,,,LIS,rv-2
OBS001835,N031,2025-10-13T08:00:00Z,2025-10-13T08:00:00Z,,,LIS,rv-2
OBS001836,N031,2025-10-16T16:00:00Z,2025-10-16T16:00:00Z,,,LIS,rv-5
OBS001837,N031,2025-10-20T08:00:00Z,2025-10-20T08:00:00Z,,,LIS,rv-3
OBS001838,N031,2025-10-23T16:00:00Z,2025-10-23T16:00:00Z,,,LIS,rv-6
OBS001839,N031,2025-10-27T08:00:00Z,2025-10-27T08:00:00Z,,,LIS,rv-8
OBS001840,N031,2025-10-30T16:00:00Z,2025-10-30T16:00:00Z,,,LIS,rv-5
OBS001841,N031,2025-11-03T08:00:00Z,2025-11-03T08:00:00Z,,,LIS,rv-1
OBS001842,N031,2025-11-06T16:00:00Z,2025-11-06T16:00:00Z,,,LIS,rv-1
OBS001843,N031,2025-11-10T08:00:00Z,2025-11-10T08:00:00Z,,,LIS,rv-3
OBS001844,N031,2025-11-13T16:00:00Z,2025-11-13T16:00:00Z,,,LIS,rv-6
OBS001845,N031,2025-11-17T08:00:00Z,2025-11-17T08:00:00Z,,,LIS,rv-8
OBS001846,N031,2025-11-20T16:00:00Z,2025-11-20T16:00:00Z,,,LIS,rv-6
OBS001847,N031,2025-11-24T08:00:00Z,2025-11-24T08:00:00Z,,,LIS,rv-6
OBS001848,N031,2025-11-27T16:00:00Z,2025-11-27T16:00:00Z,,,LIS,rv-4
OBS001849,N031,2025-12-01T08:00:00Z,2025-12-01T08:00:00Z,,,LIS,rv-7
OBS001850,N031,2025-12-04T16:00:00Z,2025-12-04T16:00:00Z,,,LIS,rv-5
OBS001851,N031,2025-12-08T08:00:00Z,2025-12-08T08:00:00Z,,,LIS,rv-2
OBS001852,N031,2025-12-11T16:00:00Z,2025-12-11T16:00:00Z,,,LIS,rv-4
OBS001853,N031,2025-12-15T08:00:00Z,2025-12-15T08:00:00Z,,,LIS,rv-7
OBS001854,N031,2025-12-18T16:00:00Z,2025-12-18T16:00:00Z,,,LIS,rv-4
OBS001855,N031,2025-12-22T08:00:00Z,2025-12-22T08:00:00Z,,,LIS,rv-6
OBS001856,N031,2025-12-25T16:00:00Z,2025-12-25T16:00:00Z,,,LIS,rv-5
OBS001857,N031,2025-12-29T08:00:00Z,2025-12-29T08:00:00Z,,,LIS,rv-4
OBS001858,N031,2026-01-01T16:00:00Z,2026-01-01T16:00:00Z,,,LIS,rv-6
OBS001859,N031,2026-01-05T08:00:00Z,2026-01-05T08:00:00Z,,,LIS,rv-6
OBS001860,N031,2026-01-08T16:00:00Z,2026-01-08T16:00:00Z,,,LIS,rv-5
OBS001861,N031,2026-01-12T08:00:00Z,2026-01-12T08:00:00Z,,,LIS,rv-4
OBS001862,N031,2026-01-15T16:00:00Z,2026-01-15T16:00:00Z,,,LIS,rv-6
OBS001863,N031,2026-01-19T08:00:00Z,2026-01-19T08:00:00Z,,,LIS,rv-4
OBS001864,N031,2026-01-22T16:00:00Z,2026-01-22T16:00:00Z,,,LIS,rv-2
OBS001865,N031,2026-01-26T08:00:00Z,2026-01-26T08:00:00Z,,,LIS,rv-8
OBS001866,N031,2026-01-29T16:00:00Z,2026-01-29T16:00:00Z,,,LIS,rv-7
OBS001867,N031,2026-02-02T08:00:00Z,2026-02-02T08:00:00Z,,,LIS,rv-6
OBS001868,N031,2026-02-05T16:00:00Z,2026-02-05T16:00:00Z,,,LIS,rv-4
OBS001869,N031,2026-02-09T08:00:00Z,2026-02-09T08:00:00Z,,,LIS,rv-1
OBS001870,N031,2026-02-12T16:00:00Z,2026-02-12T16:00:00Z,,,LIS,rv-5
OBS001871,N031,2026-02-16T08:00:00Z,2026-02-16T08:00:00Z,,,LIS,rv-5
OBS001872,N031,2026-02-19T16:00:00Z,2026-02-19T16:00:00Z,,,LIS,rv-2
OBS001873,N031,2026-02-23T08:00:00Z,2026-02-23T08:00:00Z,,,LIS,rv-1
OBS001874,N031,2026-02-26T16:00:00Z,2026-02-26T16:00:00Z,,,LIS,rv-2
OBS001875,N031,2026-03-02T08:00:00Z,2026-03-02T08:00:00Z,,,LIS,rv-6
OBS001876,N031,2026-03-05T16:00:00Z,2026-03-05T16:00:00Z,,,LIS,rv-5
OBS001877,N031,2026-03-09T08:00:00Z,2026-03-09T08:00:00Z,,,LIS,rv-2
OBS001878,N031,2026-03-12T16:00:00Z,2026-03-12T16:00:00Z,,,LIS,rv-2
OBS001879,N031,2026-03-16T08:00:00Z,2026-03-16T08:00:00Z,,,LIS,rv-7
OBS001880,N031,2026-03-19T16:00:00Z,2026-03-19T16:00:00Z,,,LIS,rv-1
OBS001881,N031,2026-03-23T08:00:00Z,2026-03-23T08:00:00Z,,,LIS,rv-1
OBS001882,N031,2026-03-26T16:00:00Z,2026-03-26T16:00:00Z,,,LIS,rv-2
OBS001883,N031,2026-03-30T08:00:00Z,2026-03-30T08:00:00Z,,,LIS,rv-8
OBS001884,N031,2026-04-02T16:00:00Z,2026-04-02T16:00:00Z,,,LIS,rv-4
OBS001885,N031,2026-04-06T08:00:00Z,2026-04-06T08:00:00Z,,,LIS,rv-6
OBS001886,N031,2026-04-09T16:00:00Z,2026-04-09T16:00:00Z,,,LIS,rv-7
OBS001887,N031,2026-04-13T08:00:00Z,2026-04-13T08:00:00Z,,,LIS,rv-4
OBS001888,N031,2026-04-16T16:00:00Z,2026-04-16T16:00:00Z,,,LIS,rv-5
OBS001889,N031,2026-04-20T08:00:00Z,2026-04-20T08:00:00Z,,,LIS,rv-8
OBS001890,N031,2026-04-23T16:00:00Z,2026-04-23T16:00:00Z,,,LIS,rv-1
OBS001891,N031,2026-04-27T08:00:00Z,2026-04-27T08:00:00Z,,,LIS,rv-4
OBS001892,N031,2026-04-30T16:00:00Z,2026-04-30T16:00:00Z,,,LIS,rv-1
OBS001893,N031,2026-05-04T08:00:00Z,2026-05-04T08:00:00Z,,,LIS,rv-2
OBS001894,N031,2026-05-07T16:00:00Z,2026-05-07T16:00:00Z,,,LIS,rv-8
OBS001895,N031,2026-05-11T08:00:00Z,2026-05-11T08:00:00Z,,,LIS,rv-1
OBS001896,N031,2026-05-14T16:00:00Z,2026-05-14T16:00:00Z,,,LIS,rv-6
OBS001897,N031,2026-05-18T08:00:00Z,2026-05-18T08:00:00Z,,,LIS,rv-4
OBS001898,N031,2026-05-21T16:00:00Z,2026-05-21T16:00:00Z,,,LIS,rv-7
OBS001899,N031,2026-05-25T08:00:00Z,2026-05-25T08:00:00Z,,,LIS,rv-5
OBS001900,N031,2026-05-28T16:00:00Z,2026-05-28T16:00:00Z,,,LIS,rv-5
OBS001901,N031,2026-06-01T08:00:00Z,2026-06-01T08:00:00Z,,,LIS,rv-7
OBS001902,N031,2026-06-04T16:00:00Z,2026-06-04T16:00:00Z,,,LIS,rv-4
OBS001903,N031,2026-06-08T08:00:00Z,2026-06-08T08:00:00Z,,,LIS,rv-7
OBS001904,N031,2026-06-11T16:00:00Z,2026-06-11T16:00:00Z,,,LIS,rv-2
OBS001905,N031,2026-06-15T08:00:00Z,2026-06-15T08:00:00Z,,,LIS,rv-7
OBS001906,N031,2026-06-18T16:00:00Z,2026-06-18T16:00:00Z,,,LIS,rv-5
OBS001907,N031,2026-06-22T08:00:00Z,2026-06-22T08:00:00Z,,,LIS,rv-8
OBS001908,N031,2026-06-25T16:00:00Z,2026-06-25T16:00:00Z,,,LIS,rv-2
OBS001909,N032,2025-06-01T16:00:00Z,2025-06-01T16:00:00Z,,,REPORT,rv-4
OBS001910,N032,2025-06-05T16:00:00Z,2025-06-05T16:00:00Z,,,REPORT,rv-5
OBS001911,N032,2025-06-09T08:00:00Z,2025-06-09T08:00:00Z,,,REPORT,rv-6
OBS001912,N032,2025-06-12T16:00:00Z,2025-06-12T16:00:00Z,,,REPORT,rv-7
OBS001913,N032,2025-06-16T08:00:00Z,2025-06-16T08:00:00Z,,,REPORT,rv-2
OBS001914,N032,2025-06-19T16:00:00Z,2025-06-19T16:00:00Z,,,REPORT,rv-1
OBS001915,N032,2025-06-23T08:00:00Z,2025-06-23T08:00:00Z,,,REPORT,rv-8
OBS001916,N032,2025-06-26T16:00:00Z,2025-06-26T16:00:00Z,,,REPORT,rv-1
OBS001917,N032,2025-06-30T08:00:00Z,2025-06-30T08:00:00Z,,,REPORT,rv-5
OBS001918,N032,2025-07-03T16:00:00Z,2025-07-03T16:00:00Z,,,REPORT,rv-4
OBS001919,N032,2025-07-07T08:00:00Z,2025-07-07T08:00:00Z,,,REPORT,rv-7
OBS001920,N032,2025-07-10T16:00:00Z,2025-07-10T16:00:00Z,,,REPORT,rv-7
OBS001921,N032,2025-07-14T08:00:00Z,2025-07-14T08:00:00Z,,,REPORT,rv-6
OBS001922,N032,2025-07-17T16:00:00Z,2025-07-17T16:00:00Z,,,REPORT,rv-5
OBS001923,N032,2025-07-21T08:00:00Z,2025-07-21T08:00:00Z,,,REPORT,rv-7
OBS001924,N032,2025-07-24T16:00:00Z,2025-07-24T16:00:00Z,,,REPORT,rv-6
OBS001925,N032,2025-07-28T08:00:00Z,2025-07-28T08:00:00Z,,,REPORT,rv-3
OBS001926,N032,2025-07-31T16:00:00Z,2025-07-31T16:00:00Z,,,REPORT,rv-5
OBS001927,N032,2025-08-04T08:00:00Z,2025-08-04T08:00:00Z,,,REPORT,rv-5
OBS001928,N032,2025-08-07T16:00:00Z,2025-08-07T16:00:00Z,,,REPORT,rv-2
OBS001929,N032,2025-08-11T08:00:00Z,2025-08-11T08:00:00Z,,,REPORT,rv-1
OBS001930,N032,2025-08-14T16:00:00Z,2025-08-14T16:00:00Z,,,REPORT,rv-3
OBS001931,N032,2025-08-18T08:00:00Z,2025-08-18T08:00:00Z,,,REPORT,rv-5
OBS001932,N032,2025-08-21T16:00:00Z,2025-08-21T16:00:00Z,,,REPORT,rv-3
OBS001933,N032,2025-08-25T08:00:00Z,2025-08-25T08:00:00Z,,,REPORT,rv-8
OBS001934,N032,2025-08-28T16:00:00Z,2025-08-28T16:00:00Z,,,REPORT,rv-2
OBS001935,N032,2025-09-01T08:00:00Z,2025-09-01T08:00:00Z,,,REPORT,rv-1
OBS001936,N032,2025-09-04T16:00:00Z,2025-09-04T16:00:00Z,,,REPORT,rv-5
OBS001937,N032,2025-09-08T08:00:00Z,2025-09-08T08:00:00Z,,,REPORT,rv-6
OBS001938,N032,2025-09-11T16:00:00Z,2025-09-11T16:00:00Z,,,REPORT,rv-3
OBS001939,N032,2025-09-15T08:00:00Z,2025-09-15T08:00:00Z,,,REPORT,rv-2
OBS001940,N032,2025-09-18T16:00:00Z,2025-09-18T16:00:00Z,,,REPORT,rv-7
OBS001941,N032,2025-09-22T08:00:00Z,2025-09-22T08:00:00Z,,,REPORT,rv-1
OBS001942,N032,2025-09-25T16:00:00Z,,,,REPORT,rv-7
OBS001943,N032,2025-09-29T08:00:00Z,,,,REPORT,rv-8
OBS001944,N032,2025-10-02T16:00:00Z,,,,REPORT,rv-2
OBS001945,N032,2025-10-06T08:00:00Z,2025-10-06T08:00:00Z,,,REPORT,rv-8
OBS001946,N032,2025-10-09T16:00:00Z,2025-10-09T16:00:00Z,,,REPORT,rv-5
OBS001947,N032,2025-10-13T08:00:00Z,2025-10-13T08:00:00Z,,,REPORT,rv-2
OBS001948,N032,2025-10-16T16:00:00Z,2025-10-16T16:00:00Z,,,REPORT,rv-1
OBS001949,N032,2025-10-20T08:00:00Z,2025-10-20T08:00:00Z,,,REPORT,rv-5
OBS001950,N032,2025-10-23T16:00:00Z,2025-10-23T16:00:00Z,,,REPORT,rv-7
OBS001951,N032,2025-10-27T08:00:00Z,2025-10-27T08:00:00Z,,,REPORT,rv-2
OBS001952,N032,2025-10-30T16:00:00Z,2025-10-30T16:00:00Z,,,REPORT,rv-8
OBS001953,N032,2025-11-03T08:00:00Z,2025-11-03T08:00:00Z,,,REPORT,rv-6
OBS001954,N032,2025-11-06T16:00:00Z,2025-11-06T16:00:00Z,,,REPORT,rv-1
OBS001955,N032,2025-11-10T08:00:00Z,,,,REPORT,rv-6
OBS001956,N032,2025-11-13T16:00:00Z,,,,REPORT,rv-1
OBS001957,N032,2025-11-17T08:00:00Z,2025-11-17T08:00:00Z,,,REPORT,rv-3
OBS001958,N032,2025-11-20T16:00:00Z,2025-11-20T16:00:00Z,,,REPORT,rv-2
OBS001959,N032,2025-11-24T08:00:00Z,2025-11-24T08:00:00Z,,,REPORT,rv-3
OBS001960,N032,2025-11-27T16:00:00Z,2025-11-27T16:00:00Z,,,REPORT,rv-3
OBS001961,N032,2025-12-01T08:00:00Z,2025-12-01T08:00:00Z,,,REPORT,rv-4
OBS001962,N032,2025-12-04T16:00:00Z,2025-12-04T16:00:00Z,,,REPORT,rv-3
OBS001963,N032,2025-12-08T08:00:00Z,2025-12-08T08:00:00Z,,,REPORT,rv-4
OBS001964,N032,2025-12-11T16:00:00Z,2025-12-11T16:00:00Z,,,REPORT,rv-3
OBS001965,N032,2025-12-15T08:00:00Z,2025-12-15T08:00:00Z,,,REPORT,rv-8
OBS001966,N032,2025-12-18T16:00:00Z,,,,REPORT,rv-7
OBS001967,N032,2025-12-22T08:00:00Z,,,,REPORT,rv-8
OBS001968,N032,2025-12-25T16:00:00Z,,,,REPORT,rv-1
OBS001969,N032,2025-12-29T08:00:00Z,2025-12-29T08:00:00Z,,,REPORT,rv-1
OBS001970,N032,2026-01-01T16:00:00Z,2026-01-01T16:00:00Z,,,REPORT,rv-4
OBS001971,N032,2026-01-05T08:00:00Z,2026-01-05T08:00:00Z,,,REPORT,rv-1
OBS001972,N032,2026-01-08T16:00:00Z,2026-01-08T16:00:00Z,,,REPORT,rv-8
OBS001973,N032,2026-01-12T08:00:00Z,2026-01-12T08:00:00Z,,,REPORT,rv-2
OBS001974,N032,2026-01-15T16:00:00Z,2026-01-15T16:00:00Z,,,REPORT,rv-1
OBS001975,N032,2026-01-19T08:00:00Z,2026-01-19T08:00:00Z,,,REPORT,rv-7
OBS001976,N032,2026-01-22T16:00:00Z,2026-01-22T16:00:00Z,,,REPORT,rv-5
OBS001977,N032,2026-01-26T08:00:00Z,,,,REPORT,rv-6
OBS001978,N032,2026-01-29T16:00:00Z,,,,REPORT,rv-6
OBS001979,N032,2026-02-02T08:00:00Z,,,,REPORT,rv-6
OBS001980,N032,2026-02-05T16:00:00Z,"9,9",,,REPORT,rv-5
OBS001981,N032,2026-02-09T08:00:00Z,2026-02-09T08:00:00Z,,,REPORT,rv-3
OBS001982,N032,2026-02-12T16:00:00Z,2026-02-12T16:00:00Z,,,REPORT,rv-1
OBS001983,N032,2026-02-16T08:00:00Z,2026-02-16T08:00:00Z,,,REPORT,rv-7
OBS001984,N032,2026-02-19T16:00:00Z,2026-02-19T16:00:00Z,,,REPORT,rv-5
OBS001985,N032,2026-02-23T08:00:00Z,2026-02-23T08:00:00Z,,,REPORT,rv-3
OBS001986,N032,2026-02-26T16:00:00Z,2026-02-26T16:00:00Z,,,REPORT,rv-4
OBS001987,N032,2026-03-02T08:00:00Z,2026-03-02T08:00:00Z,,,REPORT,rv-6
OBS001988,N032,2026-03-05T16:00:00Z,2026-03-05T16:00:00Z,,,REPORT,rv-8
OBS001989,N032,2026-03-09T08:00:00Z,,,,REPORT,rv-1
OBS001990,N032,2026-03-12T16:00:00Z,,,,REPORT,rv-8
OBS001991,N032,2026-03-16T08:00:00Z,,,,REPORT,rv-4
OBS001992,N032,2026-03-19T16:00:00Z,2026-03-19T16:00:00Z,,,REPORT,rv-7
OBS001993,N032,2026-03-23T08:00:00Z,2026-03-23T08:00:00Z,,,REPORT,rv-3
OBS001994,N032,2026-03-26T16:00:00Z,2026-03-26T16:00:00Z,,,REPORT,rv-3
OBS001995,N032,2026-03-30T08:00:00Z,2026-03-30T08:00:00Z,,,REPORT,rv-7
OBS001996,N032,2026-04-02T16:00:00Z,2026-04-02T16:00:00Z,,,REPORT,rv-7
OBS001997,N032,2026-04-06T08:00:00Z,2026-04-06T08:00:00Z,,,REPORT,rv-7
OBS001998,N032,2026-04-09T16:00:00Z,2026-04-09T16:00:00Z,,,REPORT,rv-6
OBS001999,N032,2026-04-13T08:00:00Z,2026-04-13T08:00:00Z,,,REPORT,rv-5
OBS002000,N032,2026-04-16T16:00:00Z,2026-04-16T16:00:00Z,,,REPORT,rv-6
OBS002001,N032,2026-04-20T08:00:00Z,,,,REPORT,rv-7
OBS002002,N032,2026-04-23T16:00:00Z,,,,REPORT,rv-3
OBS002003,N032,2026-04-27T08:00:00Z,,,,REPORT,rv-4
OBS002004,N032,2026-04-30T16:00:00Z,2026-04-30T16:00:00Z,,,REPORT,rv-5
OBS002005,N032,2026-05-04T08:00:00Z,2026-05-04T08:00:00Z,,,REPORT,rv-5
OBS002006,N032,2026-05-07T16:00:00Z,2026-05-07T16:00:00Z,,,REPORT,rv-8
OBS002007,N032,2026-05-11T08:00:00Z,2026-05-11T08:00:00Z,,,REPORT,rv-5
OBS002008,N032,2026-05-14T16:00:00Z,2026-05-14T16:00:00Z,,,REPORT,rv-2
OBS002009,N032,2026-05-18T08:00:00Z,2026-05-18T08:00:00Z,,,REPORT,rv-3
OBS002010,N032,2026-05-21T16:00:00Z,2026-05-21T16:00:00Z,,,REPORT,rv-3
OBS002011,N032,2026-05-25T08:00:00Z,2026-05-25T08:00:00Z,,,REPORT,rv-1
OBS002012,N032,2026-05-28T16:00:00Z,2026-05-28T16:00:00Z,,,REPORT,rv-7
OBS002013,N032,2026-06-01T08:00:00Z,2026-06-01T08:00:00Z,,,REPORT,rv-2
OBS002014,N032,2026-06-04T16:00:00Z,2026-06-04T16:00:00Z,,,REPORT,rv-3
OBS002015,N032,2026-06-08T08:00:00Z,2026-06-08T08:00:00Z,,,REPORT,rv-1
OBS002016,N032,2026-06-11T16:00:00Z,2026-06-11T16:00:00Z,,,REPORT,rv-8
OBS002017,N032,2026-06-15T08:00:00Z,##,,,REPORT,rv-2
OBS002018,N032,2026-06-18T16:00:00Z,2026-06-18T16:00:00Z,,,REPORT,rv-7
OBS002019,N032,2026-06-22T08:00:00Z,2026-06-22T08:00:00Z,,,REPORT,rv-7
OBS002020,N032,2026-06-25T16:00:00Z,2026-06-25T16:00:00Z,,,REPORT,rv-4
